trade_date,close
20161230,3310.0808
20161229,3297.7648
20161228,3301.8887
20161227,3316.3852
20161226,3322.4006
20161223,3307.5991
20161222,3335.672
20161221,3338.536
20161220,3309.0641
20161219,3328.9827
20161216,3346.0305
20161215,3340.4338
20161214,3378.9453
20161213,3405.0355
20161212,3409.1794
20161209,3493.7004
20161208,3470.1426
20161207,3475.7473
20161206,3459.1533
20161205,3469.4073
20161202,3528.9547
20161201,3565.036
20161130,3538.001
20161129,3564.0404
20161128,3535.0807
20161125,3521.2984
20161124,3488.7402
20161123,3474.7289
20161122,3468.3637
20161121,3441.1106
20161118,3417.4554
20161117,3436.535
20161116,3429.5921
20161115,3429.8697
20161114,3430.2482
20161111,3417.2211
20161110,3390.6119
20161109,3353.0547
20161108,3371.1177
20161107,3356.5916
20161104,3354.1749
20161103,3365.085
20161102,3333.3524
20161101,3359.0515
20161031,3336.2778
20161028,3340.1262
20161027,3345.695
20161026,3354.8003
20161025,3367.4547
20161024,3367.5778
20161021,3327.74
20161020,3318.6044
20161019,3316.2407
20161018,3321.3324
20161017,3277.8787
20161014,3305.8481
20161013,3302.6455
20161012,3300.0099
20161011,3306.5573
20161010,3293.8689
20160930,3253.2848
20160929,3244.3874
20160928,3230.8904
20160927,3240.7546
20160926,3220.2838
20160923,3275.6665
20160922,3291.1211
20160921,3266.6363
20160920,3257.4034
20160919,3263.1242
20160914,3238.7299
20160913,3260.333
20160912,3262.6043
20160909,3318.044
20160908,3339.564
20160907,3340.8172
20160906,3342.6259
20160905,3319.6803
20160902,3314.1142
20160901,3301.5767
20160831,3327.7938
20160830,3311.9872
20160829,3307.7812
20160826,3307.0902
20160825,3308.9721
20160824,3329.8631
20160823,3341.8298
20160822,3336.7949
20160819,3365.0197
20160818,3364.4851
20160817,3373.0476
20160816,3378.2451
20160815,3393.4239
20160812,3294.2337
20160811,3233.3604
20160810,3243.3409
20160809,3256.9813
20160808,3234.1833
20160805,3205.1101
20160804,3201.2888
20160803,3193.5073
20160802,3189.0529
20160801,3176.8091
20160729,3203.9304
20160728,3221.1365
20160727,3218.243
20160726,3269.5882
20160725,3230.885
20160722,3225.1621
20160721,3252.5227
20160720,3237.6051
20160719,3248.2341
20160718,3262.0222
20160715,3276.2775
20160714,3276.7637
20160713,3282.8681
20160712,3273.1823
20160711,3203.3298
20160708,3192.2804
20160707,3209.9542
20160706,3216.8035
20160705,3207.3827
20160704,3204.6962
20160701,3154.2003
20160630,3153.921
20160629,3151.3898
20160628,3136.4013
20160627,3120.5443
20160624,3077.1554
20160623,3117.3168
20160622,3133.9611
20160621,3106.3175
20160620,3112.6744
20160617,3110.3572
20160616,3094.6748
20160615,3116.3682
20160614,3075.9834
20160613,3066.3413
20160608,3163.9864
20160607,3177.0536
20160606,3178.7883
20160603,3189.3255
20160602,3167.0997
20160601,3160.547
20160531,3169.5598
20160530,3066.7095
20160527,3062.4993
20160526,3064.2111
20160525,3059.2259
20160524,3063.5556
20160523,3087.2225
20160520,3078.2183
20160519,3062.5002
20160518,3068.0358
20160517,3086.0249
20160516,3095.3085
20160513,3074.9351
20160512,3090.1372
20160511,3082.8086
20160510,3069.1124
20160509,3065.6154
20160506,3130.3544
20160505,3213.9199
20160504,3209.4614
20160503,3213.5397
20160429,3156.7451
20160428,3160.5809
20160427,3165.9156
20160426,3179.1605
20160425,3162.0331
20160422,3174.9012
20160421,3160.6033
20160420,3181.0264
20160419,3238.3029
20160418,3228.4531
20160415,3272.2053
20160414,3275.8321
20160413,3261.3831
20160412,3218.4497
20160411,3230.0957
20160408,3185.7258
20160407,3209.2902
20160406,3257.5276
20160405,3264.4858
20160401,3221.8948
20160331,3218.0879
20160330,3216.2753
20160329,3135.4098
20160328,3169.7283
20160325,3197.8169
20160324,3181.8507
20160323,3236.0924
20160322,3225.7903
20160321,3249.4372
20160318,3171.963
20160317,3124.2039
20160316,3090.0328
20160315,3074.7796
20160314,3065.6904
20160311,3018.2844
20160310,3013.1457
20160309,3071.907
20160308,3107.6727
20160307,3104.8397
20160304,3093.8895
20160303,3058.4219
20160302,3051.3327
20160301,2930.6937
20160229,2877.4666
20160226,2948.0306
20160225,2918.7501
20160224,3109.5454
20160223,3089.3632
20160222,3118.8675
20160219,3051.585
20160218,3053.6985
20160217,3063.3199
20160216,3037.0353
20160215,2946.7066
20160205,2963.7894
20160204,2984.7598
20160203,2948.6386
20160202,2961.3337
20160201,2901.0477
20160129,2946.0902
20160128,2853.7562
20160127,2930.3519
20160126,2940.5085
20160125,3128.886
20160122,3113.4626
20160121,3081.3454
20160120,3174.3781
20160119,3223.1251
20160118,3130.7289
20160115,3118.7301
20160114,3221.5714
20160113,3155.8787
20160112,3215.7099
20160111,3192.4499
20160108,3361.5632
20160107,3294.3839
20160106,3539.8082
20160105,3478.7797
20160104,3469.0662
20171229,4030.8549
20171228,4018.8974
20171227,3991.2075
20171226,4053.6224
20171225,4041.5401
20171222,4054.5984
20171221,4067.8485
20171220,4030.4898
20171219,4035.3294
20171218,3985.2914
20171215,3980.8558
20171214,4026.1516
20171213,4050.0927
20171212,4016.0163
20171211,4069.4997
20171208,4003.3792
20171207,3971.0569
20171206,4015.8211
20171205,4040.1704
20171204,4018.8571
20171201,3998.1365
20171130,4006.0993
20171129,4053.7529
20171128,4055.8235
20171127,4049.9475
20171124,4104.2034
20171123,4102.3966
20171122,4227.5666
20171121,4217.7015
20171120,4143.8334
20171117,4120.8508
20171116,4105.0122
20171115,4073.6696
20171114,4099.351
20171113,4128.0733
20171110,4111.9112
20171109,4075.8998
20171108,4048.0057
20171107,4054.2465
20171106,4020.8896
20171103,3992.6979
20171102,3997.1343
20171101,3996.6221
20171031,4006.7179
20171030,4009.7218
20171027,4021.9676
20171026,3993.5752
20171025,3976.949
20171024,3959.3953
20171023,3930.7981
20171020,3926.852
20171019,3931.2495
20171018,3944.1626
20171017,3913.0688
20171016,3913.4462
20171013,3921.0017
20171012,3912.9536
20171011,3902.6868
20171010,3889.8637
20171009,3882.2076
20170929,3836.5013
20170928,3822.5386
20170927,3821.2
20170926,3820.7816
20170925,3817.7915
20170922,3837.7304
20170921,3837.8176
20170920,3842.4353
20170919,3832.1161
20170918,3843.1428
20170915,3831.2965
20170914,3829.9554
20170913,3842.6061
20170912,3837.9341
20170911,3825.6453
20170908,3825.9895
20170907,3829.8713
20170906,3849.4499
20170905,3857.0464
20170904,3845.6163
20170901,3830.5383
20170831,3822.0928
20170830,3834.3005
20170829,3834.5376
20170828,3842.7119
20170825,3795.7544
20170824,3734.6458
20170823,3756.0884
20170822,3752.298
20170821,3740.9941
20170818,3724.6748
20170817,3721.277
20170816,3701.4207
20170815,3706.0566
20170814,3694.6831
20170811,3647.3503
20170810,3715.9208
20170809,3731.044
20170808,3732.2129
20170807,3726.7948
20170804,3707.5796
20170803,3727.8264
20170802,3760.8525
20170801,3770.3828
20170731,3737.8732
20170728,3721.8914
20170727,3712.1947
20170726,3705.3884
20170725,3719.559
20170724,3743.4686
20170721,3728.5976
20170720,3747.8843
20170719,3729.7466
20170718,3667.1807
20170717,3663.5575
20170714,3703.094
20170713,3686.9205
20170712,3658.8236
20170711,3670.8086
20170710,3653.6868
20170707,3655.9293
20170706,3660.0967
20170705,3659.6795
20170704,3619.9841
20170703,3650.8463
20170630,3666.7977
20170629,3668.8279
20170628,3646.1666
20170627,3674.7152
20170626,3668.0919
20170623,3622.8831
20170622,3590.3425
20170621,3587.955
20170620,3546.494
20170619,3553.6653
20170616,3518.7611
20170615,3528.7926
20170614,3535.2987
20170613,3582.2674
20170612,3574.3894
20170609,3576.1703
20170608,3560.9786
20170607,3533.8718
20170606,3492.8816
20170605,3468.7538
20170602,3486.5074
20170601,3497.7382
20170531,3492.8845
20170526,3480.4345
20170525,3485.6581
20170524,3424.1669
20170523,3424.194
20170522,3411.2387
20170519,3403.8492
20170518,3398.1127
20170517,3409.9656
20170516,3428.6491
20170515,3399.1937
20170512,3385.3787
20170511,3356.6459
20170510,3337.7007
20170509,3352.5324
20170508,3358.8125
20170505,3382.5502
20170504,3404.3864
20170503,3413.1282
20170502,3426.5766
20170428,3439.753
20170427,3446.7202
20170426,3445.1832
20170425,3440.9743
20170424,3431.2587
20170421,3466.7865
20170420,3461.5481
20170419,3445.8761
20170418,3462.7429
20170417,3479.9417
20170414,3486.5045
20170413,3514.5662
20170412,3509.4387
20170411,3517.328
20170410,3505.1392
20170407,3517.4634
20170406,3514.0469
20170405,3503.8932
20170331,3456.0455
20170330,3436.758
20170329,3465.1933
20170328,3469.8093
20170327,3478.0385
20170324,3489.5997
20170323,3461.9782
20170322,3450.0502
20170321,3466.3468
20170320,3449.6126
20170317,3445.8051
20170316,3481.5066
20170315,3463.6436
20170314,3456.6934
20170313,3458.098
20170310,3427.8916
20170309,3426.9438
20170308,3448.7313
20170307,3453.9565
20170306,3446.484
20170303,3427.8628
20170302,3435.0963
20170301,3458.4376
20170228,3452.8103
20170227,3446.2228
20170224,3473.8517
20170223,3473.3236
20170222,3489.7567
20170221,3482.823
20170220,3471.3926
20170217,3421.4419
20170216,3440.9331
20170215,3421.7131
20170214,3435.8042
20170213,3436.275
20170210,3413.4868
20170209,3396.2924
20170208,3383.2878
20170207,3365.6849
20170206,3373.2051
20170203,3364.4923
20170126,3387.9606
20170125,3375.9042
20170124,3364.4509
20170123,3364.0808
20170120,3354.8891
20170119,3329.2891
20170118,3339.3653
20170117,3326.3563
20170116,3319.4455
20170113,3319.9122
20170112,3317.6241
20170111,3334.4954
20170110,3358.2716
20170109,3363.9014
20170106,3347.6665
20170105,3367.7892
20170104,3368.3117
20170103,3342.2272
20181228,3010.6536
20181227,2990.5057
20181226,3002.0327
20181225,3017.2815
20181224,3038.1981
20181221,3029.3951
20181220,3067.4169
20181219,3091.1255
20181218,3128.4265
20181217,3161.1966
20181214,3165.9109
20181213,3219.6924
20181212,3170.6092
20181211,3159.8158
20181210,3144.7631
20181207,3181.5646
20181206,3181.673
20181205,3252.0041
20181204,3267.7095
20181203,3260.9502
20181130,3172.69
20181129,3137.6542
20181128,3178.9326
20181127,3137.2413
20181126,3141.2434
20181123,3143.4752
20181122,3214.4273
20181121,3226.4918
20181120,3218.4076
20181119,3294.6031
20181116,3257.6735
20181115,3242.3715
20181114,3204.9427
20181113,3237.3823
20181112,3205.1407
20181109,3167.4442
20181108,3212.7737
20181107,3221.9101
20181106,3243.1504
20181105,3262.8351
20181102,3290.2455
20181101,3177.0338
20181031,3153.8234
20181030,3110.2605
20181029,3076.8889
20181026,3173.635
20181025,3194.3084
20181024,3188.2018
20181023,3183.4257
20181022,3270.2732
20181019,3134.9455
20181018,3044.3918
20181017,3118.2463
20181016,3100.9738
20181015,3126.4516
20181012,3170.7262
20181011,3124.1139
20181010,3281.5978
20181009,3288.6906
20181008,3290.8988
20180928,3438.8649
20180927,3403.5902
20180926,3417.2413
20180925,3379.8043
20180921,3410.4856
20180920,3310.1258
20180919,3312.4823
20180918,3269.4319
20180917,3204.9224
20180914,3242.0902
20180913,3236.5662
20180912,3202.0248
20180911,3224.2116
20180910,3230.0681
20180907,3277.6438
20180906,3262.8808
20180905,3298.1412
20180904,3363.8984
20180903,3321.8248
20180831,3334.5036
20180830,3351.0942
20180829,3386.5736
20180828,3400.1705
20180827,3406.5735
20180824,3325.3347
20180823,3320.0257
20180822,3307.9545
20180821,3326.6489
20180820,3267.2498
20180817,3229.6198
20180816,3276.7276
20180815,3291.976
20180814,3372.9137
20180813,3390.3441
20180810,3405.0191
20180809,3397.5298
20180808,3314.5075
20180807,3368.8695
20180806,3273.2728
20180803,3315.2839
20180802,3370.9579
20180801,3447.3882
20180731,3517.6568
20180730,3515.0794
20180727,3521.2269
20180726,3536.2456
20180725,3577.7522
20180724,3581.7057
20180723,3525.7503
20180720,3492.8938
20180719,3428.343
20180718,3431.3227
20180717,3449.3773
20180716,3472.0859
20180713,3492.6897
20180712,3481.0559
20180711,3407.5297
20180710,3467.5155
20180709,3459.1837
20180706,3365.1227
20180705,3342.4379
20180704,3363.7473
20180703,3409.2801
20180702,3407.9638
20180629,3510.9845
20180628,3423.5255
20180627,3459.2621
20180626,3531.1112
20180625,3560.4777
20180622,3608.9046
20180621,3592.965
20180620,3635.4436
20180619,3621.1166
20180615,3753.4338
20180614,3773.3655
20180613,3788.3391
20180612,3825.9534
20180611,3779.9818
20180608,3779.6159
20180607,3831.0128
20180606,3837.3511
20180605,3845.3164
20180604,3807.5781
20180601,3770.5891
20180531,3802.3759
20180530,3723.3724
20180529,3804.0093
20180528,3833.2599
20180525,3816.498
20180524,3827.217
20180523,3854.5825
20180522,3906.2081
20180521,3921.2421
20180518,3903.0637
20180517,3864.0507
20180516,3892.8442
20180515,3924.0975
20180514,3909.2933
20180511,3872.8383
20180510,3893.0565
20180509,3871.6152
20180508,3878.6767
20180507,3834.1877
20180504,3774.5981
20180503,3793.0001
20180502,3763.6461
20180427,3756.8765
20180426,3755.4941
20180425,3828.7015
20180424,3843.4886
20180423,3766.3257
20180420,3760.8543
20180419,3811.843
20180418,3766.282
20180417,3748.6412
20180416,3808.863
20180413,3871.1443
20180412,3898.6354
20180411,3938.3434
20180410,3927.1729
20180409,3852.9292
20180404,3854.8625
20180403,3862.4796
20180402,3886.9189
20180330,3898.4977
20180329,3894.0498
20180328,3842.7155
20180327,3913.2689
20180326,3879.893
20180323,3904.9355
20180322,4020.349
20180321,4061.0502
20180320,4077.7041
20180319,4074.2479
20180316,4056.4226
20180315,4096.1627
20180314,4073.3447
20180313,4091.2533
20180312,4127.6662
20180309,4108.8652
20180308,4077.6001
20180307,4036.6536
20180306,4066.5647
20180305,4018.097
20180302,4016.461
20180301,4049.0863
20180228,4023.6415
20180227,4058.9806
20180226,4118.4186
20180223,4071.0889
20180222,4052.7332
20180214,3966.9614
20180213,3935.6324
20180212,3890.1046
20180209,3840.6527
20180208,4012.0472
20180207,4050.4972
20180206,4148.8856
20180205,4274.1464
20180202,4271.2326
20180201,4245.8978
20180131,4275.8986
20180130,4256.1021
20180129,4302.0181
20180126,4381.2996
20180125,4365.0794
20180124,4389.8853
20180123,4382.6129
20180122,4336.5974
20180119,4285.395
20180118,4271.4168
20180117,4248.1164
20180116,4258.473
20180115,4225.2393
20180112,4225.001
20180111,4205.5863
20180110,4207.8132
20180109,4189.2977
20180108,4160.1595
20180105,4138.7505
20180104,4128.8119
20180103,4111.3925
20180102,4087.4012
20191231,4096.5821
20191230,4081.6334
20191227,4022.0278
20191226,4025.9879
20191225,3990.8671
20191224,3992.9581
20191223,3967.0962
20191220,4017.2527
20191219,4027.1495
20191218,4032.7826
20191217,4041.7996
20191216,3987.5464
20191213,3968.2211
20191212,3891.0242
20191211,3902.7492
20191210,3900.3843
20191209,3895.4468
20191206,3902.3853
20191205,3879.3638
20191204,3849.819
20191203,3851.0873
20191202,3836.0589
20191129,3828.6706
20191128,3862.3029
20191127,3875.6186
20191126,3891.6533
20191125,3878.2061
20191122,3849.9948
20191121,3889.598
20191120,3907.8641
20191119,3947.0392
20191118,3907.9291
20191115,3877.0892
20191114,3905.857
20191113,3899.9815
20191112,3903.6888
20191111,3902.9783
20191108,3973.0107
20191107,3991.8749
20191106,3984.8816
20191105,4002.8128
20191104,3978.1216
20191101,3952.3872
20191031,3886.7519
20191030,3891.2255
20191029,3910.226
20191028,3926.585
20191025,3896.7923
20191024,3870.6678
20191023,3871.0848
20191022,3895.8809
20191021,3880.8398
20191018,3869.3777
20191017,3925.2216
20191016,3922.6854
20191015,3936.2498
20191014,3953.2411
20191011,3911.7253
20191010,3874.6391
20191009,3843.2392
20191008,3837.6791
20190930,3814.5282
20190927,3852.6534
20190926,3841.1388
20190925,3870.9837
20190924,3901.0758
20190923,3890.6616
20190920,3935.6511
20190919,3924.3823
20190918,3910.0837
20190917,3891.2208
20190916,3957.7154
20190912,3972.3799
20190911,3930.0999
20190910,3959.265
20190909,3972.9484
20190906,3948.5075
20190905,3925.323
20190904,3886.0012
20190903,3853.6106
20190902,3848.3198
20190830,3799.5863
20190829,3790.1867
20190828,3802.5844
20190827,3816.9459
20190826,3765.9105
20190823,3820.8638
20190822,3793.5061
20190821,3781.7579
20190820,3787.7324
20190819,3791.0946
20190816,3710.5386
20190815,3694.0006
20190814,3682.4015
20190813,3665.7515
20190812,3699.1047
20190809,3633.5296
20190808,3669.2936
20190807,3621.431
20190806,3636.3289
20190805,3675.6884
20190802,3747.4379
20190801,3803.4694
20190731,3835.3589
20190730,3870.3176
20190729,3854.2704
20190726,3858.5688
20190725,3851.0665
20190724,3819.8325
20190723,3789.9135
20190722,3781.6832
20190719,3807.9551
20190718,3768.4019
20190717,3804.6384
20190716,3806.8449
20190715,3824.1878
20190712,3808.7311
20190711,3785.221
20190710,3786.739
20190709,3793.1297
20190708,3802.7897
20190705,3893.2025
20190704,3873.1019
20190703,3893.5341
20190702,3937.1691
20190701,3935.8116
20190628,3825.5873
20190627,3834.8172
20190626,3794.331
20190625,3801.3098
20190624,3841.2659
20190621,3833.9383
20190620,3828.5183
20190619,3715.9381
20190618,3667.6185
20190617,3654.8248
20190614,3654.8799
20190613,3685.3933
20190612,3691.0957
20190611,3719.2759
20190610,3610.7435
20190606,3564.6778
20190605,3597.105
20190604,3598.4666
20190603,3632.0127
20190531,3629.7893
20190530,3641.1833
20190529,3663.909
20190528,3672.2605
20190527,3637.1971
20190524,3593.9139
20190523,3583.9646
20190522,3649.3796
20190521,3666.7762
20190520,3617.7924
20190517,3648.7609
20190516,3743.9635
20190515,3727.0923
20190514,3645.1503
20190513,3668.7255
20190510,3730.4513
20190509,3599.7001
20190508,3667.4574
20190507,3720.6684
20190506,3684.6168
20190430,3913.211
20190429,3900.3339
20190426,3889.2748
20190425,3941.816
20190424,4030.0887
20190423,4019.0053
20190422,4025.6109
20190419,4120.6078
20190418,4072.0753
20190417,4087.2398
20190416,4085.7891
20190415,3975.5244
20190412,3988.6168
20190411,3997.5778
20190410,4085.847
20190409,4075.4301
20190408,4057.2286
20190404,4062.2309
20190403,4022.1566
20190402,3971.2852
20190401,3973.928
20190329,3872.3412
20190328,3728.3953
20190327,3743.3878
20190326,3700.4388
20190325,3742.8252
20190322,3833.8013
20190321,3836.8913
20190320,3835.4397
20190319,3833.9626
20190318,3851.7479
20190315,3745.005
20190314,3698.4858
20190313,3724.1941
20190312,3755.3519
20190311,3729.9546
20190308,3657.579
20190307,3808.8497
20190306,3848.0903
20190305,3816.0132
20190304,3794.104
20190301,3749.7143
20190228,3669.3703
20190227,3678.3921
20190226,3684.6935
20190225,3729.4831
20190222,3520.1182
20190221,3442.7056
20190220,3451.9273
20190219,3439.6078
20190218,3445.7448
20190215,3338.7047
20190214,3402.1403
20190213,3397.0276
20190212,3330.3353
20190211,3306.4725
20190201,3247.3971
20190131,3201.6331
20190130,3168.4829
20190129,3193.9698
20190128,3183.7777
20190125,3184.4696
20190124,3158.7817
20190123,3141.0532
20190122,3143.3171
20190121,3185.6364
20190118,3168.1739
20190117,3111.4168
20190116,3128.6517
20190115,3127.9904
20190114,3067.7845
20190111,3094.7782
20190110,3072.6864
20190109,3078.4759
20190108,3047.7035
20190107,3054.303
20190104,3035.8741
20190103,2964.8421
20190102,2969.5353
20201231,5211.2885
20201230,5113.7105
20201229,5042.9361
20201228,5064.4147
20201225,5042.0137
20201224,5000.0154
20201223,5007.1235
20201222,4964.7727
20201221,5046.8396
20201218,4999.9678
20201217,5017.4784
20201216,4953.867
20201215,4945.1
20201214,4934.8352
20201211,4889.6292
20201210,4940.5249
20201209,4942.6986
20201208,5009.8786
20201207,5022.2351
20201204,5065.9163
20201203,5057.0603
20201202,5067.1447
20201201,5067.0983
20201130,4960.2519
20201127,4980.765
20201126,4919.5912
20201125,4910.7
20201124,4974.2855
20201123,5005.0273
20201120,4943.2882
20201119,4927.9891
20201118,4891.6716
20201117,4894.786
20201116,4904.1716
20201113,4856.8513
20201112,4908.463
20201111,4904.8981
20201110,4953.8756
20201109,4981.3497
20201106,4885.7178
20201105,4885.1118
20201104,4813.6564
20201103,4777.5608
20201102,4720.8313
20201030,4695.3338
20201029,4772.9198
20201028,4737.2718
20201027,4699.2792
20201026,4691.2359
20201023,4718.4881
20201022,4777.9845
20201021,4792.8284
20201020,4793.4672
20201019,4755.4879
20201016,4791.676
20201015,4798.7361
20201014,4807.1021
20201013,4839.201
20201012,4823.1578
20201009,4681.1412
20200930,4587.3953
20200929,4591.7993
20200928,4581.9085
20200925,4570.0216
20200924,4563.0657
20200923,4652.3273
20200922,4635.7608
20200921,4691.4281
20200918,4737.0887
20200917,4632.7142
20200916,4657.3584
20200915,4688.4826
20200914,4651.0507
20200911,4627.2826
20200910,4581.9775
20200909,4584.5887
20200908,4694.3894
20200907,4669.3677
20200904,4770.219
20200903,4817.0952
20200902,4843.887
20200901,4842.1223
20200831,4816.2153
20200828,4844.2652
20200827,4731.3451
20200826,4706.1302
20200825,4761.9507
20200824,4755.8491
20200821,4718.8431
20200820,4679.1544
20200819,4740.6784
20200818,4812.7564
20200817,4815.2261
20200814,4704.6288
20200813,4635.7126
20200812,4647.6446
20200811,4681.7837
20200810,4724.8697
20200807,4707.9262
20200806,4762.7642
20200805,4777.1089
20200804,4775.8024
20200803,4771.3108
20200731,4695.0462
20200730,4656.1506
20200729,4679.008
20200728,4568.2576
20200727,4528.45
20200724,4505.5906
20200723,4712.4357
20200722,4714.4454
20200721,4691.0425
20200720,4680.3046
20200717,4544.7007
20200716,4516.2532
20200715,4744.4687
20200714,4806.6902
20200713,4852.9612
20200710,4753.1333
20200709,4840.7712
20200708,4774.0042
20200707,4698.1264
20200706,4670.0949
20200703,4419.5955
20200702,4335.8445
20200701,4247.7835
20200630,4163.9637
20200629,4109.7164
20200624,4138.9895
20200623,4121.7944
20200622,4102.0459
20200619,4098.7095
20200618,4044.3842
20200617,4017.5941
20200616,4014.5702
20200615,3954.9883
20200612,4003.0829
20200611,3995.8846
20200610,4039.7051
20200609,4047.0293
20200608,4021.9549
20200605,4001.2509
20200604,3982.1851
20200603,3983.6477
20200602,3983.5677
20200601,3971.3402
20200529,3867.0232
20200528,3856.6324
20200527,3845.6135
20200526,3872.7701
20200525,3829.3245
20200522,3824.064
20200521,3913.7949
20200520,3935.222
20200519,3956.2495
20200518,3922.9117
20200515,3912.8159
20200514,3925.2177
20200513,3968.2529
20200512,3960.2378
20200511,3960.1803
20200508,3963.6217
20200507,3924.8946
20200506,3936.2539
20200430,3912.5772
20200429,3867.032
20200428,3849.1465
20200427,3822.769
20200424,3796.9721
20200423,3829.7525
20200422,3839.3834
20200421,3808.0474
20200420,3853.4551
20200417,3839.4871
20200416,3802.3806
20200415,3797.3623
20200414,3825.6991
20200413,3753.2566
20200410,3769.1782
20200409,3792.8105
20200408,3780.3445
20200407,3798.0214
20200403,3713.2183
20200402,3734.5306
20200401,3675.0758
20200331,3686.1551
20200330,3674.1108
20200327,3710.0605
20200326,3698.0472
20200325,3722.5181
20200324,3625.1146
20200323,3530.3058
20200320,3653.2239
20200319,3589.0926
20200318,3636.2565
20200317,3709.6822
20200316,3727.8398
20200313,3895.3128
20200312,3950.9111
20200311,4028.4289
20200310,4082.7315
20200309,3997.1325
20200306,4138.5072
20200305,4206.7251
20200304,4115.0524
20200303,4091.3615
20200302,4069.6662
20200228,3940.0488
20200227,4084.8759
20200226,4073.0152
20200225,4123.8543
20200224,4132.8388
20200221,4149.4903
20200220,4144.6561
20200219,4051.3107
20200218,4057.5108
20200217,4077.4241
20200214,3987.7342
20200213,3959.9188
20200212,3984.4325
20200211,3952.4643
20200210,3916.0052
20200207,3899.8693
20200206,3899.7751
20200205,3828.5272
20200204,3785.6376
20200203,3688.3578
20200123,4003.9013
20200122,4131.9311
20200121,4114.3085
20200120,4185.8304
20200117,4154.853
20200116,4149.0434
20200115,4166.7344
20200114,4189.8862
20200113,4203.9883
20200110,4163.1849
20200109,4164.3697
20200108,4112.3172
20200107,4160.2274
20200106,4129.2954
20200103,4144.9649
20200102,4152.2408
20211231,4940.3733
20211230,4921.5109
20211229,4883.4804
20211228,4955.9644
20211227,4919.3238
20211224,4921.3449
20211223,4948.7389
20211222,4914.4544
20211221,4913.4853
20211220,4880.4178
20211217,4954.7599
20211216,5034.7321
20211215,5005.8991
20211214,5049.6953
20211213,5083.8007
20211210,5055.1172
20211209,5078.6901
20211208,4995.9298
20211207,4922.1015
20211206,4892.6209
20211203,4901.0175
20211202,4856.163
20211201,4843.851
20211130,4832.026
20211129,4851.423
20211126,4860.1265
20211125,4896.4416
20211124,4916.6579
20211123,4913.3457
20211122,4912.399
20211119,4890.0575
20211118,4837.6185
20211117,4885.7544
20211116,4883.3206
20211115,4882.3777
20211112,4888.3749
20211111,4898.6529
20211110,4821.1925
20211109,4846.7444
20211108,4848.1795
20211105,4842.3458
20211104,4868.7419
20211103,4821.1119
20211102,4839.8457
20211101,4890.6851
20211029,4908.7701
20211028,4864.138
20211027,4898.1644
20211026,4963.0984
20211025,4979.5235
20211022,4959.7254
20211021,4928.0156
20211020,4910.1846
20211019,4922.7232
20211018,4874.7753
20211015,4932.1084
20211014,4913.6123
20211013,4940.1089
20211012,4883.8369
20211011,4936.1918
20211008,4929.9409
20210930,4866.3826
20210929,4833.9281
20210928,4883.828
20210927,4877.3698
20210924,4849.4277
20210923,4853.1957
20210922,4821.7675
20210917,4855.9402
20210916,4807.6978
20210915,4867.3187
20210914,4917.1617
20210913,4991.6598
20210910,5013.5219
20210909,4970.0133
20210908,4972.1324
20210907,4992.8294
20210906,4933.7262
20210903,4843.0624
20210902,4869.4113
20210901,4869.4587
20210831,4805.6099
20210830,4813.2703
20210827,4827.0433
20210826,4801.6094
20210825,4898.1572
20210824,4888.3902
20210823,4835.8782
20210820,4769.2678
20210819,4862.1394
20210818,4894.2384
20210817,4837.4034
20210816,4941.0676
20210813,4945.9829
20210812,4973.3509
20210811,5015.3406
20210810,5043.148
20210809,4985.5627
20210806,4921.5647
20210805,4948.6703
20210804,4978.8479
20210803,4934.4583
20210802,4933.736
20210730,4811.1695
20210729,4850.2746
20210728,4760.4826
20210727,4751.313
20210726,4925.299
20210723,5089.2282
20210722,5151.7517
20210721,5144.0428
20210720,5108.9941
20210719,5113.4945
20210716,5094.7727
20210715,5151.4626
20210714,5083.0849
20210713,5142.0991
20210712,5132.7088
20210709,5069.4361
20210708,5088.2566
20210707,5140.4899
20210706,5083.1043
20210705,5085.7924
20210702,5081.1172
20210701,5229.6642
20210630,5224.041
20210629,5190.5445
20210628,5251.7604
20210625,5239.9684
20210624,5155.9738
20210623,5147.3938
20210622,5122.1583
20210621,5090.3854
20210618,5102.4657
20210617,5101.8924
20210616,5080.4909
20210615,5166.5597
20210611,5224.703
20210610,5271.4661
20210609,5236.4493
20210608,5232.1165
20210607,5277.6271
20210604,5282.2772
20210603,5255.2855
20210602,5289.9736
20210601,5341.6798
20210531,5331.5696
20210528,5321.0886
20210527,5338.2329
20210526,5320.5927
20210525,5318.478
20210524,5155.5875
20210521,5134.1483
20210520,5186.412
20210519,5172.272
20210518,5187.6013
20210517,5184.9853
20210514,5110.5901
20210513,4992.9738
20210512,5044.5481
20210511,5023.0595
20210510,4992.422
20210507,4996.0527
20210506,5061.1244
20210430,5123.489
20210429,5164.1692
20210428,5119.2421
20210427,5090.5195
20210426,5077.2372
20210423,5135.4534
20210422,5089.2435
20210421,5098.7449
20210420,5083.3654
20210419,5087.0165
20210416,4966.1811
20210415,4948.9741
20210414,4980.6279
20210413,4939.6438
20210412,4947.7459
20210409,5035.3374
20210408,5112.2086
20210407,5103.7428
20210406,5140.3418
20210402,5161.5569
20210401,5110.7768
20210331,5048.3607
20210330,5094.7291
20210329,5046.8773
20210326,5037.9899
20210325,4926.3469
20210324,4928.6853
20210323,5009.2459
20210322,5057.152
20210319,5007.0907
20210318,5141.7681
20210317,5100.8581
20210316,5079.3624
20210315,5035.5441
20210312,5146.3786
20210311,5128.2156
20210310,5003.6121
20210309,4970.9994
20210308,5080.0246
20210305,5262.7958
20210304,5280.7058
20210303,5452.2125
20210302,5349.6301
20210301,5418.7837
20210226,5336.7609
20210225,5469.5584
20210224,5437.5683
20210223,5579.6681
20210222,5597.3327
20210219,5778.842
20210218,5768.3814
20210210,5807.7191
20210209,5686.2502
20210208,5564.5618
20210205,5483.414
20210204,5473.9475
20210203,5485.2008
20210202,5501.0915
20210201,5417.6484
20210129,5351.9646
20210128,5377.1427
20210127,5528.0034
20210126,5512.9678
20210125,5625.9232
20210122,5569.776
20210121,5564.9693
20210120,5476.4336
20210119,5437.5234
20210118,5518.5205
20210115,5458.0812
20210114,5470.4563
20210113,5577.9711
20210112,5596.3525
20210111,5441.1583
20210108,5495.4306
20210107,5513.6568
20210106,5417.6677
20210105,5368.5049
20210104,5267.7181
20221230,3871.6338
20221229,3856.7007
20221228,3871.2644
20221227,3887.854
20221226,3843.4887
20221223,3828.2188
20221222,3836.028
20221221,3830.5384
20221220,3829.0173
20221219,3893.2207
20221216,3954.227
20221215,3951.9885
20221214,3954.8857
20221213,3945.6813
20221212,3953.4433
20221209,3998.2442
20221208,3959.1798
20221207,3958.4409
20221206,3968.1979
20221205,3946.8759
20221202,3870.9478
20221201,3894.7687
20221130,3853.0365
20221129,3848.4224
20221128,3733.2424
20221125,3775.7764
20221124,3756.8082
20221123,3773.5287
20221122,3769.5727
20221121,3769.1269
20221118,3801.5686
20221117,3818.664
20221116,3834.3899
20221115,3865.9726
20221114,3794.0171
20221111,3788.4387
20221110,3685.6885
20221109,3714.2704
20221108,3749.3251
20221107,3775.2971
20221104,3767.1746
20221103,3647.8966
20221102,3677.8051
20221101,3634.1732
20221031,3508.7034
20221028,3541.3295
20221027,3631.1448
20221026,3656.9027
20221025,3627.4542
20221024,3633.3733
20221021,3742.8929
20221020,3754.9269
20221019,3776.5335
20221018,3838.2667
20221017,3846.4119
20221014,3842.4698
20221013,3752.6729
20221012,3784.3064
20221011,3727.6867
20221010,3720.9365
20220930,3804.8853
20220929,3827.1434
20220928,3828.7098
20220927,3892.295
20220926,3836.6773
20220923,3856.0212
20220922,3869.344
20220921,3903.7348
20220920,3932.8361
20220919,3928.0001
20220916,3932.6826
20220915,4027.1186
20220914,4065.359
20220913,4111.1145
20220909,4093.7874
20220908,4037.6839
20220907,4054.983
20220906,4052.2802
20220905,4015.4264
20220902,4023.6131
20220901,4043.7395
20220831,4078.8402
20220830,4075.7937
20220829,4089.5205
20220826,4107.5455
20220825,4116.2396
20220824,4082.4195
20220823,4161.0823
20220822,4181.3965
20220819,4151.0738
20220818,4180.0996
20220817,4216.9586
20220816,4177.837
20220815,4185.6794
20220812,4191.152
20220811,4193.5428
20220810,4109.7373
20220809,4156.2907
20220808,4148.0746
20220805,4156.9111
20220804,4101.5367
20220803,4066.9754
20220802,4107.024
20220801,4188.6784
20220729,4170.1019
20220728,4225.6733
20220727,4225.0357
20220726,4245.9758
20220725,4212.6441
20220722,4238.2341
20220721,4236.0578
20220720,4283.8027
20220719,4269.3401
20220718,4292.5858
20220715,4248.5273
20220714,4322.0742
20220713,4321.4617
20220712,4313.6184
20220711,4354.6167
20220708,4428.781
20220707,4443.4736
20220706,4423.9698
20220705,4489.5383
20220704,4496.0303
20220701,4466.7179
20220630,4485.0108
20220629,4421.357
20220628,4490.5166
20220627,4444.2639
20220624,4394.7723
20220623,4343.8781
20220622,4270.6227
20220621,4325.5657
20220620,4330.4328
20220617,4309.0444
20220616,4250.0614
20220615,4278.2178
20220614,4222.3114
20220613,4189.3527
20220610,4238.9936
20220609,4175.6747
20220608,4219.8122
20220607,4179.1285
20220606,4166.085
20220602,4089.5682
20220601,4083.1772
20220531,4091.5176
20220530,4029.0179
20220527,4001.2988
20220526,3993.0446
20220525,3983.1784
20220524,3959.1541
20220523,4053.9823
20220520,4077.5998
20220519,3999.5984
20220518,3991.9069
20220517,4005.8934
20220516,3956.5378
20220513,3988.6002
20220512,3958.74
20220511,3976.4231
20220510,3919.8684
20220509,3877.4364
20220506,3908.815
20220505,4010.2102
20220429,4016.241
20220428,3921.1073
20220427,3895.5361
20220426,3784.1198
20220425,3814.9127
20220422,4013.2498
20220421,3995.83
20220420,4070.7889
20220419,4134.9017
20220418,4166.3844
20220415,4188.7472
20220414,4191.5684
20220413,4139.737
20220412,4179.9727
20220411,4100.0703
20220408,4230.7669
20220407,4209.0998
20220406,4263.8411
20220401,4276.158
20220331,4222.5968
20220330,4254.0989
20220329,4134.1441
20220328,4148.4663
20220325,4174.5742
20220324,4251.3061
20220323,4276.5174
20220322,4255.295
20220321,4258.7459
20220318,4265.9017
20220317,4237.6956
20220316,4156.081
20220315,3983.812
20220314,4174.7577
20220311,4306.5217
20220310,4292.8374
20220309,4226.3463
20220308,4265.391
20220307,4352.7775
20220304,4496.4301
20220303,4551.6283
20220302,4578.6007
20220301,4619.6862
20220228,4581.6459
20220225,4573.4247
20220224,4529.3189
20220223,4623.0465
20220222,4574.1527
20220221,4634.3141
20220218,4651.2358
20220217,4629.1649
20220216,4617.9893
20220215,4600.1025
20220214,4551.6878
20220211,4601.3953
20220210,4639.8625
20220209,4652.0609
20220208,4608.7729
20220207,4634.0899
20220128,4563.772
20220127,4619.8765
20220126,4712.3109
20220125,4678.4511
20220124,4786.7377
20220121,4779.3142
20220120,4823.5091
20220119,4780.3784
20220118,4813.3472
20220117,4767.2762
20220114,4726.7317
20220113,4765.9191
20220112,4845.5787
20220111,4797.7735
20220110,4844.0451
20220107,4822.3689
20220106,4818.2318
20220105,4868.1202
20220104,4917.7653
20231229,3431.1099
20231228,3414.5403
20231227,3336.3572
20231226,3324.7902
20231225,3347.4508
20231222,3337.2281
20231221,3330.8698
20231220,3297.5022
20231219,3334.0412
20231218,3329.3657
20231215,3341.5517
20231214,3351.9639
20231213,3369.605
20231212,3426.803
20231211,3419.4548
20231208,3399.4618
20231207,3391.2823
20231206,3399.598
20231205,3394.2571
20231204,3460.138
20231201,3482.8813
20231130,3496.2028
20231129,3488.3073
20231128,3518.5232
20231127,3511.9424
20231124,3538.0087
20231123,3561.5204
20231122,3544.4162
20231121,3581.0674
20231120,3576.3233
20231117,3568.0685
20231116,3572.3641
20231115,3607.2454
20231114,3582.0584
20231113,3579.4141
20231110,3586.4893
20231109,3612.8263
20231108,3611.0723
20231107,3619.7593
20231106,3632.6084
20231103,3584.1364
20231102,3554.1889
20231101,3571.0268
20231031,3572.5056
20231030,3583.7718
20231027,3562.3851
20231026,3514.1448
20231025,3504.4576
20231024,3487.1302
20231023,3474.2438
20231020,3510.5889
20231019,3533.5445
20231018,3610.5767
20231017,3639.4018
20231016,3626.5972
20231013,3663.4104
20231012,3702.3824
20231011,3667.5483
20231010,3657.1259
20231009,3684.7272
20230928,3689.5172
20230927,3700.495
20230926,3692.8928
20230925,3714.6037
20230922,3738.9327
20230921,3672.4448
20230920,3705.6898
20230919,3720.5021
20230918,3727.711
20230915,3708.7766
20230914,3733.5077
20230913,3736.6513
20230912,3760.6048
20230911,3767.537
20230908,3739.9927
20230907,3758.4748
20230906,3812.0283
20230905,3820.3174
20230904,3848.9517
20230901,3791.4912
20230831,3765.2678
20230830,3788.5097
20230829,3790.1067
20230828,3752.6194
20230825,3709.1517
20230824,3723.4293
20230823,3696.6339
20230822,3758.2271
20230821,3729.555
20230818,3784.0038
20230817,3831.1008
20230816,3818.3338
20230815,3846.5357
20230814,3855.9061
20230811,3884.2538
20230810,3975.7166
20230809,3967.5652
20230808,3979.7322
20230807,3990.1531
20230804,4020.5792
20230803,4004.9839
20230802,3969.895
20230801,3998.001
20230731,4014.6301
20230728,3992.7376
20230727,3902.3458
20230726,3907.0128
20230725,3915.1153
20230724,3805.221
20230721,3821.91
20230720,3823.6946
20230719,3850.8663
20230718,3854.9393
20230717,3867.1749
20230714,3899.1027
20230713,3898.4229
20230712,3843.4369
20230711,3869.4861
20230710,3844.3269
20230707,3825.6988
20230706,3842.7547
20230705,3868.8054
20230704,3899.0133
20230703,3892.8821
20230630,3842.4516
20230629,3821.8435
20230628,3840.7986
20230627,3845.4334
20230626,3809.6962
20230621,3864.0323
20230620,3924.2377
20230619,3930.9079
20230616,3963.3509
20230615,3925.4994
20230614,3864.0247
20230613,3864.9074
20230612,3844.4324
20230609,3836.7026
20230608,3820.1867
20230607,3789.3418
20230606,3808.1629
20230605,3844.2492
20230602,3861.8337
20230601,3806.8679
20230531,3798.5434
20230530,3837.7531
20230529,3833.9416
20230526,3850.9511
20230525,3850.4996
20230524,3859.0935
20230523,3913.1882
20230522,3969.3277
20230519,3944.5403
20230518,3956.0701
20230517,3960.165
20230516,3978.2054
20230515,3998.8872
20230512,3937.7622
20230511,3990.6637
20230510,3996.8695
20230509,4027.8754
20230508,4062.6624
20230505,4016.8774
20230504,4030.2471
20230428,4029.0858
20230427,3988.4185
20230426,3959.2323
20230425,3962.6658
20230424,3982.6429
20230421,4032.5672
20230420,4113.0192
20230419,4124.5589
20230418,4162.032
20230417,4149.3836
20230414,4091.9988
20230413,4068.9786
20230412,4097.2876
20230411,4100.1479
20230410,4104.8118
20230407,4123.2799
20230406,4096.64
20230404,4103.1052
20230403,4090.5676
20230331,4050.9257
20230330,4038.5257
20230329,4006.144
20230328,3999.5147
20230327,4012.4771
20230324,4027.0457
20230323,4039.0895
20230322,3999.4427
20230321,3982.3782
20230320,3939.077
20230317,3958.8194
20230316,3939.1505
20230315,3986.902
20230314,3984.6956
20230313,4008.686
20230310,3967.1352
20230309,4019.8505
20230308,4034.1077
20230307,4048.8519
20230306,4109.0102
20230303,4130.5513
20230302,4117.7377
20230301,4126.9415
20230228,4069.4587
20230227,4043.8444
20230224,4061.0457
20230223,4103.6463
20230222,4106.9506
20230221,4144.3536
20230220,4133.4896
20230217,4034.507
20230216,4093.4876
20230215,4123.6893
20230214,4145.2902
20230213,4143.574
20230210,4106.3097
20230209,4130.8565
20230208,4076.1411
20230207,4094.2335
20230206,4086.8779
20230203,4141.6319
20230202,4181.1493
20230201,4195.9332
20230131,4156.8578
20230130,4201.345
20230120,4181.5267
20230119,4156.0077
20230118,4130.3143
20230117,4137.2422
20230116,4137.9643
20230113,4074.3772
20230112,4017.8692
20230111,4010.0309
20230110,4017.4737
20230109,4013.1196
20230106,3980.8888
20230105,3968.5782
20230104,3892.9477
20230103,3887.8992
20241231,3934.9109
20241230,3999.0549
20241227,3981.0307
20241226,3987.4801
20241225,3985.6291
20241224,3983.6882
20241223,3933.5718
20241220,3927.7441
20241219,3945.4635
20241218,3941.89
20241217,3922.0334
20241216,3911.8416
20241213,3933.1808
20241212,4028.5048
20241211,3988.8308
20241210,3995.6369
20241209,3966.5708
20241206,3973.1405
20241205,3921.5881
20241204,3930.5568
20241203,3951.8912
20241202,3947.632
20241129,3916.5832
20241128,3872.5505
20241127,3907.0447
20241126,3840.1847
20241125,3848.0909
20241122,3865.6989
20241121,3989.2979
20241120,3985.7727
20241119,3976.8912
20241118,3950.3806
20241115,3968.8308
20241114,4039.6191
20241113,4110.8901
20241112,4085.743
20241111,4131.1312
20241108,4104.047
20241107,4145.6952
20241106,4024.2831
20241105,4044.5725
20241104,3944.7619
20241101,3890.0203
20241031,3891.0396
20241030,3889.4487
20241029,3924.649
20241028,3964.1569
20241025,3956.421
20241024,3928.8334
20241023,3973.2089
20241022,3957.7755
20241021,3935.1974
20241018,3925.234
20241017,3788.2217
20241016,3831.589
20241015,3855.9949
20241014,3961.3424
20241011,3887.167
20241010,3997.7879
20241009,3955.9839
20241008,4256.0962
20240930,4017.8545
20240927,3703.6849
20240926,3545.3204
20240925,3401.533
20240924,3351.909
20240923,3212.7639
20240920,3201.0497
20240919,3196.0357
20240918,3171.0102
20240913,3159.247
20240912,3172.4747
20240911,3186.1299
20240910,3195.7552
20240909,3192.9516
20240906,3231.3457
20240905,3257.7578
20240904,3252.1649
20240903,3273.4282
20240902,3265.011
20240830,3321.4323
20240829,3277.6812
20240828,3286.4956
20240827,3305.3338
20240826,3324.2231
20240823,3327.1905
20240822,3313.1357
20240821,3321.635
20240820,3332.7034
20240819,3356.9677
20240816,3345.634
20240815,3341.953
20240814,3309.2389
20240813,3334.3903
20240812,3325.8645
20240809,3331.6274
20240808,3342.9369
20240807,3341.489
20240806,3342.9789
20240805,3343.3205
20240802,3384.3919
20240801,3419.2666
20240731,3442.0844
20240730,3369.3821
20240729,3390.742
20240726,3409.2931
20240725,3399.2716
20240724,3418.1663
20240723,3439.8779
20240722,3514.9249
20240719,3539.0156
20240718,3520.931
20240717,3501.5836
20240716,3498.2827
20240715,3476.2467
20240712,3472.4014
20240711,3468.169
20240710,3428.9657
20240709,3439.8111
20240708,3401.7604
20240705,3431.0605
20240704,3445.8128
20240703,3463.4141
20240702,3471.7857
20240701,3478.1827
20240628,3461.657
20240627,3454.1175
20240626,3480.2648
20240625,3457.9023
20240624,3476.8102
20240621,3495.6198
20240620,3503.2817
20240619,3528.749
20240618,3545.5902
20240617,3536.1986
20240614,3541.5331
20240613,3526.1306
20240612,3544.1225
20240611,3542.8771
20240607,3574.1143
20240606,3592.2454
20240605,3594.7936
20240604,3615.6714
20240603,3588.7483
20240531,3579.9247
20240530,3594.3121
20240529,3613.5223
20240528,3609.1724
20240527,3635.7079
20240524,3601.4754
20240523,3641.7917
20240522,3684.451
20240521,3676.1611
20240520,3690.9623
20240517,3677.9696
20240516,3640.3592
20240515,3626.0559
20240514,3657.0454
20240513,3664.6907
20240510,3666.2771
20240509,3664.561
20240508,3630.2233
20240507,3659.0076
20240506,3657.8767
20240430,3604.3943
20240429,3623.9124
20240426,3584.2686
20240425,3530.2813
20240424,3521.6219
20240423,3506.2249
20240422,3530.9045
20240419,3541.6619
20240418,3569.8018
20240417,3565.403
20240416,3511.1146
20240415,3549.0759
20240412,3475.8389
20240411,3504.2447
20240410,3504.7086
20240409,3533.4871
20240408,3536.4077
20240403,3567.8031
20240402,3580.6759
20240401,3595.6466
20240329,3537.4843
20240328,3520.9648
20240327,3502.7866
20240326,3543.7467
20240325,3525.7634
20240322,3545.0023
20240321,3581.0902
20240320,3585.3838
20240319,3577.6303
20240318,3603.528
20240315,3569.993
20240314,3562.2229
20240313,3572.361
20240312,3597.4939
20240311,3589.2635
20240308,3544.9099
20240307,3529.7195
20240306,3551.0481
20240305,3565.5143
20240304,3540.8686
20240301,3537.8038
20240229,3516.0826
20240228,3450.2598
20240227,3494.7874
20240226,3453.3585
20240223,3489.7416
20240222,3486.6747
20240221,3456.8713
20240220,3410.8542
20240219,3403.8078
20240208,3364.9297
20240207,3343.6303
20240206,3311.6922
20240205,3200.4218
20240202,3179.6276
20240201,3217.7109
20240131,3215.3518
20240130,3245.0387
20240129,3303.9604
20240126,3333.8213
20240125,3342.9189
20240124,3277.1089
20240123,3231.9329
20240122,3218.9016
20240119,3269.7763
20240118,3274.7286
20240117,3229.082
20240116,3300.8762
20240115,3280.9195
20240112,3284.1667
20240111,3295.6717
20240110,3277.129
20240109,3292.4994
20240108,3286.0564
20240105,3329.1114
20240104,3347.0519
20240103,3378.2971
20240102,3386.3522
20251231,4629.9395
20251230,4651.2818
20251229,4639.3721
20251226,4657.24
20251225,4642.5357
20251224,4634.0586
20251223,4620.7341
20251222,4611.6235
20251219,4568.1781
20251218,4552.7926
20251217,4579.875
20251216,4497.5545
20251215,4552.0596
20251212,4580.95
20251211,4552.1848
20251210,4591.8273
20251209,4598.2232
20251208,4621.7545
20251205,4584.5368
20251204,4546.5664
20251203,4531.0486
20251202,4554.3347
20251201,4576.4856
20251128,4526.6616
20251127,4515.4027
20251126,4517.6255
20251125,4490.4047
20251124,4448.0478
20251121,4453.6076
20251120,4564.9483
20251119,4588.2922
20251118,4568.1928
20251117,4598.0525
20251114,4628.1398
20251113,4702.0738
20251112,4645.9079
20251111,4652.1655
20251110,4695.0507
20251107,4678.7944
20251106,4693.4032
20251105,4627.257
20251104,4618.699
20251103,4653.4028
20251031,4640.6676
20251030,4709.911
20251029,4747.8378
20251028,4691.973
20251027,4716.0186
20251024,4660.6835
20251023,4606.3447
20251022,4592.57
20251021,4607.8715
20251020,4538.2201
20251017,4514.2345
20251016,4618.4218
20251015,4606.2879
20251014,4539.0644
20251013,4593.9785
20251010,4616.8341
20251009,4709.482
20250930,4640.6935
20250929,4620.0528
20250926,4550.0487
20250925,4593.4875
20250924,4566.0708
20250923,4519.7781
20250922,4522.608
20250919,4501.9195
20250918,4498.109
20250917,4551.023
20250916,4523.3367
20250915,4533.0557
20250912,4521.998
20250911,4548.0345
20250910,4445.3649
20250909,4436.2584
20250908,4467.5733
20250905,4460.3249
20250904,4365.2085
20250903,4459.8296
20250902,4490.4528
20250901,4523.7111
20250829,4496.7591
20250828,4463.782
20250827,4386.1266
20250826,4452.5905
20250825,4469.2217
20250822,4377.9977
20250821,4288.0707
20250820,4271.3958
20250819,4223.3741
20250818,4239.4125
20250815,4202.3533
20250814,4173.3131
20250813,4176.5776
20250812,4143.8252
20250811,4122.5106
20250808,4104.9669
20250807,4114.666
20250806,4113.4852
20250805,4103.45
20250804,4070.7023
20250801,4054.9286
20250731,4075.5912
20250730,4151.2379
20250729,4152.0247
20250728,4135.8242
20250725,4127.1634
20250724,4149.0368
20250723,4119.7685
20250722,4118.9582
20250721,4085.6072
20250718,4058.5486
20250717,4034.491
20250716,4007.2019
20250715,4019.0644
20250714,4017.6678
20250711,4014.807
20250710,4010.0243
20250709,3991.4006
20250708,3998.4527
20250707,3965.1746
20250704,3982.2034
20250703,3968.0676
20250702,3943.6849
20250701,3942.762
20250630,3936.0791
20250627,3921.7578
20250626,3946.0195
20250625,3960.0662
20250624,3904.0342
20250623,3857.9016
20250620,3846.6443
20250619,3843.0912
20250618,3874.9708
20250617,3870.3786
20250616,3873.7951
20250613,3864.1822
20250612,3892.1992
20250611,3894.6252
20250610,3865.4652
20250609,3885.2459
20250606,3873.9841
20250605,3877.5557
20250604,3868.7429
20250603,3852.0127
20250530,3840.2323
20250529,3858.6998
20250528,3836.2366
20250527,3839.3969
20250526,3860.1067
20250523,3882.2741
20250522,3913.8651
20250521,3916.3807
20250520,3898.1705
20250519,3877.1453
20250516,3889.0854
20250515,3907.1992
20250514,3943.2108
20250513,3896.2583
20250512,3890.6096
20250509,3846.1566
20250508,3852.8963
20250507,3831.627
20250506,3808.5424
20250430,3770.5705
20250429,3775.0767
20250428,3781.6188
20250425,3786.9937
20250424,3784.3574
20250423,3786.8824
20250422,3783.9522
20250421,3784.8806
20250418,3772.523
20250417,3772.2221
20250416,3772.8204
20250415,3761.2348
20250414,3759.1422
20250411,3750.5167
20250410,3735.1151
20250409,3686.7943
20250408,3650.759
20250407,3589.4406
20250403,3861.5034
20250402,3884.3858
20250401,3887.6841
20250331,3887.3056
20250328,3915.1662
20250327,3932.4117
20250326,3919.3566
20250325,3932.2951
20250324,3934.8486
20250321,3914.6956
20250320,3974.9918
20250319,4010.168
20250318,4007.7229
20250317,3996.7876
20250314,4006.5567
20250313,3911.5793
20250312,3927.2315
20250311,3941.4157
20250310,3928.8018
20250307,3944.0143
20250306,3956.2369
20250305,3902.5706
20250304,3885.2208
20250303,3888.4738
20250228,3890.0487
20250227,3968.1159
20250226,3959.9413
20250225,3925.6505
20250224,3969.7169
20250221,3978.444
20250220,3928.8959
20250219,3940.1602
20250218,3912.7829
20250217,3947.3983
20250214,3939.0085
20250213,3905.1398
20250212,3919.8617
20250211,3883.1352
20250210,3901.0618
20250207,3892.7028
20250206,3842.8314
20250205,3795.0848
20250127,3817.0802
20250124,3832.8637
20250123,3803.7439
20250122,3797.0166
20250121,3832.6145
20250120,3829.6764
20250117,3812.3429
20250116,3800.3836
20250115,3796.026
20250114,3820.5395
20250113,3722.513
20250110,3732.4806
20250109,3779.8773
20250108,3789.2153
20250107,3796.1055
20250106,3768.9697
20250103,3775.1648
20250102,3820.3952
20260605,4816.9199
20260604,4904.7454
20260603,4938.8091
20260602,4914.5591
20260601,4844.2556
20260529,4892.1213
20260528,4914.2133
20260527,4908.1714
20260526,4947.8493
20260525,4921.5974
20260522,4845.0956
20260521,4783.0976
20260520,4850.7
20260519,4852.8832
20260518,4833.5237
20260515,4859.5927
20260514,4914.5971
20260513,4998.3417
20260512,4948.0465
20260511,4951.8366
20260508,4871.9122
20260507,4900.5098
20260506,4877.0932
20260430,4807.3069
20260429,4810.3468
20260428,4758.2083
20260427,4770.9469
20260424,4769.3688
20260423,4786.3273
20260422,4799.627
20260421,4767.997
20260420,4757.4419
20260417,4728.6716
20260416,4736.6077
20260415,4685.2464
20260414,4701.2837
20260413,4646.1546
20260410,4636.5655
20260409,4566.2237
20260408,4595.556
20260407,4440.6162
20260403,4440.7889
20260402,4478.9141
20260401,4526.0668
20260331,4450.0493
20260330,4491.95
20260327,4502.5698
20260326,4477.5343
20260325,4537.4656
20260324,4474.7224
20260323,4417.9971
20260320,4567.0179
20260319,4583.2511
20260318,4658.3324
20260317,4637.4392
20260316,4671.5591
20260313,4669.14
20260312,4687.5601
20260311,4704.4959
20260310,4674.7562
20260309,4615.4551
20260306,4660.439
20260305,4647.6921
20260304,4602.6247
20260303,4655.8962
20260302,4728.6688
20260227,4710.6469
20260226,4726.8739
20260225,4735.8858
20260224,4707.544
20260213,4660.4056
20260212,4719.578
20260211,4713.8185
20260210,4724.2956
20260209,4719.0559
20260206,4643.5959
20260205,4670.4188
20260204,4698.6832
20260203,4660.1074
20260202,4605.9799
20260130,4706.3401
20260129,4753.8697
20260128,4717.9914
20260127,4705.6918
20260126,4706.964
20260123,4702.4966
20260122,4723.7091
20260121,4723.0692
20260120,4718.8782
20260119,4734.4556
20260116,4731.8728
20260115,4751.4293
20260114,4741.9306
20260113,4761.0324
20260112,4789.9155
20260109,4758.9221
20260108,4737.6536
20260107,4776.6658
20260106,4790.6938
20260105,4717.7457
