ts_code,ann_date,f_ann_date,end_date,total_liab,money_cap,total_assets
000001.SZ,20140307,20140307,20131231,1779660000000.0,,1891741000000.0
000002.SZ,20140307,20140307,20131231,373765900091.91,44365409795.23,479205323490.54
000009.SZ,20140426,20140426,20131231,8559070247.89,1610119252.27,13611801387.92
000008.SZ,20140329,20140329,20131231,63041591.05,146402540.12,626625950.69
000006.SZ,20140315,20140315,20131231,5781251216.87,2051049279.23,9968160024.99
000012.SZ,20140325,20140325,20131231,6677954195.0,279672523.0,15078866777.0
000021.SZ,20140331,20140331,20131231,8765406113.45,8034409399.38,13726551759.03
000027.SZ,20140328,20140328,20131231,14554052998.8,3751417510.25,33393505287.47
000025.SZ,20140401,20140401,20131231,497282896.09,69898791.56,700998151.85
000028.SZ,20140322,20140322,20131231,8741259876.74,1113562211.65,11057896941.31
000030.SZ,20140430,20140430,20131231,2862417622.96,308926920.88,7110347411.96
000031.SZ,20140412,20140412,20131231,31632320890.76,6925058798.37,40602717174.27
000034.SZ,20140312,20140312,20131231,272124427.1,58652039.12,378211289.87
000032.SZ,20140429,20140429,20131231,486380757.18,240945178.77,1501408866.53
000039.SZ,20140326,20140326,20131231,48109844000.0,4771047000.0,72605972000.0
000046.SZ,20140328,20140328,20131231,31087026114.66,4945864299.24,40738039058.4
000049.SZ,20140225,20140225,20131231,2718721124.98,335928255.3,3371093018.1
000061.SZ,20140430,20140430,20131231,6130575334.88,1458257118.47,12223389831.94
000050.SZ,20140305,20141023,20131231,4691036842.0,955188987.0,7976761304.0
000060.SZ,20140327,20140327,20131231,8112437187.71,1247336750.29,14449665050.75
000062.SZ,20140307,20140307,20131231,2870336254.71,586647284.2,4873478785.22
000063.SZ,20140327,20140327,20131231,76453808000.0,20903035000.0,100079497000.0
000066.SZ,20140422,20140422,20131231,30537476434.43,2878871176.11,39225526460.61
000069.SZ,20140313,20140313,20131231,60223055233.09,9408856529.85,87878764490.05
000078.SZ,20140422,20140422,20131231,6131234764.69,1496651012.62,8019242139.7
000088.SZ,20140416,20140416,20131231,480238324.89,870941408.83,5587084672.07
000089.SZ,20140403,20140403,20131231,4048226109.88,949178490.87,11861319705.03
000090.SZ,20140329,20140329,20131231,6420474482.16,1843504064.82,9791523331.14
000099.SZ,20140410,20140410,20131231,1382928147.02,220021499.85,3839990380.87
000100.SZ,20140225,20140225,20131231,58122544000.0,12317735000.0,78080637000.0
000155.SZ,20140423,20140423,20131231,2177058252.28,401400178.74,2933449291.19
000156.SZ,20140326,20140326,20131231,3270950623.37,829827921.37,5084532539.89
000157.SZ,20140329,20140329,20131231,47485587398.53,20072218953.24,89537157719.77
000158.SZ,20140426,20140426,20131231,3330821734.15,407651547.61,5773239230.75
000166.SZ,20140429,20140429,20131231,51446616175.79,31228377283.45,70826911411.1
000301.SZ,20140411,20140411,20131231,702634869.88,479649022.06,3666707310.75
000333.SZ,20140329,20140329,20131231,57865462490.0,15573683040.0,96946024770.0
000400.SZ,20140328,20140328,20131231,4473940940.89,1171526317.63,8290920937.11
000338.SZ,20140331,20140331,20131231,44194497360.82,19580127632.91,78521808732.21
000401.SZ,20140415,20140415,20131231,29194420991.85,2622424409.21,43094221420.67
000402.SZ,20140320,20140320,20131231,51614923642.68,9774054408.66,76070576432.56
000403.SZ,20140430,20140430,20131231,835471815.68,16029051.09,1187156351.99
000413.SZ,20140429,20140429,20131231,3158776962.57,2586660951.04,9032978401.14
000408.SZ,20140430,20150206,20131231,383181542.91,2499316.0,576770489.47
000415.SZ,20140429,20140429,20131231,48739758000.0,3764500000.0,57125361000.0
000417.SZ,20140410,20140410,20131231,4066331802.35,3778261604.55,7517705624.82
000418.SZ,20140307,20140307,20131231,4688197995.08,1617373088.5,9222527380.74
000425.SZ,20140408,20140408,20131231,29384573276.9,6605495331.66,49096743161.55
000423.SZ,20140312,20140312,20131231,895440610.5,2213848307.15,5979724985.57
000426.SZ,20140329,20140329,20131231,1527345659.48,812648179.1,4257847847.53
000429.SZ,20140328,20140328,20131231,7641731078.18,976468685.82,12694475514.01
000488.SZ,20140321,20140321,20131231,32883530036.29,2547729794.24,47521883569.18
000501.SZ,20140421,20140421,20131231,9507827558.09,2126703639.8,12634382423.39
000503.SZ,20140419,20140419,20131231,155719825.25,534177011.05,1428044342.97
000511.SZ,20140428,20150430,20131231,1722637046.97,60664187.36,3395308439.45
000517.SZ,20140304,20140304,20131231,4970114123.68,363797772.19,8225112440.81
000513.SZ,20140325,20140325,20131231,2961486641.03,761044135.54,6566006124.91
000528.SZ,20140401,20140401,20131231,12811272014.43,4276730693.6,22179900317.3
000519.SZ,20140418,20140418,20131231,1311556839.21,1349206951.89,4918595612.16
000536.SZ,20140426,20150310,20131231,6014023827.96,2538824640.9,9713021883.21
000537.SZ,20140225,20140225,20131231,2084865873.23,1857389728.38,4151469156.4
000538.SZ,20140328,20140328,20131231,3852125506.92,2082951549.6,12880915675.82
000540.SZ,20140422,20140422,20131231,32796564913.56,3922532603.15,36450489783.45
000539.SZ,20140424,20140424,20131231,42326048183.0,4377311176.0,67918719035.0
000541.SZ,20140425,20140425,20131231,448394502.25,897675824.22,3373781552.85
000547.SZ,20140418,20140418,20131231,1059197152.21,534711968.81,2837295663.74
000543.SZ,20140318,20140318,20131231,11854638154.8,1108407881.22,21830258591.8
000552.SZ,20140415,20140415,20131231,3128509394.98,880247566.5,5734914650.53
000550.SZ,20140315,20140315,20131231,7306893160.0,6479972411.0,16483747701.0
000553.SZ,20140306,20140306,20131231,1161829243.3,414065921.21,2708271174.34
000559.SZ,20140331,20140331,20131231,5900090087.66,1052547473.53,9742689641.69
000555.SZ,20140326,20140326,20131231,4109121527.9,1568106047.31,6032824327.11
000563.SZ,20140327,20140327,20131231,419756273.91,942975941.35,3929188447.31
000564.SZ,20140429,20140429,20131231,5009604773.07,3012645956.77,6709266885.76
000566.SZ,20140416,20140416,20131231,1882279543.53,731181962.09,3471916031.04
000572.SZ,20140331,20140331,20131231,4380718023.62,2330831228.75,13822711712.4
000568.SZ,20140412,20140412,20131231,3096868423.56,5349434667.26,13734290010.46
000581.SZ,20140415,20140415,20131231,3076579210.43,2447555672.4,13074232730.91
000587.SZ,20140325,20140325,20131231,1018423278.25,963331304.06,2215116685.49
000582.SZ,20140425,20140425,20131231,4711528512.57,437407090.83,8567854120.23
000591.SZ,20140315,20141021,20131231,2610667721.1,719866201.72,3171177879.98
000592.SZ,20140430,20140430,20131231,479114462.51,121396201.61,1826902776.48
000598.SZ,20140225,20140225,20131231,3602199638.62,1506883427.55,10402980126.64
000600.SZ,20140428,20140428,20131231,12818590596.33,962657987.03,17999509790.33
000596.SZ,20140418,20140418,20131231,2074178305.22,1381930710.96,5816934562.27
000616.SZ,20140225,20140225,20131231,7234256458.22,1258463789.68,11747861729.07
000612.SZ,20140319,20180329,20131231,2871766030.23,551417089.01,7195378210.2
000623.SZ,20140422,20140422,20131231,1450704774.49,1307544205.45,12106377304.8
000620.SZ,20140425,20140425,20131231,14733950322.72,2644352914.42,18264395018.92
000617.SZ,20140307,20140307,20131231,1624316235.83,101522954.54,2334154319.6
000625.SZ,20140417,20140417,20131231,34724741690.22,4281715600.23,53364694275.91
000627.SZ,20140426,20140426,20131231,720709184.52,124280775.5,2156951593.96
000629.SZ,20140418,20140418,20131231,20641241885.63,2477458927.87,35749479562.06
000630.SZ,20140430,20140430,20131231,27790813934.21,3530072832.19,39747398110.71
000631.SZ,20140326,20140326,20131231,9875773376.72,1056497619.51,12882844000.28
000636.SZ,20140318,20140318,20131231,1555971608.88,518562285.81,3868911741.05
000651.SZ,20140425,20140425,20131231,98235425674.76,38541684470.83,133702103359.54
000652.SZ,20140416,20140416,20131231,16820384754.32,3636285418.67,19807704254.98
000657.SZ,20140325,20140325,20131231,5694881269.07,1260477813.44,9618647267.31
000656.SZ,20140422,20140422,20131231,52467541567.09,6364503639.9,62395055252.31
000661.SZ,20140328,20141023,20131231,1101017511.56,607634429.64,2804640231.32
000667.SZ,20140415,20140415,20131231,9506810268.96,1484589824.36,15080487400.22
000669.SZ,20140328,20140328,20131231,3445754328.01,395947245.97,5755599120.87
000680.SZ,20140426,20140426,20131231,7816122423.78,1788139330.51,12580070535.24
000671.SZ,20140403,20140403,20131231,28412915452.03,2577713272.95,32710619895.0
000681.SZ,20140129,20140129,20131231,39420836.75,37809729.33,208595413.47
000683.SZ,20140416,20140416,20131231,7568292752.94,735995250.41,11755531479.74
000685.SZ,20140422,20140422,20131231,1618993596.36,431757892.72,8205166722.04
000686.SZ,20140314,20140314,20131231,12391055302.35,6127527315.61,19932609164.78
000690.SZ,20140124,20140124,20131231,5238351532.25,2095791973.01,9823898841.34
000703.SZ,20140312,20140312,20131231,16432765649.72,1441777964.41,23805537463.84
000697.SZ,20140419,20140419,20131231,154551385.12,201558156.49,725672201.45
000708.SZ,20140218,20140218,20131231,1362408456.0,82210851.0,4501734738.0
000709.SZ,20140429,20140429,20131231,122107275751.33,12344823690.86,166898041161.44
000712.SZ,20140311,20140311,20131231,6660931811.84,1964098944.76,10285825031.75
000717.SZ,20140311,20140311,20131231,17300113680.37,600946660.62,21647076784.5
000718.SZ,20140425,20140425,20131231,16368308807.2,1829530001.86,20696857295.79
000726.SZ,20140327,20140327,20131231,1997348584.08,872461415.0,8411948561.49
000723.SZ,20140425,20140425,20131231,397915022.51,89839014.73,890792372.92
000725.SZ,20140422,20140422,20131231,54384188088.0,20464553422.0,92538451492.0
000727.SZ,20140328,20140328,20131231,523530637.53,63198475.28,927711879.43
000728.SZ,20140318,20140819,20131231,14855097981.95,6868720438.2,30493911597.46
000729.SZ,20140328,20141017,20131231,5964566060.77,1609157175.26,18905357579.64
000732.SZ,20140418,20140418,20131231,30604993765.0,6617371792.18,35695370103.33
000733.SZ,20140425,20140425,20131231,1284488360.65,399491499.07,3774052833.97
000738.SZ,20140429,20140429,20131231,1953839121.91,1663543721.29,6467998786.02
000739.SZ,20140318,20140318,20131231,2804427323.7,810744474.07,4662256191.02
000750.SZ,20140328,20140328,20131231,8110548482.91,6090631863.82,14586324766.91
000748.SZ,20140409,20140409,20131231,1421522241.78,705226093.76,2838891640.35
000758.SZ,20140422,20140422,20131231,10629983509.83,1832744278.94,16912681650.65
000761.SZ,20140424,20140424,20131231,27371741097.48,4574532598.83,43050307324.66
000762.SZ,20140328,20140328,20131231,486108045.38,1046898452.59,2590986215.12
000768.SZ,20140401,20140401,20131231,19776953320.69,5460146298.71,32110890616.61
000776.SZ,20140422,20140422,20131231,82560567443.34,32003625127.56,117348995593.78
000766.SZ,20140310,20140310,20131231,491911455.38,18753188.45,1106992392.01
000777.SZ,20140325,20140325,20131231,770651452.04,299808515.61,1831202942.62
000778.SZ,20140408,20140408,20131231,33883354990.78,7322755713.36,51144901682.11
000783.SZ,20140421,20140421,20131231,18883968618.63,10025772589.73,31576225003.98
000786.SZ,20140320,20140320,20131231,5157205129.58,766931681.63,10588926913.42
000785.SZ,20140327,20140327,20131231,2088929055.19,660803415.21,3011412578.44
000792.SZ,20140327,20140327,20131231,35795230486.38,2331434232.87,53800667247.57
000793.SZ,20140315,20140315,20131231,2512020360.13,1459451677.48,7177477248.38
000800.SZ,20140329,20160401,20131231,12471157038.24,1284832460.38,21073450001.51
000806.SZ,20140418,20140418,20131231,1221261663.02,83041173.64,2083055750.55
000807.SZ,20140428,20140428,20131231,17550283207.79,1077016847.08,22966881737.88
000813.SZ,20140322,20140322,20131231,490475174.33,52249306.78,1900505478.14
000810.SZ,20140426,20140426,20131231,443082698.82,41301618.64,1091943678.77
000818.SZ,20140321,20140321,20131231,816541111.44,82949106.05,2761504741.94
000816.SZ,20140430,20140430,20131231,3325359530.86,764880322.33,5425565151.3
000825.SZ,20140426,20140426,20131231,49674352279.96,4506224118.58,75811419821.65
000829.SZ,20140421,20140421,20131231,8589655107.89,3551315565.39,11545191682.01
000826.SZ,20140325,20140325,20131231,3046640845.8,1791637112.84,7447253547.42
000831.SZ,20140421,20141021,20131231,237166943.53,351213924.06,2883812762.78
000830.SZ,20140422,20140422,20131231,12269585949.79,530359563.63,17881045516.41
000839.SZ,20140328,20210831,20131231,6649418390.93,1255709927.59,11562353436.99
000858.SZ,20140418,20140418,20131231,7110217586.21,25763495274.95,44129502138.3
000848.SZ,20140312,20140312,20131231,836619523.41,715202507.19,1875363902.22
000860.SZ,20140122,20140122,20131231,10613060640.1,1856028051.81,13789477138.05
000861.SZ,20140401,20140401,20131231,3056022355.18,405806407.96,4929322873.68
000869.SZ,20140426,20140426,20131231,1630511960.0,1367818182.0,8001532444.0
000876.SZ,20140418,20140418,20131231,12769299409.46,3130557615.16,29535113334.76
000877.SZ,20140313,20140313,20131231,13405163894.61,1220304792.8,21328899068.06
000878.SZ,20140402,20140402,20131231,19896177060.72,2665114933.02,26589863693.16
000887.SZ,20140416,20140416,20131231,1852543145.61,379959114.16,4141648912.99
000883.SZ,20140429,20140429,20131231,17186014557.95,1140881616.03,31687461849.99
000895.SZ,20140225,20140225,20131231,4742773592.93,3845656611.42,19746141970.4
000893.SZ,20140329,20140329,20131231,5101800332.63,2262008385.02,6212091002.89
000900.SZ,20140329,20140329,20131231,9922560704.28,1434743501.03,16090948790.17
000898.SZ,20140331,20140331,20131231,45775000000.0,1126000000.0,92865000000.0
000897.SZ,20140327,20140327,20131231,5894620956.15,1134345412.95,8134065641.08
000919.SZ,20140325,20140325,20131231,729939458.78,944828652.4,3304398493.0
000917.SZ,20140429,20140429,20131231,7108606160.71,4360664117.96,16941417651.46
000921.SZ,20140328,20140328,20131231,8781371568.01,473787177.54,11964709290.58
000926.SZ,20140222,20140222,20131231,18209509754.29,2430105104.04,27110988725.25
000930.SZ,20140418,20140418,20131231,3457891434.91,255302731.09,6551388260.3
000932.SZ,20140301,20140301,20131231,57855891608.51,3034904716.84,70790606000.08
000931.SZ,20140412,20140412,20131231,3710053030.0,537452316.5,4345437854.03
000933.SZ,20140328,20140328,20131231,32223011048.07,3641628808.22,43413537959.93
000937.SZ,20140423,20140423,20131231,23023317721.36,3686039473.94,41101924491.0
000938.SZ,20140402,20141022,20131231,1926165298.77,468927132.37,3221787662.18
000939.SZ,20140426,20140426,20131231,8841359331.54,820407858.62,11956152087.13
000951.SZ,20140328,20140328,20131231,11039317298.0,1396967782.7,15748595766.18
000958.SZ,20140321,20140321,20131231,1578092987.45,799879875.53,2265183773.04
000959.SZ,20140430,20140430,20131231,8314396529.7,394466126.97,15771468287.63
000960.SZ,20140402,20140402,20131231,15569236513.14,2289607784.61,22657565377.73
000963.SZ,20140321,20140321,20131231,4658269429.12,853821387.91,7673413590.03
000961.SZ,20140410,20140410,20131231,55271395009.44,6424066771.28,65112103499.09
000967.SZ,20140426,20140426,20131231,1507495621.28,146203178.9,2450931735.16
000970.SZ,20140329,20140329,20131231,1239744460.58,2089058508.43,5405975505.08
000969.SZ,20140325,20140325,20131231,2902524568.81,984854218.01,7497778485.42
000975.SZ,20140128,20141023,20131231,219489373.23,839228562.48,4785602477.36
000973.SZ,20140315,20140315,20131231,2817084157.19,567155305.4,5106327790.27
000979.SZ,20140416,20140416,20131231,8995513399.29,1379266181.03,11609404428.17
000980.SZ,20140415,20140415,20131231,817001095.63,931759253.1,2809626582.85
000977.SZ,20140329,20140329,20131231,2374216188.07,261698823.48,3439446773.18
000987.SZ,20140328,20140328,20131231,1515877563.12,2363855132.36,3608004869.52
000983.SZ,20140401,20140401,20131231,27345396266.14,2865987432.02,46162167690.29
000988.SZ,20140228,20140228,20131231,1454650341.25,611661313.27,4172965692.99
000990.SZ,20140412,20140412,20131231,1636492683.57,704649075.01,3330041527.75
000997.SZ,20140418,20140418,20131231,1992662723.42,875148868.96,3693720906.68
000999.SZ,20140308,20140308,20131231,3881459807.76,1361959373.55,10242491476.32
000998.SZ,20140328,20140328,20131231,2094800933.38,578620981.11,3832779803.72
001203.SZ,20140504,20140504,20131231,5494458313.51,245511012.85,7880131735.04
001227.SZ,20160701,20160701,20131231,117385763000.0,,125579509000.0
001289.SZ,20141113,20141113,20131231,65120860027.06,3350772469.45,103707092088.11
001872.SZ,20140329,20140329,20131231,2618453032.83,715539516.48,7346529214.7
001696.SZ,20140424,20140424,20131231,1581571867.11,1004950563.69,4878616378.78
001914.SZ,20140301,20140301,20131231,13605284172.48,1393210565.24,17718045199.18
001965.SZ,20141110,20141110,20131231,10015000000.0,,31905000000.0
001979.SZ,20150918,20150918,20131231,112413600547.2,27450823017.55,152485010805.96
002001.SZ,20140329,20140329,20131231,1985316889.73,2664710568.85,8555874591.9
002002.SZ,20140412,20140412,20131231,4570162658.3,802635939.8,7048523667.45
002004.SZ,20140227,20140227,20131231,3635329277.89,1166087083.11,7647635981.79
002005.SZ,20140428,20140428,20131231,6643766737.19,915416105.61,10919673495.34
002007.SZ,20140326,20140326,20131231,332550165.21,1035311503.25,3643315938.55
002008.SZ,20140422,20140422,20131231,2749393309.46,796755475.85,6637725174.3
002010.SZ,20140401,20140401,20131231,1572026784.98,274158396.39,3633844460.7
002013.SZ,20140418,20140418,20131231,9799442780.47,1748989692.04,14749202083.4
002011.SZ,20140318,20140318,20131231,6076109426.09,1184130310.02,9496587991.29
002018.SZ,20140318,20140318,20131231,381375218.89,1334341349.27,3000185405.83
002019.SZ,20140329,20140329,20131231,553340726.08,124183674.8,1060985293.96
002022.SZ,20140320,20140320,20131231,162079698.18,474167662.89,1370202791.64
002025.SZ,20140415,20140415,20131231,496849667.47,460335404.62,2481028766.82
002024.SZ,20140329,20140329,20131231,53548764000.0,24806284000.0,82251671000.0
002027.SZ,20140428,20140428,20131231,194960178.67,149979074.9,683772323.28
002028.SZ,20140322,20140322,20131231,1554861457.49,1043082859.61,4992871287.79
002029.SZ,20140403,20140403,20131231,2208186084.69,2514560109.71,6847731416.43
002030.SZ,20140328,20140328,20131231,397084886.3,108263641.18,1155181397.92
002038.SZ,20140426,20140426,20131231,123088978.42,762976397.63,2712098957.85
002032.SZ,20140327,20140327,20131231,2004559074.03,1405405891.78,5737469958.54
002041.SZ,20140423,20140423,20131231,902082713.73,1492272007.44,3495007240.37
002044.SZ,20140425,20140425,20131231,333156421.43,318456123.81,759973212.87
002049.SZ,20140404,20140404,20131231,726241202.68,906856558.49,3078013080.2
002050.SZ,20140409,20140409,20131231,3433534639.64,689366982.28,6588528141.36
002048.SZ,20140425,20140425,20131231,3177817421.53,1183545544.29,7071122966.91
002051.SZ,20140403,20140403,20131231,11287648808.08,8052528487.99,16502730828.37
002056.SZ,20140320,20140320,20131231,1426248194.27,120344041.59,4391744314.0
002063.SZ,20140416,20140416,20131231,166200785.37,999644141.93,1824946102.17
002064.SZ,20140329,20140329,20131231,917455380.18,82047161.05,2777358574.89
002065.SZ,20140411,20140411,20131231,2295179056.58,1301601381.71,6009623719.7
002073.SZ,20140321,20140321,20131231,3442824080.02,829862716.27,6753161635.77
002074.SZ,20140418,20140418,20131231,733383073.26,185390699.5,1265696798.25
002075.SZ,20140426,20140426,20131231,4240956416.58,436449770.26,8382369631.77
002078.SZ,20140228,20140228,20131231,10367546827.96,1691384443.52,15889630408.19
002080.SZ,20140308,20140308,20131231,3886067605.38,311721489.46,6492778412.88
002081.SZ,20140412,20140412,20131231,12234039353.52,3597891668.77,17852634834.99
002085.SZ,20140410,20140410,20131231,2142225796.72,554271643.98,4212627536.83
002092.SZ,20140308,20140308,20131231,16355226507.75,434553730.02,25004633096.7
002106.SZ,20140327,20140327,20131231,1017851596.63,1841540831.12,5190849885.85
002093.SZ,20140426,20140426,20131231,995702359.11,218976659.39,2276693755.25
002110.SZ,20140425,20140425,20131231,5804220539.89,603149080.83,8595968326.08
002118.SZ,20140225,20140225,20131231,1832118136.45,111615632.78,3778053002.42
002271.SZ,20140318,20140318,20131231,1819412131.82,414072718.95,3520051366.85
002276.SZ,20140411,20140411,20131231,1503117350.97,668587267.42,4025019644.84
002273.SZ,20140424,20140424,20131231,105046945.37,266288208.25,1247038033.73
002277.SZ,20140328,20140328,20131231,3454437185.78,2023822388.0,6541539505.48
002280.SZ,20140129,20140129,20131231,72815761.48,215178964.11,498202212.14
002281.SZ,20140220,20140220,20131231,972114438.59,518711932.21,2643935750.55
002292.SZ,20140409,20140409,20131231,1446869910.96,1289116132.09,3242717975.85
002285.SZ,20140325,20140325,20131231,724544029.04,958460010.94,2497644886.02
002293.SZ,20140425,20140425,20131231,520020896.02,932276706.15,2645450265.48
002294.SZ,20140325,20140325,20131231,508363370.8,694236900.65,3643252581.73
002299.SZ,20140422,20140422,20131231,4822645094.81,681032929.05,8200848960.36
002302.SZ,20140412,20140412,20131231,5279719158.71,1438039789.69,8982385495.23
002304.SZ,20140423,20140423,20131231,10821704181.27,7854845762.12,28218443261.61
002309.SZ,20140418,20140418,20131231,12017672043.93,2451976335.8,15230713477.51
002308.SZ,20140418,20140418,20131231,337152031.91,1289751865.04,2476675264.66
002310.SZ,20140411,20140411,20131231,6845968703.5,3490517690.63,11999527096.87
002311.SZ,20140422,20140422,20131231,3308587758.78,1338093102.68,7391564710.6
002312.SZ,20140228,20140228,20131231,886597349.98,433726488.68,1761561206.71
002317.SZ,20140426,20140426,20131231,238037166.83,332639638.34,1980991338.68
002315.SZ,20140423,20140423,20131231,303469751.56,1286915935.88,2095667769.73
002325.SZ,20140425,20140425,20131231,1845173367.77,348758820.53,3678878672.92
002318.SZ,20140415,20140415,20131231,1241973424.18,384298828.51,3100236334.18
002326.SZ,20140228,20141022,20131231,900072744.05,71167571.48,1946016806.49
002332.SZ,20140328,20140328,20131231,1571760413.78,290098689.79,2753781655.82
002327.SZ,20140401,20140401,20131231,580553822.25,703488319.61,2382413366.28
002335.SZ,20140328,20140328,20131231,497032087.05,284599144.8,1542963835.72
002340.SZ,20140422,20140422,20131231,5084172418.92,719471085.22,7736608833.16
002342.SZ,20140306,20140306,20131231,1982205920.02,429926853.95,4351048684.27
002344.SZ,20140404,20140404,20131231,3584929227.52,1338271977.29,7521546157.94
002345.SZ,20140425,20140425,20131231,978128022.82,296577668.54,3415757277.77
002353.SZ,20140329,20140329,20131231,2853813387.42,1089052824.15,6890921179.04
002352.SZ,20140418,20140418,20131231,426315742.42,218631961.39,1151219084.02
002354.SZ,20140211,20140211,20131231,501483257.53,42418327.29,969504040.41
002366.SZ,20140311,20140311,20131231,181172475.17,292614659.69,912460399.59
002358.SZ,20140416,20140416,20131231,917597103.89,664519861.1,2818679602.23
002368.SZ,20140328,20140328,20131231,1981496654.4,1221745537.34,3861553479.46
002371.SZ,20140310,20140310,20131231,1820223787.4,262850937.25,3746064960.68
002372.SZ,20140416,20140416,20131231,356019806.73,649138495.02,2301313258.15
002375.SZ,20140426,20140426,20131231,8257534491.74,1662187318.72,12695571792.09
002373.SZ,20140410,20140410,20131231,350931431.84,173003561.81,827848360.58
002382.SZ,20140411,20140411,20131231,945689836.08,290146381.95,1930028209.34
002384.SZ,20140425,20140425,20131231,1934664340.25,373405619.05,3281367409.57
002385.SZ,20140422,20140422,20131231,2914459842.6,1560084719.67,8206462755.08
002387.SZ,20140408,20140408,20131231,436520848.03,411961768.15,1799328336.02
002390.SZ,20140428,20140428,20131231,450691594.08,254404151.44,1486623299.24
002392.SZ,20140422,20140422,20131231,845945010.08,178194653.58,3604817825.82
002396.SZ,20140321,20140321,20131231,1217195268.93,1298529312.09,3620777191.02
002399.SZ,20140418,20140418,20131231,203804578.2,6050275614.08,8271379204.5
002402.SZ,20140314,20140314,20131231,262480599.4,211129311.93,1037796465.84
002400.SZ,20140325,20140325,20131231,1399327760.2,806991394.65,3090506802.19
002407.SZ,20140326,20140326,20131231,1076328034.61,183386311.87,2712881240.35
002408.SZ,20140130,20140130,20131231,1920059468.87,361269425.82,5212934803.18
002405.SZ,20140313,20140313,20131231,402648127.3,1848822428.31,2987971914.97
002409.SZ,20140319,20140319,20131231,140395745.77,139585743.21,1388378308.08
002410.SZ,20140327,20140327,20131231,327985738.9,1601997780.04,2804592177.05
002415.SZ,20140422,20140422,20131231,2867124851.19,4592606345.6,14071528034.19
002411.SZ,20140415,20140415,20131231,439520094.56,109568823.38,1308963979.04
002414.SZ,20140328,20140328,20131231,341321794.92,878256681.89,2721033845.83
002416.SZ,20140422,20140422,20131231,7146153250.42,3506817368.48,11927947991.79
002419.SZ,20140228,20140228,20131231,6174695247.52,4748967664.82,10493571950.75
002423.SZ,20140320,20140320,20131231,1180863238.41,415696688.74,2971457960.15
002424.SZ,20140313,20140313,20131231,1351790491.92,720321347.33,3479168982.98
002422.SZ,20140426,20140426,20131231,7922938690.0,2280088669.0,17946851434.0
002426.SZ,20140318,20140318,20131231,1038029818.26,430032682.06,2490977821.08
002428.SZ,20140328,20140328,20131231,423181539.72,387053691.59,2005182397.21
002431.SZ,20140328,20140328,20131231,4490996107.62,763113276.31,7178887872.68
002430.SZ,20140417,20140417,20131231,6305849469.67,803025113.24,9984961504.98
002429.SZ,20140415,20140415,20131231,3386438861.47,1869154364.49,7212856369.15
002432.SZ,20140429,20141230,20131231,186390458.06,338678184.82,934155587.38
002434.SZ,20140325,20140325,20131231,1304861885.87,721594173.83,3419368821.01
002436.SZ,20140326,20140326,20131231,677662611.42,93753268.25,2300996204.19
002437.SZ,20140419,20140419,20131231,464602889.09,829922662.07,2942980911.98
002439.SZ,20140331,20140331,20131231,498143459.05,616060437.16,1831920871.95
002440.SZ,20140428,20140428,20131231,1322774142.72,147777697.34,6389760359.9
002444.SZ,20140411,20140411,20131231,998816699.22,989111393.59,4612814027.27
002450.SZ,20140421,20140421,20131231,4164688364.85,2675386027.07,7962752692.78
002456.SZ,20140315,20140315,20131231,6253394860.01,1660454260.42,9520024189.93
002458.SZ,20140425,20140425,20131231,890458050.31,116224250.25,1563190929.0
002459.SZ,20140314,20140314,20131231,1106106113.49,34360294.58,1623306355.19
002460.SZ,20140415,20140415,20131231,455144465.2,544895978.66,1795891836.47
002461.SZ,20140401,20140401,20131231,2436692778.6,442561103.23,5744543505.25
002463.SZ,20140425,20140425,20131231,1426608191.0,613661247.0,4807162560.0
002465.SZ,20140326,20140326,20131231,984827570.71,1502022863.6,5722226816.8
002466.SZ,20140422,20140422,20131231,813578352.23,47814793.19,1679066572.33
002475.SZ,20140304,20140304,20131231,3027798650.53,737335487.25,6164966051.18
002468.SZ,20140422,20140422,20131231,783697443.22,171424505.67,1546332372.98
002470.SZ,20140325,20140325,20131231,4549629565.29,815056959.62,8699950487.4
002472.SZ,20140428,20140428,20131231,729815160.69,74012101.54,2177957707.98
002477.SZ,20140424,20140424,20131231,4036905797.71,684257192.31,6267156787.94
002479.SZ,20140327,20140327,20131231,1281507331.78,445839679.59,3582056318.28
002482.SZ,20140425,20140425,20131231,5086320140.67,2119198387.03,8836655420.72
002489.SZ,20140408,20140408,20131231,1750389096.16,406981386.13,4899245226.68
002487.SZ,20140228,20140228,20131231,416922406.99,626348432.46,1926741164.27
002491.SZ,20140228,20140228,20131231,2553307981.46,677353620.35,4427957468.19
002493.SZ,20140312,20140312,20131231,18946337395.51,2881923546.99,28368092299.32
002497.SZ,20140329,20140329,20131231,553032262.42,349536810.18,2798191688.49
002500.SZ,20140422,20140422,20131231,9174261915.0,6964520159.0,16500145130.0
002498.SZ,20140319,20140319,20131231,916050352.15,1267948450.53,5041782717.81
002503.SZ,20140422,20140422,20131231,523151602.96,991269796.75,2630671715.36
002505.SZ,20140415,20140415,20131231,476133931.24,275287126.62,1325877686.14
002507.SZ,20140329,20140329,20131231,260022907.21,510704016.39,1298616567.92
002508.SZ,20140410,20140410,20131231,761078887.77,1280319800.72,2802787782.4
002506.SZ,20140429,20140429,20131231,6547811323.89,60432311.65,6269709135.25
002509.SZ,20140325,20140325,20131231,89674587.14,226835226.63,997088999.41
002511.SZ,20140410,20140410,20131231,2210534855.29,993648166.87,4492859170.9
002518.SZ,20140228,20140228,20131231,608088920.84,245383266.22,2042542146.91
002517.SZ,20140331,20140331,20131231,192167635.15,61311804.5,845061664.57
002512.SZ,20140410,20140410,20131231,399416812.35,433041855.89,2120075748.3
002531.SZ,20140410,20140410,20131231,1039715068.78,498295457.71,2927824893.9
002532.SZ,20140412,20140412,20131231,347292610.68,149625611.71,1417521313.74
002544.SZ,20140423,20140423,20131231,999627651.03,632652423.17,2068025570.77
002551.SZ,20140426,20140426,20131231,684224995.54,650311073.97,2019169226.51
002555.SZ,20140128,20140128,20131231,63564218.63,291465235.72,801102986.19
002557.SZ,20140410,20140410,20131231,1172544942.11,432986202.29,3871423555.45
002558.SZ,20140429,20140429,20131231,100897577.65,85044949.0,706535969.33
002563.SZ,20140317,20140317,20131231,1630477626.88,5021251581.99,9714473359.0
002568.SZ,20140328,20140328,20131231,12960499.69,431112076.25,652971793.61
002572.SZ,20140328,20140328,20131231,293608156.86,1152832810.21,2085789168.78
002573.SZ,20140402,20140402,20131231,1287876738.6,728925491.23,3654308708.04
002581.SZ,20140318,20140318,20131231,35492148.56,467699249.93,773799469.63
002583.SZ,20140403,20140403,20131231,1445082351.63,513030678.0,3423004384.6
002588.SZ,20140325,20140325,20131231,1621274497.53,1536667800.11,4293429183.7
002589.SZ,20140415,20140415,20131231,2804244825.84,648074433.42,4454233212.0
002594.SZ,20140320,20140320,20131231,51536470000.0,5378828000.0,76392911000.0
002595.SZ,20140315,20140315,20131231,219266485.37,608846312.05,2468827442.74
002602.SZ,20140318,20140318,20131231,424259099.94,117019801.84,2070523250.68
002601.SZ,20140304,20140304,20131231,1407229855.44,390562740.62,3574832405.61
002600.SZ,20140425,20140425,20131231,817625858.09,361704573.98,2195442010.27
002603.SZ,20140410,20140410,20131231,399692910.78,709634561.29,4658033725.61
002607.SZ,20140409,20140409,20131231,2080128080.98,523470847.77,2986103887.44
002625.SZ,20140426,20140426,20131231,86501824.99,92231861.28,523314915.64
002608.SZ,20140411,20140411,20131231,5326469685.42,850051898.18,7469541977.55
002624.SZ,20140305,20140305,20131231,251496539.31,20579235.08,759060231.01
002635.SZ,20140328,20140328,20131231,239151256.05,592190563.56,1433305797.92
002640.SZ,20140428,20140428,20131231,276711268.41,200607365.02,977697069.89
002642.SZ,20140329,20140329,20131231,525336257.39,438651301.83,2158229836.21
002646.SZ,20140425,20140425,20131231,342153722.68,1060020214.42,2384045520.34
002648.SZ,20140318,20140318,20131231,2624127660.76,741635719.53,6272516838.81
002657.SZ,20140328,20140328,20131231,658414919.36,540241217.39,1368366255.97
002653.SZ,20140314,20140314,20131231,530242884.95,1054519306.91,2457188461.98
002665.SZ,20140328,20140328,20131231,762841837.09,335697490.66,2575266880.38
002670.SZ,20140424,20140424,20131231,574015356.97,141167731.22,1367080888.56
002663.SZ,20140228,20140228,20131231,1218044715.81,1111287568.6,3397753232.69
002673.SZ,20140425,20140425,20131231,6488884715.35,5572557043.45,11135367598.62
002672.SZ,20140328,20140328,20131231,817494078.52,946887455.89,3267457572.29
002683.SZ,20140328,20140328,20131231,1411186212.79,571793782.19,2959912347.43
002678.SZ,20140305,20140305,20131231,461153489.74,541842603.31,2267266460.64
002681.SZ,20140320,20140320,20131231,212336487.6,651031195.57,1205878750.71
002690.SZ,20140409,20140409,20131231,153663513.02,967010835.44,1678141956.47
002698.SZ,20140423,20140423,20131231,440514016.76,21609843.11,1913860272.66
002701.SZ,20140329,20140329,20131231,2049954650.0,1019513805.0,5371383864.0
002699.SZ,20140412,20140412,20131231,145680276.7,133107842.79,807969010.4
002705.SZ,20140425,20140425,20131231,2056000640.81,443114919.31,3377029612.74
002707.SZ,20140403,20140403,20131231,385593686.76,265854013.69,676447632.01
002709.SZ,20140418,20140418,20131231,230453732.24,76954058.76,795685851.49
002714.SZ,20140402,20140402,20131231,1977711785.19,187835839.49,3234543056.34
002736.SZ,20141211,20141211,20131231,54220433605.83,22776184388.22,74817919566.09
002727.SZ,20140610,20140610,20131231,1022719017.05,520425407.54,2072847641.42
002738.SZ,20141211,20141211,20131231,150142287.44,60300863.67,584234428.03
002739.SZ,20150106,20150106,20131231,1249395373.59,1175230430.3,3452449053.28
002745.SZ,20150202,20150202,20131231,2380348662.53,816991386.82,3435884396.25
002761.SZ,20150525,20150525,20131231,170223346.4,148971948.37,534864129.43
002756.SZ,20150424,20150424,20131231,405721906.17,497051401.34,1882359308.37
002773.SZ,20150610,20150610,20131231,305691059.72,746088888.25,1694991103.73
002791.SZ,20160310,20160310,20131231,416402572.09,297163417.05,1378631516.28
002797.SZ,20160425,20160425,20131231,6484910127.5,2184861161.19,11303573009.07
002807.SZ,20160726,20160726,20131231,70333981000.0,,76044232000.0
002812.SZ,20160823,20160823,20131231,401953744.21,110206722.89,1023472776.75
002815.SZ,20160912,20160912,20131231,722050189.83,89093254.29,1341643310.28
002818.SZ,20161017,20161017,20131231,1241043588.12,311633272.69,2780507606.06
002821.SZ,20161031,20161031,20131231,227089465.01,84335102.1,913189155.82
002831.SZ,20161125,20161125,20131231,1274026191.81,371644324.98,2431434427.36
002837.SZ,20161215,20161215,20131231,133351764.2,50263062.23,238506646.45
002839.SZ,20161213,20161213,20131231,66976563373.17,,72570397210.25
002841.SZ,20161229,20161229,20131231,753846327.91,509498392.35,1100223834.23
002850.SZ,20161108,20161108,20131231,274269849.12,48205071.02,640991349.49
002851.SZ,20161209,20161209,20131231,402691119.38,70401589.79,904354354.3
002865.SZ,20160714,20160714,20131231,568355948.63,72631941.65,990873597.54
002867.SZ,20161116,20161116,20131231,752592617.07,311129556.44,1902009311.43
002901.SZ,20160520,20160520,20131231,71578304.43,36927247.15,296188222.57
002916.SZ,20170106,20170106,20131231,2084961997.81,147350430.41,3294794447.27
002920.SZ,20160603,20160603,20131231,978929600.0,89237700.0,1463732400.0
002925.SZ,20160930,20160930,20131231,144367412.95,37335114.26,279673891.47
002926.SZ,20150619,20150619,20131231,13232969508.15,7761352524.7,20278479760.91
002936.SZ,20161223,20161223,20131231,139797818000.0,,149334284000.0
002939.SZ,20160923,20160923,20131231,12536088774.43,5209705772.01,18787396100.33
002941.SZ,20140429,20140429,20131231,2347234861.52,646551754.21,2835045214.19
002945.SZ,20160930,20160930,20131231,2611749258.78,3148450399.6,3780014539.18
002946.SZ,20140804,20140804,20131231,1744676900.0,,2093690900.0
002948.SZ,20161216,20161216,20131231,127484219000.0,,135689371000.0
002958.SZ,20150910,20150910,20131231,115084118736.13,,125619558195.23
002966.SZ,20161202,20161202,20131231,148315897000.0,,163959623000.0
003035.SZ,20140613,20140613,20131231,514323900.0,,923513600.0
003816.SZ,20150123,20150123,20131231,95891170156.76,9399896545.54,127439549140.72
300002.SZ,20140318,20140318,20131231,552021112.82,1483831768.2,4159961009.51
300001.SZ,20140326,20140326,20131231,900552138.35,302760643.83,2322127098.78
300009.SZ,20140326,20140326,20131231,89211416.74,230915849.72,749810852.17
300003.SZ,20140325,20140325,20131231,233817216.59,704420573.28,3128247647.77
300014.SZ,20140228,20140228,20131231,374260456.51,247182615.45,1270129571.61
300010.SZ,20140228,20140228,20131231,356260683.39,127705471.8,1228661815.19
300012.SZ,20140410,20140410,20131231,165813100.0,537541051.35,1151909174.72
300015.SZ,20140322,20140322,20131231,380049889.14,619705986.97,2118840830.1
300017.SZ,20140315,20140315,20131231,253114921.01,565410042.17,1391348211.67
300027.SZ,20140327,20140327,20131231,3253894653.44,1137400910.54,7212350494.06
300024.SZ,20140410,20140410,20131231,758914864.89,342190988.49,2420912871.26
300026.SZ,20140410,20140410,20131231,516399477.48,400514888.1,2218991608.49
300032.SZ,20140218,20140218,20131231,386977686.53,69086529.59,1287391814.52
300033.SZ,20140412,20140412,20131231,179616186.15,1026742865.18,1318714169.97
300039.SZ,20140228,20140228,20131231,164717002.97,814013341.73,1770810467.77
300037.SZ,20140325,20140325,20131231,195221958.04,375830966.1,1447068848.76
300043.SZ,20140328,20140328,20131231,712894410.28,227862815.18,1824561646.01
300054.SZ,20140215,20140215,20131231,261647272.08,379595939.1,1377453638.98
300055.SZ,20140424,20140424,20131231,536741852.79,1155838059.75,2391555925.38
300058.SZ,20140411,20140411,20131231,2865808221.23,1205377005.43,6729456651.81
300070.SZ,20140328,20140328,20131231,3009780998.09,2171805170.09,8132727229.92
300059.SZ,20140425,20140425,20131231,743607844.89,1746259555.95,2432782397.4
300073.SZ,20140415,20140415,20131231,147368641.86,84859912.9,992895587.44
300072.SZ,20140326,20140326,20131231,1760978509.94,794229248.98,3318254290.62
300085.SZ,20140307,20140307,20131231,13049322.53,295732521.77,535112376.35
300088.SZ,20140328,20140328,20131231,597897033.04,171118800.65,2256818491.49
300100.SZ,20140422,20140422,20131231,840113178.44,304994692.67,1843288317.14
300104.SZ,20140322,20140322,20131231,2940799215.69,608218105.29,5020324966.22
300113.SZ,20140228,20140228,20131231,382396723.08,700851164.86,1260201229.12
300114.SZ,20140326,20140326,20131231,279807592.74,230450391.41,1177512124.4
300115.SZ,20140326,20140326,20131231,582781433.57,235396428.37,2341614326.25
300118.SZ,20140403,20140403,20131231,2049774647.04,744241182.38,4099729356.82
300124.SZ,20140313,20140313,20131231,561693983.52,2100266895.78,3795331510.49
300122.SZ,20140425,20140425,20131231,198606857.81,1210441751.37,2587866698.81
300133.SZ,20140423,20140423,20131231,285357685.77,418020507.13,2105331360.56
300134.SZ,20140328,20140328,20131231,744805366.86,828629217.55,2972141745.86
300136.SZ,20140412,20140412,20131231,170337595.57,192867738.53,797771279.04
300142.SZ,20140416,20140416,20131231,3197372838.13,1229958352.78,6135837456.68
300140.SZ,20140307,20140307,20131231,159244182.18,438322412.07,1026881719.93
300146.SZ,20140228,20140228,20131231,222549545.85,1530180958.54,2455327971.3
300144.SZ,20140226,20140226,20131231,273465163.23,905102987.87,3455816272.78
300147.SZ,20140329,20140329,20131231,1764698595.02,761209013.31,3474708020.44
300156.SZ,20140429,20150307,20131231,1258619292.62,740162876.27,2744947675.21
300159.SZ,20140312,20140312,20131231,142237310.24,595092626.19,1172783767.8
300166.SZ,20140425,20140425,20131231,119419523.14,281727043.77,1135197833.49
300168.SZ,20140419,20140419,20131231,596888491.26,742208694.05,2078281843.33
300180.SZ,20140423,20140423,20131231,66922715.28,276582643.08,1389213848.95
300197.SZ,20140415,20140415,20131231,1801869078.56,681963443.57,3604849848.65
300182.SZ,20140418,20140418,20131231,480855019.5,848098383.42,1918338081.03
300199.SZ,20140320,20140320,20131231,164477240.23,447486482.34,1288684263.34
300202.SZ,20140402,20140402,20131231,201042566.8,472447423.24,1246093177.81
300207.SZ,20140415,20140415,20131231,1515268594.53,421927799.22,2806024449.68
300223.SZ,20140329,20140329,20131231,12055539.44,847827125.03,1090636877.42
300212.SZ,20140325,20140325,20131231,1270983062.81,221244641.8,2187719992.07
300244.SZ,20140408,20140408,20131231,221678658.61,272098555.16,811493238.66
300251.SZ,20140326,20140326,20131231,371263845.48,621607767.92,2590643886.38
300253.SZ,20140307,20140307,20131231,111190148.33,458093549.42,741311570.83
300266.SZ,20140425,20140425,20131231,173903148.83,150491870.79,719725844.7
300257.SZ,20140409,20140409,20131231,640154970.46,1678344334.45,3868927996.25
300267.SZ,20140128,20140128,20131231,113007436.05,501979735.74,1447001097.64
300271.SZ,20140417,20140417,20131231,289815039.58,436993695.67,1277845983.37
300273.SZ,20140423,20140423,20131231,507431244.12,495171643.61,1567500050.74
300285.SZ,20140415,20140415,20131231,77328130.73,226061054.25,729769488.9
300274.SZ,20140320,20140320,20131231,1857953773.14,1258099486.83,3906167188.22
300287.SZ,20140424,20140424,20131231,394567956.94,107023365.23,950159525.87
300291.SZ,20140401,20140401,20131231,98545296.9,389394157.67,1145647842.65
300296.SZ,20140327,20140327,20131231,505194079.21,261360080.47,1241198637.0
300297.SZ,20140425,20140425,20131231,403827606.29,408677824.12,1088703880.98
300308.SZ,20140425,20140425,20131231,210664274.32,210593944.01,740001910.56
300315.SZ,20140425,20140425,20131231,403094425.02,842231984.95,1927407759.94
300324.SZ,20140329,20140329,20131231,103357034.59,351113875.68,640720422.18
300316.SZ,20140423,20140423,20131231,120816435.81,988263255.45,1817881894.42
300346.SZ,20140424,20140424,20131231,64114019.82,112140816.8,1205758622.98
300339.SZ,20140325,20140325,20131231,351337232.14,433166369.98,1093508526.09
300347.SZ,20140318,20140318,20131231,52865556.44,455185427.43,808010000.49
300357.SZ,20140418,20140418,20131231,12035454.1,103336413.96,263954870.83
300363.SZ,20140325,20140325,20131231,519665291.88,88829462.72,948091384.37
300373.SZ,20140408,20140408,20131231,147689052.94,45928375.92,543766391.69
300376.SZ,20140422,20140422,20131231,926166864.85,367140847.4,1691548714.61
300383.SZ,20140319,20140319,20131231,143357599.77,43035367.79,451812272.85
300390.SZ,20140715,20140715,20131231,87330920.5,43950336.06,285594049.23
300394.SZ,20150202,20150202,20131231,16249151.94,67302530.05,269654649.77
300408.SZ,20141114,20141114,20131231,642605792.89,132889368.0,2439033548.97
300395.SZ,20140820,20140820,20131231,101149100.02,85348927.43,421960239.95
300413.SZ,20150106,20150106,20131231,539397210.2,1020954639.41,1397163502.45
300432.SZ,20150303,20150303,20131231,320330484.08,50467067.53,593310188.3
300418.SZ,20150106,20150106,20131231,396239873.11,659662605.55,1249672658.06
300433.SZ,20150303,20150303,20131231,7054983804.75,1365613427.9,13284423031.02
300438.SZ,20150403,20150403,20131231,272494862.97,69078350.22,675455729.59
300442.SZ,20150403,20150403,20131231,257723239.22,141745673.46,665928307.96
300450.SZ,20150424,20150424,20131231,137922566.81,19660859.2,381910023.58
300458.SZ,20150424,20150424,20131231,178170224.54,637205710.99,1151016907.11
300459.SZ,20150424,20150424,20131231,221931417.15,67871094.45,597420051.05
300463.SZ,20150511,20150511,20131231,232533319.29,105911198.36,837017877.1
300474.SZ,20160314,20160314,20131231,91982099.74,56893122.4,314781935.59
300476.SZ,20150525,20150525,20131231,549323079.65,174689748.74,1081427481.03
300482.SZ,20150610,20150610,20131231,94879212.27,103835713.51,336351503.18
300487.SZ,20150610,20150610,20131231,101439003.02,144095679.63,437377757.13
300496.SZ,20151123,20151123,20131231,43387175.26,166507159.82,297948132.14
300498.SZ,20140429,20140429,20131231,11244992188.12,1323500726.04,23938857892.54
300502.SZ,20160219,20160219,20131231,117709965.37,62524121.64,456570858.69
300529.SZ,20160714,20160714,20131231,81602345.28,248369075.07,461726806.67
300558.SZ,20161019,20161019,20131231,91707663.81,186424122.2,410807204.86
300567.SZ,20161109,20161109,20131231,50659033.19,97086938.64,181792117.81
300568.SZ,20161111,20161111,20131231,342442628.59,59111416.09,769432571.68
300570.SZ,20161115,20161115,20131231,63121024.56,104732385.6,289541185.09
300595.SZ,20170104,20170104,20131231,17056647.01,89444440.45,162915087.47
300573.SZ,20161125,20161125,20131231,230406870.38,52021280.26,567208330.45
300601.SZ,20170112,20170112,20131231,734737555.74,76433651.06,1106903935.76
300604.SZ,20151225,20151225,20131231,19045998.43,10432743.36,58666531.37
300623.SZ,20170222,20170222,20131231,33588692.16,108255752.75,363544715.82
300618.SZ,20161121,20161121,20131231,394249401.74,64962581.74,611103487.79
300627.SZ,20170105,20170105,20131231,126282662.9,67629228.74,206135173.25
300628.SZ,20161227,20161227,20131231,83637892.71,131036160.09,294447677.85
300630.SZ,20170111,20170111,20131231,72300044.12,63197924.31,270741939.05
300677.SZ,20160422,20160422,20131231,556670111.63,52778955.93,704492371.61
300661.SZ,20151113,20151113,20131231,54174599.76,142370392.44,221383124.67
300676.SZ,20151218,20151218,20131231,899457139.75,320826060.62,1497402022.67
300679.SZ,20160603,20160603,20131231,111569155.5,104996734.24,468241722.2
300682.SZ,20141205,20141205,20131231,176402000.0,158089500.0,585741600.0
300699.SZ,20151113,20151113,20131231,1196434888.06,119941808.62,2185679245.12
300718.SZ,20161230,20161230,20131231,66634800.0,67000700.0,402546900.0
300724.SZ,20150924,20150924,20131231,427611545.1,155898869.76,965866733.39
300735.SZ,20170120,20170120,20131231,217927600.0,114579700.0,594711400.0
300748.SZ,20151208,20151208,20131231,464618287.75,94090322.51,739538546.27
300763.SZ,20160109,20160109,20131231,39980491.92,2514702.04,71165267.92
300769.SZ,20160909,20160909,20131231,44083145.06,2849826.82,103200717.24
300776.SZ,20151211,20170621,20131231,6106644.83,19827771.72,36818086.6
300803.SZ,20160624,20160624,20131231,148397569.0,72970454.0,180829745.0
300832.SZ,20160415,20160415,20131231,162120194.87,209247977.68,540963177.32
300869.SZ,20160101,20160101,20131231,90022871.98,20653392.05,273030664.04
300888.SZ,20160318,20160318,20131231,402320731.28,117252083.61,1144781041.26
300972.SZ,20150807,20150807,20131231,162765643.96,41838811.49,244380258.51
301165.SZ,20140401,20140401,20131231,633180039.11,,1172081720.96
301200.SZ,20140422,20140422,20131231,,,556873439.0
302132.SZ,20140326,20140326,20131231,279807592.74,230450391.41,1177512124.4
600000.SH,20140320,20140320,20131231,3472898000000.0,,3680125000000.0
600004.SH,20140404,20140404,20131231,1923354621.93,1740129336.61,9949739743.54
600007.SH,20140409,20140409,20131231,4460722497.0,423912391.0,9320750892.0
600006.SH,20140328,20140328,20131231,12435237473.58,4219264815.41,20191845033.17
600005.SH,20140429,20140429,20131231,57547966020.45,1958588491.93,94676400615.56
600008.SH,20140410,20140410,20131231,14486252788.41,3265278460.32,24326631925.36
600009.SH,20140329,20140329,20131231,3671089277.8,6675736780.11,20918329469.49
600010.SH,20140308,20140308,20131231,68804028906.28,4116105466.12,87924141735.3
600015.SH,20140418,20140418,20131231,1586428000000.0,,1672447000000.0
600011.SH,20140319,20140319,20131231,186230234532.0,9433385354.0,260274853102.0
600016.SH,20140329,20140329,20131231,3021923000000.0,,3226210000000.0
600017.SH,20140318,20140318,20131231,5483405354.99,798932699.46,15888509000.67
600018.SH,20140328,20140328,20131231,32763272756.21,5450827714.8,88611621861.42
600019.SH,20140329,20140329,20131231,106602408986.4,12881234298.49,226668339828.21
600021.SH,20140325,20140325,20131231,23562523778.67,1473769871.84,35052841282.35
600022.SH,20140425,20140425,20131231,38494996044.99,2116160163.13,51554769273.14
600023.SH,20140331,20140331,20131231,48611977226.01,10194367873.78,92017703143.44
600025.SH,20160617,20160617,20131231,110996677718.88,692384048.09,139041537377.86
600026.SH,20140319,20140319,20131231,36630602188.88,1919204136.32,58842478988.15
600027.SH,20140322,20140322,20131231,139277702000.0,2953299000.0,172817845000.0
600028.SH,20140324,20140324,20131231,759656000000.0,15101000000.0,1382916000000.0
600029.SH,20140329,20140329,20131231,122933000000.0,12610000000.0,165145000000.0
600030.SH,20140328,20140328,20131231,181952153799.06,55679623473.02,271354248951.82
600031.SH,20140430,20140430,20131231,38858946000.0,6380294000.0,63867783000.0
600032.SH,20161027,20161027,20131231,4967310000.0,,8509220000.0
600036.SH,20140329,20140329,20131231,3750443000000.0,,4016399000000.0
600037.SH,20140418,20140418,20131231,4534022870.45,3491434821.44,10317663301.85
600039.SH,20140328,20140328,20131231,37011013996.84,6280762062.9,44266290590.78
600038.SH,20140326,20140326,20131231,14823432492.58,4106387455.65,20730110890.27
600048.SH,20140401,20140401,20131231,244786678393.28,33752969830.8,313939854320.52
600050.SH,20140228,20140228,20131231,309738349099.0,21589060597.0,531364453263.0
600053.SH,20140415,20140415,20131231,2018095315.47,127957775.37,2828016671.69
600056.SH,20140325,20140325,20131231,8917361765.45,1961408099.94,12790481396.71
600058.SH,20140329,20140329,20131231,35362780966.18,1759843693.44,46172743887.56
600059.SH,20140308,20140308,20131231,1071324022.95,259387682.93,3588638221.04
600060.SH,20140425,20140425,20131231,9698224389.98,2906008459.13,19867136531.26
600061.SH,20140320,20140320,20131231,1449547868.14,236338751.23,2047326673.04
600062.SH,20140312,20140312,20131231,1144690142.26,1410017796.46,6480915882.23
600064.SH,20140329,20140329,20131231,10174502754.04,1021062241.97,15561918254.83
600066.SH,20140325,20140325,20131231,7440428514.99,4206741261.71,16197573484.1
600067.SH,20140227,20140227,20131231,9631014572.13,907864289.35,15717764882.65
600068.SH,20140401,20140401,20131231,67992381469.39,8361715786.67,85824718249.76
600074.SH,20140430,20140430,20131231,1205430798.56,24306285.37,1403135176.02
600079.SH,20140314,20140314,20131231,4626658965.19,1206126636.75,9707005027.6
600073.SH,20140310,20140310,20131231,3304915805.47,1078947321.87,5559362489.11
600085.SH,20140325,20140325,20131231,4074498063.32,4938260983.8,11911900010.52
600086.SH,20140419,20141014,20131231,4282701780.02,322270636.26,5175421876.19
600094.SH,20140308,20140308,20131231,10629414136.03,1656223849.62,15086413008.44
600088.SH,20140419,20140419,20131231,390187478.36,642456901.41,1536335996.97
600089.SH,20140328,20140328,20131231,34708675273.71,10361946428.27,50660183302.82
600095.SH,20140313,20140313,20131231,706761504.35,137103217.37,1443023931.98
600096.SH,20140331,20140331,20131231,55980930128.71,7940852704.56,65668619651.21
600100.SH,20140418,20140418,20131231,28944202677.53,5592176185.44,42567586822.68
600098.SH,20140424,20140424,20131231,16988808467.6,4853348640.67,33732440951.58
600104.SH,20140328,20140328,20131231,211908649690.9,89097639504.38,373640740801.94
600108.SH,20140425,20140425,20131231,1789329181.9,1136318382.23,6501130073.09
600109.SH,20140315,20140315,20131231,6908978735.98,5600236283.63,13673989141.35
600112.SH,20140426,20140426,20131231,1878376224.3,509162288.46,3064386942.07
600115.SH,20140327,20140327,20131231,111485790000.0,2378041000.0,137776513000.0
600111.SH,20140314,20140314,20131231,8172683601.76,4006405225.09,18462926827.52
600118.SH,20140312,20140312,20131231,3343198200.41,3850260840.59,7914494192.31
600120.SH,20140329,20160315,20131231,6606483396.21,1236600969.67,11716648948.03
600126.SH,20140322,20140322,20131231,4944503541.34,234275420.5,8565571624.24
600122.SH,20140327,20140327,20131231,8414616153.86,3577203981.66,14499971326.42
600125.SH,20140409,20140409,20131231,1046345620.25,424080734.04,5392533980.13
600466.SH,20140315,20140315,20131231,81360624.69,67696650.46,667049986.04
600468.SH,20140318,20140318,20131231,613372655.18,160844939.41,1301959170.93
600446.SH,20140320,20140320,20131231,1041265609.85,306279412.25,1805283993.73
600478.SH,20140329,20140329,20131231,703276782.09,160617648.63,1906751039.03
600456.SH,20140328,20140328,20131231,2654013657.99,431407527.41,6588798575.39
600481.SH,20140224,20140224,20131231,4656568555.3,1434463496.83,7298409216.73
600482.SH,20140306,20140306,20131231,2179083784.4,501881846.81,4136320756.64
600483.SH,20140321,20140321,20131231,366017471.36,88425975.27,1134660126.58
600485.SH,20140319,20140319,20131231,138301771.49,259366057.92,599878261.12
600458.SH,20140321,20140321,20131231,2488405759.44,596098542.93,5617655363.27
600460.SH,20140318,20140318,20131231,1859188791.73,739424988.89,4133866576.82
600486.SH,20140318,20140318,20131231,1284027457.26,1654086626.41,3641141988.66
600487.SH,20140419,20140419,20131231,6849481946.09,1385676891.44,9972628149.94
600489.SH,20140419,20140419,20131231,11651599848.83,1525872321.9,23423405308.58
600496.SH,20140418,20140418,20131231,6071787854.18,694228339.43,8386613284.67
600497.SH,20140417,20140417,20131231,18046510188.91,1281148365.53,29699205136.95
600498.SH,20140419,20140419,20131231,7895755335.09,3833600107.9,14358210490.68
600499.SH,20140328,20140328,20131231,3306084307.28,460540321.29,6426502892.06
600500.SH,20140412,20140412,20131231,14791414573.19,2121493600.48,28938509010.51
600503.SH,20140228,20140228,20131231,1107333010.93,55439834.53,3077497759.08
600507.SH,20140402,20140402,20131231,7204137334.51,1574793793.2,9975156946.17
600509.SH,20140418,20140418,20131231,6814431205.37,903596142.86,11269783175.62
600510.SH,20140422,20140422,20131231,9689341755.69,2403818096.82,14485303115.7
600511.SH,20140320,20140320,20131231,2883459395.82,871202380.24,5079239398.67
600515.SH,20140430,20140430,20131231,2024703440.94,595553649.11,2813870324.09
600516.SH,20140304,20140304,20131231,4423466949.15,2322120591.99,10252108275.19
600517.SH,20140404,20140404,20131231,2174235938.7,783713057.05,4434943972.97
600518.SH,20140328,20140328,20131231,10221001354.82,8497052709.39,22251388975.04
600519.SH,20140325,20140325,20131231,11325058403.79,25185009331.68,55454150677.05
600521.SH,20140401,20140401,20131231,1446818184.52,533193775.55,4466104075.41
600522.SH,20140306,20140306,20131231,3466913281.56,895586003.02,8985258553.08
600525.SH,20140322,20140322,20131231,2080670291.05,491082190.63,4769093618.12
600528.SH,20140321,20140321,20131231,44402151499.03,4490921806.96,51146777508.85
600529.SH,20140422,20140422,20131231,675480302.1,148680260.31,2705463004.13
600535.SH,20140329,20140329,20131231,6068713810.43,954654683.53,10212206388.61
600536.SH,20140325,20140325,20131231,2214031439.79,1648935646.86,4521596639.03
600537.SH,20140308,20140308,20131231,3557189895.35,747254670.05,4833716990.72
600545.SH,20140415,20140415,20131231,6338196193.74,723449431.37,8426089288.21
600546.SH,20140426,20140426,20131231,35227662138.67,2649806178.36,46047756293.44
600547.SH,20140430,20140430,20131231,12642806266.62,868306031.97,21892112145.68
600549.SH,20140329,20140329,20131231,9385921980.64,705925132.12,15449543872.69
600551.SH,20140416,20140416,20131231,1972612806.13,956524959.02,5467407647.92
600556.SH,20140429,20140429,20131231,53614435.04,25971254.45,54989627.39
600557.SH,20140401,20140401,20131231,1497648529.16,291687905.27,3432193654.33
600562.SH,20140423,20140423,20131231,521412009.57,333775173.28,1296892832.52
600563.SH,20140315,20140315,20131231,232506900.24,706170442.65,1884019741.04
600565.SH,20140312,20140312,20131231,9898275581.88,1437841038.18,11808539037.79
600566.SH,20140426,20140426,20131231,862041504.87,65051877.91,2014454216.71
600567.SH,20140430,20140430,20131231,12223074777.35,2563561296.57,18150054462.29
600572.SH,20140225,20140225,20131231,1862324696.16,781996121.78,4453846184.53
600570.SH,20140415,20140415,20131231,575495229.57,340927852.37,2338699797.3
600575.SH,20140226,20150915,20131231,19792001408.89,4979181758.03,24186376820.01
600578.SH,20140409,20140409,20131231,14428506438.59,2149265027.39,30891509417.09
600580.SH,20140422,20141022,20131231,5007088982.62,1559721446.88,8888787996.07
600583.SH,20140318,20140318,20131231,11511172656.61,1779511011.24,28104208569.42
600582.SH,20140318,20140318,20131231,9040467839.91,2179760396.29,18927384280.62
600584.SH,20140417,20140417,20131231,4942630188.58,869251114.42,7582526631.92
600585.SH,20140325,20140325,20131231,34329300204.0,11255936060.0,93094479821.0
600586.SH,20140426,20140426,20131231,4185525465.74,771379142.93,8391533205.35
600588.SH,20140318,20140318,20131231,3866908135.0,2099836650.0,7229803894.0
600587.SH,20140312,20140312,20131231,2668033848.6,714215716.18,5390801054.23
600594.SH,20140419,20140419,20131231,1268413031.28,148688148.82,3200872489.03
600596.SH,20140422,20140422,20131231,2473415285.75,586457542.49,7238959734.15
600597.SH,20140401,20140401,20131231,6544265300.0,2600367233.0,11568052184.0
600600.SH,20140326,20140326,20131231,13491395502.0,8531720086.0,27364866537.0
600598.SH,20140327,20140327,20131231,8860860977.75,1580471611.98,13852429951.54
600601.SH,20140412,20140412,20131231,2037906524.84,1407589802.19,6372276889.71
600602.SH,20140320,20140320,20131231,310125108.04,1144539554.1,2846351977.93
600606.SH,20140322,20140322,20131231,3957418091.12,618316422.59,6158879530.05
600612.SH,20140425,20140425,20131231,5469054586.8,2787571025.93,9337458956.22
600611.SH,20140329,20140329,20131231,4022196741.41,1208327726.43,10173869449.09
600614.SH,20140426,20140426,20131231,1638153301.84,239626293.83,2701790306.48
600617.SH,20140315,20140315,20131231,9117477848.74,1253408347.38,10789075858.24
600618.SH,20140321,20140321,20131231,3050965706.34,573468453.52,5992581029.65
600623.SH,20140325,20140325,20131231,7209502356.47,1111660676.43,11336807811.15
600637.SH,20140410,20140410,20131231,1270151746.11,2231748311.12,5149244160.39
600635.SH,20140329,20140329,20131231,5952475955.27,964068747.23,10760141262.41
600628.SH,20140416,20140416,20131231,2777978870.1,670406505.95,5226680956.8
600633.SH,20140416,20140416,20131231,2367008562.09,1542307342.06,6562171927.34
600642.SH,20140328,20140328,20131231,13856433209.92,6195145750.16,41407698067.24
600640.SH,20140422,20140422,20131231,645655839.94,1864170225.54,3600605234.64
600645.SH,20140418,20140418,20131231,824893540.21,816340685.72,1484962279.24
600639.SH,20140320,20140320,20131231,5323174323.3,500002580.11,10306630111.12
600643.SH,20140425,20140425,20131231,1243586968.12,765625461.87,5963199895.77
600655.SH,20140325,20140325,20131231,6581767557.18,1774091936.9,13697340976.82
600654.SH,20140312,20140312,20131231,585272346.65,204117673.11,2166940052.96
600649.SH,20140329,20140329,20131231,19010248333.95,3473517602.1,34397757661.26
600651.SH,20140319,20140319,20131231,1165877384.02,216575736.9,2436471571.36
600648.SH,20140430,20140430,20131231,19236311400.33,4125528030.57,25002586374.2
600666.SH,20140315,20140315,20131231,1553744150.93,340838467.18,1981692427.44
600660.SH,20140225,20140225,20131231,6741335516.0,501349992.0,14587083527.0
600657.SH,20140319,20140319,20131231,16799968758.54,2898614892.53,24410479477.36
600664.SH,20140430,20141021,20131231,7682206149.81,1764640567.12,16455348315.56
600663.SH,20140305,20140305,20131231,23352074843.58,3141149767.61,38538440136.33
600673.SH,20140409,20140409,20131231,6755866097.15,1345995182.85,10106839049.6
600667.SH,20140422,20140422,20131231,3531774970.87,1403661509.49,5702278139.06
600674.SH,20140425,20140425,20131231,6376355651.94,530262795.01,17219458742.13
600675.SH,20140312,20140312,20131231,28406558755.16,2442574329.81,36384651198.89
600682.SH,20140327,20140327,20131231,3007493435.75,882266607.72,4419252506.79
600685.SH,20140318,20140318,20131231,8684267701.58,6155600440.06,12600384087.7
600687.SH,20140328,20140328,20131231,649169866.87,504837464.59,2032725642.0
600690.SH,20140429,20140429,20131231,41021718550.73,20625463160.62,61015859730.7
600694.SH,20140410,20140410,20131231,9497841792.11,6944549645.19,14997003392.54
600688.SH,20140328,20140328,20131231,18825254000.0,133256000.0,36915933000.0
600699.SH,20140422,20140422,20131231,3406697225.56,561020568.8,5745961214.38
600703.SH,20140415,20140415,20131231,6343109320.98,853658394.48,13346083769.64
600705.SH,20140428,20140428,20131231,74376487222.61,27211063221.78,85009604808.55
600707.SH,20140306,20140306,20131231,5389568483.68,641369477.83,7347962949.55
600704.SH,20140422,20140422,20131231,21697423323.37,3029831229.57,27399309819.99
600718.SH,20140329,20140329,20131231,3860386913.0,2213448225.0,9376450793.0
600717.SH,20140320,20140320,20131231,12845874028.06,3906033083.75,29885955349.76
600720.SH,20140313,20140313,20131231,6253852734.54,466897241.95,10932475866.68
600728.SH,20140415,20140415,20131231,1099921156.42,737971937.33,2204696512.55
600729.SH,20140317,20140822,20131231,7055154964.15,5180124030.78,11460772533.24
600736.SH,20140329,20140329,20131231,15891705455.77,1742088567.81,20078322729.38
600732.SH,20140325,20140325,20131231,433747325.66,30287760.08,954034975.56
600737.SH,20140409,20140409,20131231,5661760473.03,1017155208.79,11717243912.49
600733.SH,20140315,20160319,20131231,201812745.81,287317075.46,511416974.94
600739.SH,20140422,20140422,20131231,6043414128.84,881163539.02,17891122038.85
600743.SH,20140325,20140325,20131231,13711656138.93,2875776762.45,17380321940.97
600750.SH,20140329,20140329,20131231,859147505.94,711187991.29,2992397185.44
600748.SH,20140328,20140328,20131231,13434336353.75,6889899107.2,20557049449.11
600745.SH,20140426,20140426,20131231,4421993193.41,135872636.79,6336483010.91
600741.SH,20140322,20140322,20131231,30919185022.33,13472065010.81,54270738388.53
600751.SH,20140430,20140430,20131231,287890139.7,25825352.04,320362604.34
600757.SH,20140404,20140404,20131231,1826741847.23,1381976858.21,6377580742.83
600755.SH,20140416,20140416,20131231,21862962516.08,2192118672.76,28365177570.87
600754.SH,20140328,20140328,20131231,2702263356.07,678807803.63,7083066751.12
600759.SH,20140329,20140329,20131231,4571545179.35,1141374166.82,6929524568.22
600760.SH,20140301,20140301,20131231,2558853495.65,300248044.8,3543546922.25
600765.SH,20140405,20140405,20131231,7857455331.18,1286381296.17,12128563152.64
600763.SH,20140410,20140410,20131231,81079990.72,209482674.49,644767298.85
600761.SH,20140318,20140318,20131231,1502834415.49,391099773.23,5072722239.65
600764.SH,20140401,20140401,20131231,771728566.26,218078826.54,1488759026.54
600779.SH,20140426,20160428,20131231,435694069.14,252762123.98,2039640156.45
600773.SH,20140225,20140225,20131231,7622361031.88,262672655.01,8874199742.27
600770.SH,20140426,20140426,20131231,1796091481.18,787389199.39,5078726939.61
600776.SH,20140422,20140422,20131231,550068447.65,956922815.54,3439765070.39
600777.SH,20140318,20140318,20131231,4147824881.88,503347230.27,5996806999.91
600783.SH,20140430,20140430,20131231,1208842158.78,132255450.2,4376849274.37
600782.SH,20140422,20140422,20131231,23788520261.47,7927536923.86,31914643849.41
600790.SH,20140328,20140328,20131231,4518277114.67,576411297.61,7736555386.4
600795.SH,20140325,20140325,20131231,181969782113.75,2565722128.71,240677095738.84
600787.SH,20140308,20140308,20131231,8218841785.2,1782529418.09,13876930319.89
600808.SH,20140327,20140327,20131231,45618176283.0,5106718069.0,71317211721.0
600801.SH,20140329,20140329,20131231,15905595324.0,2214607665.0,25824679601.0
600803.SH,20140315,20140315,20131231,4390498435.87,1600656970.21,8576276550.65
600805.SH,20140328,20140328,20131231,3752288350.62,964887876.26,9515814545.25
600804.SH,20140412,20140412,20131231,7967914569.93,1461511655.97,12309804183.35
600812.SH,20140412,20140412,20131231,10414214296.55,1049437713.08,14560088463.99
600820.SH,20140403,20140403,20131231,44546944412.43,5713750171.18,57054263610.64
600811.SH,20140401,20140401,20131231,7925770772.33,2091830084.51,16939247649.05
600816.SH,20140306,20140306,20131231,735697208.49,356164407.96,1600461535.85
600809.SH,20140325,20140325,20131231,1940519742.13,984851927.92,5816694598.12
600827.SH,20140428,20140428,20131231,24878571217.73,13172528921.2,40840732921.79
600825.SH,20140429,20140429,20131231,3699933134.5,1290446848.16,6203077176.19
600826.SH,20140315,20140315,20131231,754056174.15,293941507.06,3059699572.75
600831.SH,20140321,20140321,20131231,2795220703.45,217560439.24,4500650638.13
600823.SH,20140321,20140321,20131231,33862029514.59,5418528600.84,50087700184.06
600835.SH,20140328,20140328,20131231,19053624874.07,11186210179.37,27120459751.27
600837.SH,20140329,20140329,20131231,105018444803.34,52936223269.13,169123603723.92
600845.SH,20140311,20140311,20131231,2333153852.06,513075797.11,4076545748.6
600839.SH,20140410,20141021,20131231,39335159946.9,13438237115.92,58837008467.01
600848.SH,20140328,20140328,20131231,1590258182.47,182791297.97,1784523205.11
600850.SH,20140318,20140318,20131231,2351314234.3,761105517.16,3680429507.55
600863.SH,20140425,20140425,20131231,21743165706.46,184844064.72,35604793101.45
600851.SH,20140422,20140422,20131231,1173065279.14,289428607.22,4388665933.93
600859.SH,20140322,20140322,20131231,7771788586.82,5871924516.98,14040142759.28
600862.SH,20140328,20140328,20131231,4633443270.0,730195123.45,5974314653.44
600864.SH,20140315,20141024,20131231,2106710745.2,981881322.24,5247221640.78
600871.SH,20140328,20140328,20131231,3532816000.0,105797000.0,10629304000.0
600872.SH,20140318,20140318,20131231,1311304542.2,355308868.93,3696122566.48
600869.SH,20140425,20140425,20131231,6852658044.41,2100404003.43,9955877041.02
600867.SH,20140306,20141023,20131231,678228135.36,216057746.46,2694452521.68
600879.SH,20140222,20140222,20131231,3454223714.15,250163436.58,8584721542.67
600873.SH,20140308,20140308,20131231,10686481244.43,1216617968.54,18713590263.14
600874.SH,20140328,20140328,20131231,6939207000.0,1002249000.0,11073751000.0
600875.SH,20140312,20140312,20131231,59243312433.39,12131648112.18,77836703054.12
600880.SH,20140215,20140215,20131231,906469574.07,1000884179.45,4837381135.03
600885.SH,20140425,20140425,20131231,1434815987.12,1236434140.67,4375890755.46
600886.SH,20140415,20140415,20131231,125824977216.66,3994354964.99,159558766004.21
600887.SH,20140430,20140430,20131231,16564605613.16,8173346441.54,32877387559.54
600881.SH,20140426,20140426,20131231,36792505314.81,4807321193.48,48838949838.71
600884.SH,20140422,20140422,20131231,3930701502.72,846310962.39,7450051396.97
600895.SH,20140419,20140419,20131231,11006149248.62,1195148449.9,18293473578.01
600901.SH,20160513,20160513,20131231,14964132572.0,,18470630929.42
600893.SH,20140328,20140328,20131231,4358747568.06,1672381415.1,8946097977.41
600900.SH,20140430,20140430,20131231,71425961122.51,2263824278.48,149607197273.74
600894.SH,20140326,20140326,20131231,2399275140.1,1294297231.12,5477540765.71
600903.SH,20161216,20161216,20131231,2986155844.9,460442637.74,3585278073.17
600905.SH,20150812,20150812,20131231,15496396900.0,,26657562800.0
600909.SH,20161115,20161115,20131231,7049104335.73,4091706179.6,11398985510.48
600906.SH,20140428,20140428,20131231,6476258971.88,4272305360.35,11213978854.37
600908.SH,20160810,20160810,20131231,77989566309.16,,83766410136.62
600917.SH,20140820,20140820,20131231,3299486586.85,2095090754.44,6274358603.62
600918.SH,20160325,20160325,20131231,25948520100.0,12974677200.0,37951767200.0
600926.SH,20160912,20160912,20131231,319575512000.0,,340188560000.0
600919.SH,20160620,20160620,20131231,715757045000.0,,763652173000.0
600927.SH,20151009,20151009,20131231,10161514017.35,6697961835.86,11629001443.15
600928.SH,20170106,20170106,20131231,125389717000.0,,133680296000.0
600939.SH,20170111,20170111,20131231,51106623616.25,3995053481.67,54914283613.01
600959.SH,20150403,20150403,20131231,5163818159.22,1901583166.12,14074497695.45
600958.SH,20150303,20150303,20131231,45074343925.38,10986047322.01,60852464755.83
600970.SH,20140322,20140322,20131231,19253570399.32,5066892512.13,23674523570.6
600971.SH,20140415,20140415,20131231,6215517148.44,1101752486.35,13366063255.2
600977.SH,20160720,20160720,20131231,3986601154.27,2132664781.03,7935723232.99
600978.SH,20140404,20140404,20131231,3953599496.71,1433888095.58,8625244226.56
600981.SH,20140328,20140328,20131231,3289569227.88,522003717.94,4307742985.09
600988.SH,20140331,20140331,20131231,861156659.65,148581232.58,1458169019.19
600956.SH,20140430,20140430,20131231,10307422257.05,1669653813.82,17413988753.46
600989.SH,20140515,20140515,20131231,13772996943.54,1179196084.26,20450473244.82
600995.SH,20140328,20140328,20131231,1342626992.96,158254493.9,2674654218.54
600996.SH,20161205,20161205,20131231,1998912420.29,205779974.67,2966851633.3
600998.SH,20140429,20140926,20131231,13256909927.28,3201806317.39,18596185609.73
600985.SH,20140320,20140320,20131231,250434548.11,217139809.71,1318566506.86
601000.SH,20140331,20140331,20131231,5801630843.45,1475712181.89,12840556670.43
600967.SH,20140325,20140325,20131231,1141860645.67,1542181967.04,3545994084.14
601001.SH,20140429,20140429,20131231,9301282000.0,2907107000.0,20195912000.0
601002.SH,20140415,20140415,20131231,1906486178.05,226270126.99,4393853164.64
601003.SH,20140423,20140423,20131231,18141800699.28,1385197804.47,23751420070.05
600993.SH,20140425,20140425,20131231,461215144.68,794656951.08,2027472915.38
601005.SH,20140328,20140328,20131231,38109674000.0,1553350000.0,48045977000.0
601006.SH,20140426,20140426,20131231,26687123454.0,8785439966.0,103955316445.0
601009.SH,20140430,20140430,20131231,407201159000.0,,434057293000.0
601010.SH,20140410,20140410,20131231,3194974523.55,796178228.05,6963352459.88
601012.SH,20140430,20140430,20131231,1695249514.15,731354702.77,4687722378.57
600999.SH,20140410,20140410,20131231,55972799559.96,25276946146.83,83157180012.21
601018.SH,20140411,20140411,20131231,11217598000.0,2247453000.0,41623402000.0
601019.SH,20151211,20151211,20131231,6449480500.0,2613788500.0,9394119300.0
601021.SH,20141211,20141211,20131231,4908410541.0,1474780617.0,7651411353.0
601058.SH,20140329,20140329,20131231,5467338314.08,1203578890.58,8316327795.98
601059.SH,20140418,20140418,20131231,11154348130.74,7147098757.83,16924844039.57
601066.SH,20140429,20140429,20131231,54255933886.77,20392563583.87,67409510057.71
601068.SH,20160624,20160624,20131231,21618830621.97,6737316115.85,28130724678.27
601077.SH,20140421,20140421,20131231,465556667000.0,,502005843000.0
601088.SH,20140329,20140329,20131231,178137000000.0,46272000000.0,507674000000.0
601098.SH,20140415,20140415,20131231,3532664691.92,8461961748.21,13012608021.15
601099.SH,20140430,20140430,20131231,2446535733.43,1954464703.07,4629900363.61
601100.SH,20140325,20140325,20131231,382277082.31,704899536.12,3854076994.73
601106.SH,20140428,20140428,20131231,18773637820.04,4745256657.77,35698038086.26
601108.SH,20160706,20160706,20131231,18931000016.34,11080705099.41,24240066498.34
601016.SH,20140820,20140820,20131231,8758198953.0,362714217.0,12155089312.0
601111.SH,20140326,20140326,20131231,147418890000.0,15507677000.0,205361883000.0
601118.SH,20140418,20140418,20131231,2808618389.6,1804355610.35,12017441054.1
601126.SH,20140331,20140331,20131231,1512097893.04,682243744.48,4709362205.2
601127.SH,20160523,20160523,20131231,7699356473.0,1218765633.82,10170246132.71
601128.SH,20160822,20160822,20131231,78360267524.29,,84413199724.36
601136.SH,20140428,20140428,20131231,6107968775.47,1628108452.41,8240207273.19
601155.SH,20150922,20150922,20131231,34644633944.0,6263522398.0,45202743156.0
601158.SH,20140404,20140404,20131231,6844084104.05,4744660417.66,19882074667.89
601156.SH,20140327,20140327,20131231,,,6588592000.0
601162.SH,20151225,20151225,20131231,2924075418.98,1517530989.22,5144522122.19
601163.SH,20160822,20160822,20131231,4709361723.51,1721678844.88,7724788574.23
601166.SH,20140401,20140401,20131231,3476264000000.0,,3677435000000.0
601117.SH,20140416,20140416,20131231,48898716664.69,15573767911.45,71449046413.19
601179.SH,20140331,20140331,20131231,14073082122.97,9217685137.92,32498174699.21
601169.SH,20140429,20140429,20131231,1258457737000.0,,1336763845000.0
601168.SH,20140328,20140328,20131231,16185183541.0,6206114648.0,28182734853.0
601186.SH,20140329,20140329,20131231,469193880000.0,93433837000.0,553018596000.0
601187.SH,20140430,20140430,20131231,101068830161.8,,105756342648.5
601200.SH,20140429,20140429,20131231,2224636969.53,285514059.29,4351985103.97
601139.SH,20140329,20140329,20131231,6822955874.22,2981047245.2,12080621392.98
601211.SH,20150610,20150610,20131231,120355257591.0,40039794723.0,155357406598.0
601212.SH,20161228,20161228,20131231,21657454623.6,2626960818.74,35114690373.39
601216.SH,20140415,20140415,20131231,3794620136.87,383954519.9,9687915276.22
601225.SH,20140425,20140425,20131231,42087118254.47,4832236581.62,81986521636.48
601198.SH,20150202,20150202,20131231,15623180431.78,4798844673.87,21675783118.72
601228.SH,20161108,20161108,20131231,5606273120.4,766422574.78,14158453155.46
601229.SH,20160926,20160926,20131231,921402425000.0,,977722413000.0
601231.SH,20140327,20140327,20131231,4677366818.64,2224707273.8,8478399789.65
601226.SH,20141114,20141114,20131231,3669350381.76,653052904.87,5421459118.9
601236.SH,20140423,20140423,20131231,4799930256.1,2647012202.68,10624071289.88
601258.SH,20140423,20140423,20131231,55960233050.0,21383806335.0,65063915686.0
601288.SH,20140326,20140326,20131231,13717565000000.0,,14562102000000.0
601298.SH,20160316,20160316,20131231,10919280168.0,1277296751.0,19488325744.0
601311.SH,20140402,20140402,20131231,1704744828.62,737301922.47,5280747550.59
601318.SH,20140314,20140314,20131231,3120607000000.0,349442000000.0,3360312000000.0
601319.SH,20140328,20140328,20131231,660518000000.0,46607000000.0,755319000000.0
601326.SH,20151113,20151113,20131231,16192818500.0,5945266700.0,29241743300.0
601328.SH,20140331,20140331,20131231,5539453000000.0,,5960937000000.0
601333.SH,20140328,20140328,20131231,6537624790.0,4896277598.0,33231987956.0
601336.SH,20140327,20140327,20131231,526531000000.0,16431000000.0,565849000000.0
601233.SH,20140418,20140418,20131231,8351112336.33,785504154.4,15409516809.96
601369.SH,20140227,20140227,20131231,8333436971.24,2621749920.74,14617185389.84
601375.SH,20161208,20161208,20131231,9474323929.65,4533167616.72,13649605252.17
601238.SH,20140327,20140327,20131231,23727083448.0,19039574146.0,57789896921.0
601377.SH,20140410,20140410,20131231,22152692005.77,8497916327.14,35586179517.06
601390.SH,20140329,20140329,20131231,531400537000.0,81423526000.0,628200530000.0
601398.SH,20140328,20140328,20131231,17639289000000.0,,18917752000000.0
601399.SH,20140429,20140429,20131231,18088122572.39,890664906.52,19905534344.42
601456.SH,20161223,20161223,20131231,8471772000.0,3362370000.0,11932291000.0
601512.SH,20140504,20140504,20131231,15675866809.37,3023867870.95,22240567250.22
601515.SH,20140409,20140409,20131231,777892588.04,506191657.42,3223566675.72
601555.SH,20140327,20140327,20131231,10946912260.76,5913087391.55,18844057289.97
601567.SH,20140422,20140422,20131231,1499413019.03,764900847.97,3738366451.5
601577.SH,20161223,20161223,20131231,184027698000.0,,193412289000.0
601598.SH,20140425,20140425,20131231,16435049000.0,6281332000.0,30119136000.0
601360.SH,20140307,20140307,20131231,1074906615.47,780380544.34,2485810677.34
601600.SH,20140319,20140319,20131231,145804935000.0,12425853000.0,199507054000.0
601601.SH,20140331,20140331,20131231,623147000000.0,16561000000.0,723533000000.0
601607.SH,20140329,20140329,20131231,27310540109.04,12978484745.4,56311521570.36
601608.SH,20140410,20150324,20131231,9841206519.94,4753422183.01,17669160227.2
601611.SH,20160516,20160516,20131231,29192421539.81,2803505666.62,33409703865.3
601615.SH,20140502,20140502,20131231,7479390410.53,799379639.18,10495910816.7
601618.SH,20140329,20140329,20131231,267819220000.0,33585579000.0,322884439000.0
601628.SH,20140326,20140326,20131231,1750356000000.0,21406000000.0,1972941000000.0
601633.SH,20140322,20140322,20131231,24596812087.89,6990516902.03,52604808931.29
601636.SH,20140304,20140428,20131231,4696329839.32,423877785.6,7825614896.5
601658.SH,20140606,20140606,20131231,5433404000000.0,,5574451000000.0
601665.SH,20150611,20150611,20131231,88002029657.0,,94003628220.0
601666.SH,20140422,20140422,20131231,14435251548.48,1707806951.83,26503734203.86
601668.SH,20140424,20140424,20131231,619257584000.0,123400695000.0,783821101000.0
601669.SH,20140422,20140422,20131231,190155825762.15,29812188101.43,231463867836.68
601678.SH,20140228,20140228,20131231,2197385058.83,455040177.31,6411856785.17
601688.SH,20140417,20140417,20131231,61923008879.04,26394718673.8,98248263140.11
601689.SH,20150303,20150303,20131231,657757239.94,124363955.05,2119685740.26
601696.SH,20140429,20140429,20131231,10670275397.43,6280847546.41,18097830888.6
601699.SH,20140326,20140326,20131231,28277383958.22,7753739892.08,45601207707.86
601717.SH,20140328,20140328,20131231,2952375767.03,2950847970.9,12634560572.84
601718.SH,20140422,20140422,20131231,7553373010.37,4400126883.74,18705752179.68
601727.SH,20140329,20140329,20131231,86584146000.0,26110962000.0,129292714000.0
601728.SH,20140410,20140410,20131231,264575301847.9,18357071282.07,543233693547.67
601766.SH,20140329,20140329,20131231,74974781287.0,16400136633.0,121129412420.0
601777.SH,20140409,20140409,20131231,11718430928.22,3790395057.8,17578486035.97
601788.SH,20140326,20140326,20131231,30239708084.14,19247148601.16,53845735978.45
601799.SH,20140415,20140415,20131231,949025855.65,544941363.69,2844537752.33
601800.SH,20140326,20140326,20131231,412444579007.0,85487115161.0,517991918129.0
601801.SH,20140412,20140412,20131231,1579487756.31,2466441315.25,6249287735.53
601808.SH,20140319,20140319,20131231,42002479868.0,10233427029.0,79262282415.0
601811.SH,20160719,20160719,20131231,2928793517.65,1587651107.11,8373286455.67
601818.SH,20140331,20140331,20131231,2262034000000.0,,2415086000000.0
601825.SH,20140430,20140430,20131231,387903693000.0,,420892309000.0
601828.SH,20160513,20160513,20131231,32381824924.94,3894461287.41,66860413898.98
601858.SH,20161228,20161228,20131231,768586588.02,1289489186.67,2270903477.65
601838.SH,20140630,20140630,20131231,246003375000.0,,261276647000.0
601857.SH,20140321,20140321,20131231,1072096000000.0,57250000000.0,2342004000000.0
601860.SH,20161209,20161209,20131231,55895787000.0,,60523960000.0
601868.SH,20150721,20150721,20131231,151611387000.0,27153693000.0,182576153000.0
601869.SH,20140430,20140430,20131231,3575831900.0,,5085496100.0
601866.SH,20140327,20140327,20131231,26598833633.3,9604903754.01,50816887518.15
601872.SH,20140325,20140325,20131231,6923284100.93,1073583809.32,16899267808.6
601877.SH,20140322,20140322,20131231,5367476874.57,1986479386.23,11006556958.32
601878.SH,20150629,20150629,20131231,10132359703.34,6551945514.13,15886207620.03
601880.SH,20140328,20140328,20131231,12564824055.02,2339398061.7,27226109085.02
601881.SH,20161226,20161226,20131231,52862701240.02,33083697516.23,78284367471.15
601886.SH,20140318,20140318,20131231,10472629146.64,1896937172.9,15173891871.78
601888.SH,20140419,20140419,20131231,3255448275.15,7080828025.38,12961422249.48
601898.SH,20140319,20140319,20131231,112271381000.0,21021007000.0,214943626000.0
601901.SH,20140416,20141017,20131231,20675252699.07,12005077108.03,36598364610.3
601899.SH,20140329,20140329,20131231,33812937200.0,4491737212.0,66898389120.0
601908.SH,20140325,20140325,20131231,854545016.62,567039657.05,4529979579.85
601916.SH,20140430,20140430,20131231,460308497000.0,,488116994000.0
601918.SH,20140325,20140325,20131231,18198775853.76,581254475.95,26924506150.89
601919.SH,20140328,20140328,20131231,119812004044.01,49063321228.98,161925810787.5
601928.SH,20140417,20140417,20131231,4435064379.7,4403093190.16,14496664873.69
601929.SH,20140225,20140225,20131231,2035832596.7,506873121.88,6315956085.93
601958.SH,20140325,20140325,20131231,2136577974.12,4746927244.72,15495507276.07
601933.SH,20140228,20140228,20131231,7057517020.5,1896466271.19,12972812791.29
601939.SH,20140331,20140331,20131231,14288881000000.0,,15363210000000.0
601965.SH,20140318,20140318,20131231,675977178.5,1618414477.88,3970498206.02
601966.SH,20160613,20160613,20131231,10056488664.0,1674027823.0,13902414071.0
601975.SH,20140322,20140322,20131231,15776823148.69,625170131.48,13774235424.3
601985.SH,20150525,20150525,20131231,153221106173.45,4177007122.92,194721709758.33
601969.SH,20141114,20141114,20131231,1446627884.16,586810740.62,4812993935.7
601988.SH,20140327,20140327,20131231,12912822000000.0,,13874299000000.0
601989.SH,20140429,20140429,20131231,123011938497.65,63145851041.22,173410279719.58
601991.SH,20140326,20140326,20131231,229025268000.0,7880844000.0,293323301000.0
601995.SH,20140429,20140429,20131231,25967724719.0,6716850201.0,32834540302.0
601992.SH,20140329,20140329,20131231,68814236575.13,8595510330.36,98839549618.88
601990.SH,20170310,20170310,20131231,6839814500.0,4426397400.0,10948545400.0
601997.SH,20160727,20160727,20131231,114591077000.0,,122549115000.0
603005.SH,20140401,20140401,20131231,310541293.01,246888817.06,1061318853.9
601998.SH,20140328,20140328,20131231,3410468000000.0,,3641193000000.0
603000.SH,20140419,20140419,20131231,353105452.44,1842372548.68,2788090762.36
603001.SH,20140425,20140425,20131231,1058969072.56,1292808392.9,4778691541.37
603019.SH,20141016,20141016,20131231,1784136624.68,552103789.55,2512037771.74
603049.SH,20140901,20140901,20131231,15295624643.4,,21470661740.42
603056.SH,20150703,20150703,20131231,1657358840.0,450777670.0,2994474280.0
603026.SH,20150511,20150511,20131231,1244368565.98,97154467.88,2222490720.34
603025.SH,20150403,20150403,20131231,105418975.69,193926351.05,950101119.97
603077.SH,20140425,20140425,20131231,2292257641.56,308904271.82,5582429600.38
603087.SH,20160603,20160603,20131231,99325536.41,232049862.57,832545898.27
603127.SH,20150612,20150612,20131231,258209451.0,26147355.01,380097118.54
603156.SH,20161230,20161230,20131231,2918748330.69,598787051.91,5220671716.67
603129.SH,20160422,20160422,20131231,830391891.19,172630644.72,783334632.46
603160.SH,20160920,20160920,20131231,58565979.2,318249098.57,649893901.05
603179.SH,20161220,20161220,20131231,612734896.5,22379141.5,1005048400.49
603169.SH,20140916,20140916,20131231,2484609103.39,447437568.26,3256849292.05
603188.SH,20140820,20140820,20131231,1189778790.86,127177538.26,2141222802.83
603225.SH,20150703,20150703,20131231,4499127512.54,367067066.19,6729701214.16
603198.SH,20150511,20150511,20131231,1165912316.12,780802615.09,3386646363.3
603218.SH,20161208,20161208,20131231,703401393.63,58839462.02,1418479659.32
603228.SH,20161216,20161216,20131231,999571651.1,164640577.33,1733691609.94
603233.SH,20151204,20151204,20131231,1090919068.5,275752976.53,1680846554.3
603260.SH,20160108,20160108,20131231,3514881338.84,640328799.55,5186324073.14
603288.SH,20140325,20140325,20131231,2807684296.34,2264838665.1,6722123294.35
603298.SH,20161205,20161205,20131231,1357466503.73,624863970.17,3022544762.81
603305.SH,20160401,20160401,20131231,36674710.97,77790.54,202956047.85
603317.SH,20150416,20150416,20131231,244451995.42,411487613.67,799345494.83
603338.SH,20150304,20150304,20131231,117903136.51,105076822.57,396332738.22
603341.SH,20151218,20151218,20131231,2505550271.45,274264853.18,3164476712.45
603328.SH,20140610,20140610,20131231,767340833.01,1075228286.51,3094067233.08
603345.SH,20170124,20170124,20131231,792089095.83,131066980.11,1360598867.98
603355.SH,20150424,20150424,20131231,1538436485.7,479916335.58,2703793439.9
603379.SH,20170113,20170113,20131231,1723793608.42,447364258.65,2701419202.07
603377.SH,20160120,20160120,20131231,773903301.9,430157908.74,1389322396.52
603392.SH,20160624,20160624,20131231,224920142.05,133278816.7,606978352.97
603369.SH,20140611,20140611,20131231,1068527536.11,1142898696.7,3366261783.38
603444.SH,20161220,20161220,20131231,117631023.56,219920977.62,321627840.25
603515.SH,20160729,20160729,20131231,1071997605.8,41609228.3,2585514451.85
603501.SH,20150619,20150619,20131231,430699862.41,85203369.41,780575153.94
603486.SH,20170210,20170210,20131231,800501468.98,154190388.29,1332595902.83
603456.SH,20140916,20140916,20131231,814264194.83,117652447.46,1551016316.99
603517.SH,20170227,20170227,20131231,354713039.34,163561946.71,1141964086.64
603555.SH,20140409,20140409,20131231,1436866329.65,515283937.12,2754749323.87
603565.SH,20160226,20160226,20131231,493090743.79,267145625.8,665257586.04
603556.SH,20161021,20161021,20131231,512128214.39,582820680.69,1558561543.59
603528.SH,20160413,20160413,20131231,781432303.27,314531639.41,1075643410.11
603567.SH,20150403,20150403,20131231,1504046211.36,634838369.1,3251043998.25
603568.SH,20150511,20150511,20131231,1902302178.61,141692620.74,2688422774.83
603589.SH,20150610,20150610,20131231,1632866579.12,664200312.48,3597565764.52
603569.SH,20160721,20160721,20131231,763487952.24,288903995.13,1441443279.63
603596.SH,20160115,20160115,20131231,332462661.56,52198985.69,584543353.05
603605.SH,20160527,20160527,20131231,739915235.32,186080618.38,1203539867.92
603638.SH,20161230,20161230,20131231,156006592.98,18756532.9,512268349.37
603606.SH,20140916,20140916,20131231,881409770.32,234463583.85,1403870648.51
603613.SH,20150401,20150401,20131231,39197232.57,60319305.74,105295136.01
603659.SH,20160617,20160617,20131231,197682599.75,13335724.75,354090368.27
603658.SH,20160811,20160811,20131231,69995606.61,50763518.89,410418247.65
603688.SH,20141016,20141016,20131231,49504023.74,204135931.54,830204085.99
603699.SH,20140418,20140418,20131231,1622043085.89,350618280.06,2931563951.25
603698.SH,20150107,20150107,20131231,1179845779.98,453979061.56,2108026573.3
603708.SH,20161122,20161122,20131231,3280873778.0,1241455145.58,4138590083.73
603707.SH,20160325,20160325,20131231,138911600.0,310328100.0,1157259500.0
603712.SH,20161223,20161223,20131231,1571411699.75,385022514.67,2659336405.77
603728.SH,20150626,20150626,20131231,264529882.87,134336054.56,741715842.1
603766.SH,20140312,20140312,20131231,1876308224.46,1807159966.1,5544623346.84
603737.SH,20160516,20160516,20131231,195662196.85,52457655.43,600541889.47
603806.SH,20140820,20140820,20131231,446275590.27,540065878.87,2347363371.81
603799.SH,20150107,20150107,20131231,3640225117.22,420886802.05,5931037014.1
603816.SH,20160919,20160919,20131231,730506385.93,225564524.9,1600161969.64
603866.SH,20151204,20151204,20131231,140876598.49,172754103.5,1044821100.51
603833.SH,20160714,20160714,20131231,1693616354.22,701481527.26,2873488504.02
603858.SH,20161031,20161031,20131231,2655584254.06,1218966790.05,6939520443.59
603826.SH,20150605,20150605,20131231,126073999.68,37169464.73,360025142.98
603868.SH,20160328,20160328,20131231,366392765.43,340020794.29,1049921518.47
603882.SH,20160219,20160219,20131231,602225839.62,232451279.59,860637562.03
603877.SH,20161219,20161219,20131231,1776534020.63,664604008.92,2805294847.39
603883.SH,20150403,20150403,20131231,1263229793.0,390995083.0,2179688533.0
603885.SH,20150511,20150511,20131231,4656704099.21,418830707.84,6284267618.97
603888.SH,20161010,20161010,20131231,465815234.81,919213091.57,1163031168.39
603899.SH,20150106,20150106,20131231,365637268.54,121119571.05,1297771458.23
603927.SH,20140411,20140411,20131231,1785618911.05,784050580.79,2297727560.6
603893.SH,20160701,20160701,20131231,715822400.0,369234800.0,1297227000.0
603920.SH,20170113,20170113,20131231,481041891.38,130339145.45,1096095856.59
603939.SH,20150202,20150202,20131231,524210475.2,221383717.78,1026411542.9
603979.SH,20150610,20150610,20131231,1199993503.06,409248665.59,2767030822.38
603983.SH,20160630,20160630,20131231,486143700.0,545130900.0,939251000.0
603993.SH,20140227,20140227,20131231,9006486233.88,1882647897.27,21899138540.63
603986.SH,20160728,20160728,20131231,143149667.38,199047769.4,474626176.42
605589.SH,20140719,20140719,20131231,3988249121.87,897923388.27,5678312120.84
688029.SH,20151110,20151110,20131231,54665070.08,59557705.51,287736571.4
