ts_code,ann_date,end_date,total_liab,money_cap,total_assets
000009.SZ,20161028,20160930,12214955375.62,2128160950.86,19496773328.27
000027.SZ,20161028,20160930,35902651487.13,5245121173.41,60454118016.72
000008.SZ,20161026,20160930,1307594254.91,1327966780.27,7166587795.57
000012.SZ,20161028,20160930,8689694308.0,306994416.0,16928089016.0
000021.SZ,20161031,20160930,4949244173.98,2976158981.41,10344654680.62
000025.SZ,20161028,20160930,261743493.87,164058426.73,1166781971.81
000028.SZ,20161022,20160930,8771255556.83,2095024391.08,14962096742.6
000030.SZ,20161031,20160930,3063724416.06,990303029.78,8687831216.23
000032.SZ,20161026,20160930,421199830.69,615480433.3,1971982285.77
000034.SZ,20161028,20160930,13408563684.26,1410261046.34,15988307730.79
000039.SZ,20161028,20160930,82923927000.0,6450270000.0,117625262000.0
000046.SZ,20161031,20160930,122628456607.08,28563662877.56,144793813656.35
000060.SZ,20161028,20160930,8235322358.06,1306779611.91,16398045592.17
000061.SZ,20161027,20160930,10514798969.7,1388020795.18,16858568940.72
000063.SZ,20161028,20160930,87090643000.0,26913150000.0,132668231000.0
000049.SZ,20161027,20160930,3022141891.96,480415002.53,4364902251.29
000050.SZ,20161027,20160930,7563202753.75,5061012865.34,21172693836.0
000062.SZ,20161021,20160930,2541102059.83,1006337475.34,6426365966.18
000066.SZ,20161031,20160930,31210644595.8,3707908462.38,40241897686.93
000078.SZ,20161031,20160930,9250848271.72,2677572111.69,14708243915.12
000088.SZ,20161027,20160930,1843814988.41,1423538944.88,8162732274.0
000089.SZ,20161031,20160930,1925310357.61,2387503123.35,12491871842.3
000100.SZ,20161026,20160930,95747061711.0,23792583599.0,142211005382.0
000090.SZ,20161025,20160930,11064921027.03,4002159112.54,17139587768.34
000099.SZ,20161025,20160930,2028058418.95,212107433.79,4875644439.7
000157.SZ,20161029,20160930,54277181226.93,9787461171.7,92658610231.63
000155.SZ,20161031,20160930,2199897361.21,551367561.33,1052529918.66
000333.SZ,20161031,20160930,97044256000.0,18583682000.0,162991610000.0
000156.SZ,20161028,20160930,3555532143.77,6850220110.12,13220539815.36
000338.SZ,20161028,20160930,81939932953.87,21915179514.3,124635520969.09
000400.SZ,20161028,20160930,6247035363.95,711582018.82,13217167634.75
000158.SZ,20161027,20160930,6586714868.55,840000753.45,11919071361.91
000301.SZ,20161029,20160930,1408584530.73,689670471.36,4728632039.75
000413.SZ,20161031,20160930,17093406139.72,22239580714.19,39342234739.38
000401.SZ,20161025,20160930,29478936729.03,1898985076.41,40136145798.43
000403.SZ,20161028,20160930,744472172.24,52486688.53,1322187665.85
000423.SZ,20161031,20160930,1285547376.04,1530407792.67,9021601040.48
000408.SZ,20161031,20160930,1662538576.5,2192038306.58,7200424646.65
000425.SZ,20161031,20160930,23923452598.72,4841153156.88,44332415071.7
000417.SZ,20161025,20160930,4627231295.08,2670365287.35,8709227102.42
000418.SZ,20161025,20160930,9889802992.88,2072326734.13,16629381295.68
000426.SZ,20161031,20160930,1658105134.94,239235270.99,4462194211.17
000429.SZ,20161028,20160930,7761006222.5,3092347803.12,16342858120.71
000503.SZ,20161029,20160930,80361439.47,483161552.31,1364694447.98
000488.SZ,20161026,20160930,63419157537.63,11556857100.0,85756600987.16
000501.SZ,20161029,20160930,11918301975.79,2253892528.41,17656431540.95
000511.SZ,20161029,20160930,2090394032.21,336236646.55,3486935220.13
000513.SZ,20161026,20160930,3601365900.61,2659622939.39,10410661796.29
000519.SZ,20161031,20160930,841227210.54,245808927.86,5081048922.06
000538.SZ,20161028,20160930,7574490722.36,2356484004.11,22839421141.69
000528.SZ,20161029,20160930,11700816405.95,4390345636.49,20531737594.39
000536.SZ,20161029,20160930,6278020773.18,13214558427.61,19385770247.35
000537.SZ,20161027,20160930,11524764632.46,1105146968.28,14648259236.76
000540.SZ,20161031,20160930,52222126307.93,9770161535.26,66888816847.76
000539.SZ,20161029,20160930,41490129506.0,6434501238.0,71619435369.0
000541.SZ,20161027,20160930,1079104558.27,644918147.43,6153358060.97
000543.SZ,20161028,20160930,10823624899.76,903052736.55,23702366024.81
000547.SZ,20161028,20160930,1323095379.06,1911725320.38,6624745511.61
000550.SZ,20161027,20160930,9525384993.0,9352681344.0,21710970027.0
000559.SZ,20161020,20160930,6387424448.16,1850546769.97,11010844027.75
000552.SZ,20161031,20160930,3080855479.54,1478864289.08,9284478236.67
000553.SZ,20161027,20160930,967760746.26,527299409.96,3073747159.36
000555.SZ,20161026,20160930,4028367067.02,714142860.94,7410600687.26
000564.SZ,20161029,20160930,16745131446.88,8811041233.51,44954411006.78
000568.SZ,20161027,20160930,2532620609.22,4269677770.42,13272088109.58
000566.SZ,20161027,20160930,3241357653.94,3201949686.23,8938891086.25
000581.SZ,20161027,20160930,3402827043.57,1244841488.41,16387938080.77
000572.SZ,20161029,20160930,6946168279.44,1754054445.26,16667790510.47
000582.SZ,20161028,20160930,4991550716.49,964535738.9,12307570489.53
000587.SZ,20161028,20160930,21067659669.84,4395325302.01,30069059206.0
000591.SZ,20161019,20160930,17930101091.52,1326593209.01,29199795905.41
000598.SZ,20161025,20160930,7328319441.0,1955122065.82,16367982887.26
000592.SZ,20161029,20160930,382945591.29,259385885.87,3868985591.46
000596.SZ,20161031,20160930,3239840984.34,1367934109.44,8940411922.95
000600.SZ,20161018,20160930,14271519849.24,1581915745.09,27661104917.89
000612.SZ,20161027,20160930,2044080832.72,283387979.42,6560470687.1
000623.SZ,20161025,20160930,1438286475.46,961642548.18,19328496425.71
000616.SZ,20161027,20160930,4540947632.13,1787915439.0,8917540863.41
000625.SZ,20161027,20160930,61797920665.77,25102977486.61,100618255680.56
000629.SZ,20161031,20160930,48814120983.98,3653396196.4,56976458572.05
000630.SZ,20161025,20160930,26100209407.93,5247689142.77,40911789381.5
000627.SZ,20161027,20160930,93452933575.63,11355781735.88,113209252814.59
000631.SZ,20161026,20160930,10769174895.63,6463768475.99,16290988725.92
000636.SZ,20161025,20160930,1943644145.31,519744065.85,6507030597.0
000651.SZ,20161031,20160930,130843775525.24,97233682681.51,181707468589.44
000652.SZ,20161031,20160930,26844380945.79,4983927876.21,30960150307.18
000657.SZ,20161028,20160930,3467582807.49,655053703.43,6970922991.15
000661.SZ,20161021,20160930,1458348130.56,1179087949.13,5922985655.78
000667.SZ,20161026,20160930,12134571127.81,3387739231.32,18452609932.42
000669.SZ,20161028,20160930,7507285108.4,1302553904.75,11801648373.34
000671.SZ,20161031,20160930,94905957247.02,20591306027.22,112109120262.54
000680.SZ,20161029,20160930,5648417128.41,759379930.21,9050701241.18
000681.SZ,20161028,20160930,1190807352.02,537540722.04,3415462033.71
000683.SZ,20161027,20160930,12324066217.49,4543164924.35,22854381939.79
000685.SZ,20161025,20160930,3627825633.53,685400263.95,14792881036.17
000709.SZ,20161027,20160930,132365049904.98,17851691091.14,178543442602.96
000690.SZ,20161028,20160930,4982237659.42,1348665405.71,13125767269.22
000703.SZ,20161022,20160930,16522377143.44,6290701942.64,29297235012.57
000697.SZ,20161026,20160930,69725277.65,281683685.45,1563110151.4
000708.SZ,20161022,20160930,1838330886.91,854733986.62,5482906412.71
000725.SZ,20161025,20160930,93169057999.0,41018466851.0,175175152927.0
000717.SZ,20161027,20160930,15719082864.11,1312035021.73,15961268324.33
000723.SZ,20161027,20160930,6274428906.01,739492312.05,13311585005.22
000729.SZ,20161027,20160930,4977196082.18,2777643496.45,19001649450.11
000726.SZ,20161028,20160930,1784789165.56,612520306.98,8917997686.72
000727.SZ,20161028,20160930,13253593357.82,1840426970.06,31430954321.47
000738.SZ,20161026,20160930,1720463093.18,1279539604.88,6883649219.51
000732.SZ,20161028,20160930,101109269377.38,10018344082.77,118556216746.67
000733.SZ,20161028,20160930,3704160768.27,1056664250.59,7795171462.93
000739.SZ,20161028,20160930,2941416820.0,619650078.17,5467573649.11
000748.SZ,20161031,20160930,1690107511.59,892121703.83,5927012659.23
000758.SZ,20161027,20160930,15668441964.31,2295243365.54,22312254912.13
000768.SZ,20161025,20160930,22425134738.87,4419085690.3,39808575678.28
000761.SZ,20161028,20160930,35340585478.88,8837200495.24,48399792782.49
000762.SZ,20161026,20160930,432062911.14,1410726899.13,2938066454.76
000766.SZ,20161020,20160930,1112277744.93,340938410.38,5193635897.3
000778.SZ,20161028,20160930,28442586097.05,4446779653.92,46616855787.88
000777.SZ,20161027,20160930,541783018.18,170178288.65,1786128362.63
000792.SZ,20161028,20160930,54452000587.11,5492790422.34,80972303530.42
000793.SZ,20161028,20160930,3442281113.43,2102443223.51,13358738373.28
000800.SZ,20161029,20160930,10803646600.19,197642926.15,18750816690.99
000785.SZ,20161027,20160930,1575509347.48,404142835.18,2508753234.1
000786.SZ,20161028,20160930,4183314386.91,1111829284.38,14230651253.5
000806.SZ,20161028,20160930,734016645.62,457497740.99,2832541124.95
000807.SZ,20161031,20160930,23282035811.16,3811678595.61,30307567148.56
000825.SZ,20161019,20160930,50487127917.03,6693454321.93,73336439517.33
000810.SZ,20161025,20160930,3570706328.46,965456048.03,6174738100.82
000826.SZ,20161029,20160930,13382822728.89,2396751949.37,20949057403.57
000813.SZ,20161031,20160930,182811563.94,352388550.87,2307916267.64
000816.SZ,20161029,20160930,2738342877.24,1677689721.51,6587471480.25
000818.SZ,20161029,20160930,378461790.59,98016311.22,2582174652.54
000829.SZ,20161031,20160930,9550448935.43,3693364322.92,11990088425.32
000830.SZ,20161027,20160930,14801361951.39,609137708.87,23459973736.02
000831.SZ,20161025,20160930,66937342.23,549114725.95,2189389244.83
000858.SZ,20161028,20160930,13899386002.7,33661137100.45,60345095213.04
000839.SZ,20161028,20160930,6290650498.2,1498740626.94,13067089427.87
000876.SZ,20161031,20160930,11706614601.37,3817507378.11,37130512977.13
000848.SZ,20161022,20160930,432060651.99,1483613526.29,2350087855.64
000860.SZ,20161029,20160930,11070482358.69,4134689958.81,17773453238.98
000861.SZ,20161020,20160930,6445113409.51,1996868933.36,9723107601.79
000869.SZ,20161028,20160930,2779754571.0,1469286073.0,11020562470.0
000883.SZ,20161028,20160930,14813164915.56,1095994818.33,40704005227.86
000877.SZ,20161022,20160930,12846928875.45,1656825247.09,19691930392.27
000878.SZ,20161028,20160930,15926460967.12,1904919411.4,22613043923.64
000895.SZ,20161027,20160930,7542652438.2,2727863825.14,21541478811.47
000898.SZ,20161027,20160930,43247000000.0,3017000000.0,87896000000.0
000887.SZ,20161031,20160930,4184103769.78,1696392927.84,10916674547.91
000917.SZ,20161029,20160930,9780528029.07,2037874315.44,21439707805.05
000893.SZ,20161028,20160930,661433474.07,290188482.31,5298920203.64
000900.SZ,20161029,20160930,14103291750.51,2468560072.0,21621811992.94
000919.SZ,20161029,20160930,884845351.0,701336388.01,3895242497.0
000921.SZ,20161024,20160930,13691919135.17,2308837790.94,18780223939.39
000930.SZ,20161027,20160930,4199823694.32,755318837.99,5879407158.25
000931.SZ,20161029,20160930,2017854854.64,101757514.34,3054129708.83
000932.SZ,20161029,20160930,61996865957.12,7102134490.29,71215539040.47
000933.SZ,20161025,20160930,43069376589.96,6919483061.47,52540435124.91
000937.SZ,20161031,20160930,23047177831.09,5407748098.29,43126671203.54
000938.SZ,20161028,20160930,9026866616.8,3422355545.88,36118180910.24
000939.SZ,20161028,20160930,27002695734.96,3263912335.79,36025571780.82
000951.SZ,20161029,20160930,12523441843.93,883629957.27,17875700876.47
000958.SZ,20161027,20160930,2474981383.1,280688024.96,5093646680.28
000959.SZ,20161031,20160930,93979096041.85,3315872619.92,127755186076.38
000963.SZ,20161021,20160930,6817865790.8,2004384115.65,14158845458.5
000960.SZ,20161028,20160930,18596704559.4,2988627853.24,27444829917.42
000961.SZ,20161027,20160930,90653404199.61,9977406107.63,108112097703.82
000967.SZ,20161027,20160930,2304598825.38,445397883.05,5830007310.47
000969.SZ,20161028,20160930,3829689080.51,941920241.74,9847157066.75
000970.SZ,20161028,20160930,741356000.91,1792910549.85,5482456955.94
000973.SZ,20161031,20160930,2639411190.08,397091741.66,5010152800.09
000975.SZ,20161027,20160930,344328258.86,433692809.13,4943616630.23
000983.SZ,20161029,20160930,34126852802.87,4004650382.47,53727593080.79
000977.SZ,20161026,20160930,3840315987.76,575667582.34,8010826668.19
000979.SZ,20161029,20160930,21377165947.5,4712965443.64,31186381178.44
000980.SZ,20161026,20160930,1115484462.71,764158808.1,3236085266.35
000988.SZ,20161020,20160930,2421081455.93,814788534.95,5610696843.03
000999.SZ,20161031,20160930,6032116375.38,1755601966.86,14427669389.94
000990.SZ,20161022,20160930,2436815872.77,506840520.14,5042104518.41
000997.SZ,20161031,20160930,2092340457.35,696549473.3,4484149704.22
000998.SZ,20161028,20160930,2210026314.84,883863158.26,7533158625.69
001289.SZ,20161031,20160930,90581997009.19,3453878078.83,137779776770.78
001696.SZ,20161031,20160930,2292730050.18,578087519.95,6247381803.35
001872.SZ,20161028,20160930,1205650111.63,458277511.84,6710692291.27
002007.SZ,20161027,20160930,195658603.04,258987365.12,4465868589.14
002001.SZ,20161028,20160930,3244504888.64,2600116770.9,10962520653.6
002002.SZ,20161024,20160930,8723881115.24,1114353137.37,12470493199.31
002004.SZ,20161027,20160930,12759242262.46,6288832682.17,23539325326.45
002005.SZ,20161028,20160930,7751634963.42,2145426943.0,13742152205.59
002008.SZ,20161025,20160930,4151681434.04,706525404.65,9556201433.52
002010.SZ,20161026,20160930,4044891259.81,5725886198.21,15613805745.57
002011.SZ,20161025,20160930,7005555590.32,1070595708.81,11501860634.67
002013.SZ,20161021,20160930,10623915001.92,1033694739.89,18654871406.74
002018.SZ,20161021,20160930,5587257697.0,245861143.71,8867582966.79
002024.SZ,20161029,20160930,67883113000.0,31190966000.0,133654849000.0
002019.SZ,20161027,20160930,3118272837.33,601329355.35,6871390732.43
002022.SZ,20161028,20160930,334170456.47,637745415.04,2214333107.13
002025.SZ,20161021,20160930,1154776772.32,707566419.43,3676841116.49
002027.SZ,20161031,20160930,3124415864.43,4510858048.25,9943457654.31
002028.SZ,20161022,20160930,1905780842.08,842339503.02,6132615946.67
002038.SZ,20161027,20160930,130396518.21,1142757000.99,3967982748.83
002029.SZ,20161025,20160930,2301781979.34,2098421438.41,7455729660.66
002030.SZ,20161029,20160930,1401498257.2,826643616.59,3493910128.71
002032.SZ,20161021,20160930,2595141320.06,763995193.27,6813243320.56
002041.SZ,20161028,20160930,847585244.22,673446599.58,4238286022.62
002044.SZ,20161026,20160930,1977802199.3,626747403.55,5314042164.62
002048.SZ,20161028,20160930,4907285385.91,1209656209.28,10816763377.7
002049.SZ,20161025,20160930,1132095138.85,656219000.91,4339921035.2
002050.SZ,20161019,20160930,2980792444.3,1319550622.32,8204124080.25
002051.SZ,20161021,20160930,11883961551.55,4808019144.51,18857445355.12
002065.SZ,20161025,20160930,3401281416.55,493803870.64,12046441461.78
002056.SZ,20161022,20160930,1680365868.25,386930483.95,5503103492.01
002063.SZ,20161026,20160930,368065673.21,409064376.11,2173321126.42
002064.SZ,20161022,20160930,2199848362.07,218768372.02,5158678732.95
002073.SZ,20161026,20160930,3828945828.71,630581867.26,8248367037.96
002081.SZ,20161027,20160930,16723658290.17,1404485666.81,26510359051.73
002074.SZ,20161027,20160930,5439947741.12,1251717694.26,9099590823.25
002075.SZ,20161021,20160930,2358317960.18,265093105.42,6676675861.29
002078.SZ,20161028,20160930,12312984578.1,1255916521.77,20186138835.77
002080.SZ,20161021,20160930,12744398663.04,2464535641.62,21068232438.21
002085.SZ,20161020,20160930,3550700541.94,1254760809.09,9082760531.74
002092.SZ,20161025,20160930,29669758818.38,4005449608.72,45180210866.49
002093.SZ,20161025,20160930,1648157118.62,205951802.79,3048289868.33
002106.SZ,20161027,20160930,907458721.58,1408609440.04,4526057682.02
002110.SZ,20161028,20160930,5184507649.49,3363958673.58,12112800922.61
002118.SZ,20161024,20160930,2731118814.3,556968119.05,6388336638.99
002120.SZ,20161029,20160930,457997471.68,58120214.9,925002965.41
002122.SZ,20161025,20160930,1889329219.79,214838278.83,6865150320.59
002123.SZ,20161025,20160930,1931681572.54,622383239.3,7079880807.5
002124.SZ,20161025,20160930,891288755.65,158093856.04,2280775829.05
002129.SZ,20161026,20160930,8882332554.63,1936736292.63,19480180898.66
002126.SZ,20161028,20160930,2066223963.18,203386418.2,4533212601.09
002127.SZ,20161029,20160930,408793608.67,373664503.19,1814888537.81
002128.SZ,20161021,20160930,4221981167.41,711474003.84,13502125217.31
002130.SZ,20161029,20160930,2797331017.2,379492678.55,4527413119.43
002153.SZ,20161026,20160930,929917359.38,2346418452.7,5902717393.4
002131.SZ,20161029,20160930,3211695993.2,479742824.04,10784382564.16
002138.SZ,20161024,20160930,1413041344.95,314794640.54,3979191888.78
002152.SZ,20161022,20160930,2421658410.59,2560278451.89,10972527489.79
002155.SZ,20161026,20160930,1969578321.87,615183729.86,6293592266.42
002156.SZ,20161029,20160930,4493732559.68,1687295686.07,10482182440.4
002157.SZ,20161026,20160930,5488337937.91,798203859.25,9885123228.28
002161.SZ,20161029,20160930,460648497.06,325141737.19,2075290519.76
002168.SZ,20161025,20160930,553775591.0,373241440.83,1794467677.67
002174.SZ,20161026,20160930,1941785246.24,507244728.8,4441850153.66
002176.SZ,20161021,20160930,4254148710.66,310966008.28,9036016031.57
002179.SZ,20161028,20160930,3756684172.4,1095663793.55,8181948675.86
002180.SZ,20161031,20160930,4097715742.41,4368599130.19,6121048316.31
002181.SZ,20161027,20160930,742641859.18,446270656.18,4216203628.34
002183.SZ,20161029,20160930,30425571071.0,7416848598.0,37928465798.0
002185.SZ,20161029,20160930,1874415569.19,1079499676.66,7273875874.85
002190.SZ,20161021,20160930,3968952171.94,1468666144.72,7403894742.89
002191.SZ,20161021,20160930,1537577518.1,469672425.25,6262450722.53
002195.SZ,20161028,20160930,553828870.02,2716046229.12,6922335394.41
002202.SZ,20161029,20160930,41654742738.5,5519140452.91,61498626741.9
002192.SZ,20161027,20160930,186783210.64,67698885.71,960092646.05
002194.SZ,20161028,20160930,540155919.45,618156137.31,2640500337.59
002203.SZ,20161028,20160930,7133000187.17,1461316775.43,11594778999.48
002212.SZ,20161028,20160930,1393528366.81,239598430.29,3254283899.6
002216.SZ,20161026,20160930,1506052741.67,521952668.21,3449950324.24
002230.SZ,20161018,20160930,2652728253.63,2317310437.29,9360382117.47
002217.SZ,20161027,20160930,6227748965.26,772997502.86,12315038404.91
002219.SZ,20161028,20160930,1292858244.47,696642411.77,5296514405.66
002221.SZ,20161027,20160930,15108011692.17,6378603927.73,21614103794.54
002236.SZ,20161018,20160930,5257623900.95,1580924856.32,12932072032.98
002223.SZ,20161026,20160930,835954413.51,2972980745.65,5697278578.72
002233.SZ,20161021,20160930,1633161258.43,531468807.49,6086717359.33
002241.SZ,20161025,20160930,13025466000.17,2878546400.43,23377344892.52
002238.SZ,20161027,20160930,1008452293.14,1537571512.3,3701889387.3
002240.SZ,20161027,20160930,925539189.94,80455149.47,2266430277.74
002252.SZ,20161024,20160930,1189448314.22,2037229543.94,13044723775.05
002242.SZ,20161028,20160930,1539704414.88,800452847.66,4889477455.24
002249.SZ,20161021,20160930,4903690871.38,1589037722.75,13615022141.32
002250.SZ,20161025,20160930,1466736531.75,435068139.11,5805014878.71
002251.SZ,20161029,20160930,8048545572.29,1297183913.82,13120819300.38
002254.SZ,20161022,20160930,374887412.21,398063887.92,2520968793.51
002261.SZ,20161018,20160930,476444914.47,400453444.51,4186009143.59
002262.SZ,20161026,20160930,810988524.94,787981281.51,2882403939.67
002265.SZ,20161022,20160930,288122704.18,50145044.89,780512854.13
002266.SZ,20161028,20160930,2471102687.5,446762968.7,5627424187.57
002267.SZ,20161021,20160930,5123921822.62,1033785148.84,10482812039.79
002268.SZ,20161024,20160930,1830303460.81,135744549.18,3232379437.07
002269.SZ,20161028,20160930,3772330688.0,515965527.0,6722484454.0
002271.SZ,20161020,20160930,4091348010.53,1215661820.46,8706480148.33
002273.SZ,20161031,20160930,318048835.12,301536480.41,3163386182.7
002276.SZ,20161024,20160930,1999067532.5,533547160.82,5002319521.34
002277.SZ,20161015,20160930,6555215018.7,1991803129.99,12191730942.91
002292.SZ,20161029,20160930,3264892906.46,834591254.76,8075415930.87
002280.SZ,20161028,20160930,791602088.52,538905080.21,6920263520.25
002294.SZ,20161025,20160930,1072104418.53,1754965004.93,6194394289.34
002281.SZ,20161025,20160930,1922589559.77,557515748.95,4773341863.84
002304.SZ,20161028,20160930,10286368148.26,5176163827.88,35340207212.06
002293.SZ,20161026,20160930,1041773184.09,528927546.98,3851813086.7
002299.SZ,20161025,20160930,4871247489.29,592921625.44,10957974168.85
002302.SZ,20161026,20160930,9833716429.28,1450591080.85,14350554359.29
002308.SZ,20161029,20160930,717340942.93,303392828.25,2992198732.35
002309.SZ,20161026,20160930,20523605196.57,3667079966.52,26232705943.68
002310.SZ,20161021,20160930,12601329783.39,2008072232.53,19535571300.91
002311.SZ,20161027,20160930,4182062218.82,826247343.42,9989348133.01
002312.SZ,20161024,20160930,1546816660.47,395226380.43,5666204237.93
002315.SZ,20161026,20160930,405603130.12,1001002118.66,2379511384.24
002317.SZ,20161027,20160930,869568272.21,809415515.04,4177662986.04
002318.SZ,20161028,20160930,1251387816.76,147914232.12,3873217443.39
002325.SZ,20161029,20160930,6698648833.23,1179271003.42,10243417305.13
002326.SZ,20161018,20160930,1969075185.33,450954063.19,3994563322.88
002327.SZ,20161018,20160930,645687363.2,392984863.17,3103580649.6
002332.SZ,20161028,20160930,1328890797.97,360557626.94,3518574121.15
002335.SZ,20161028,20160930,1612770745.65,782349042.66,4805780907.6
002340.SZ,20161029,20160930,11118106606.57,1222127147.62,18147933583.68
002342.SZ,20161028,20160930,1620750782.54,348333296.79,4044512542.45
002344.SZ,20161022,20160930,6142346442.0,1310767875.24,11560771193.18
002353.SZ,20161028,20160930,2078637012.02,1148990355.59,10117389294.07
002345.SZ,20161027,20160930,1987235404.06,250252948.57,4663112307.11
002352.SZ,20161028,20160930,170657541.77,57592443.49,877141186.29
002354.SZ,20161031,20160930,916169717.3,570936467.61,6091894645.99
002358.SZ,20161014,20160930,2884524228.86,2156631497.17,7508723083.99
002366.SZ,20161026,20160930,2834922460.64,350066113.29,4763321653.06
002375.SZ,20161029,20160930,9640333950.67,1029670748.89,17043143221.0
002368.SZ,20161027,20160930,2787064253.57,296303548.72,4958634995.0
002371.SZ,20161026,20160930,3336911926.89,1173563874.94,6650817731.45
002372.SZ,20161025,20160930,769122292.48,951009004.65,3279873963.14
002373.SZ,20161028,20160930,1946498662.85,1147174918.69,5418031453.34
002385.SZ,20161029,20160930,5180505172.4,1316153145.92,14796866398.03
002382.SZ,20161029,20160930,265460693.31,287129731.73,1527647837.15
002384.SZ,20161027,20160930,11745134785.19,2777664465.95,14580666351.62
002387.SZ,20161014,20160930,170181096.71,646956649.66,945266889.56
002399.SZ,20161029,20160930,3599403372.65,4254652160.74,11670813358.5
002390.SZ,20161024,20160930,4432734646.34,1382003523.64,10857213814.93
002392.SZ,20161021,20160930,1879372262.13,112698401.62,4878515710.39
002396.SZ,20161028,20160930,1432592957.38,1311915449.23,4867954083.57
002400.SZ,20161028,20160930,4474361301.78,1796482318.91,9770885782.93
002402.SZ,20161026,20160930,459798809.55,204764548.74,1528076314.42
002405.SZ,20161025,20160930,681031249.84,1670216355.71,3808968639.09
002407.SZ,20161018,20160930,2100049065.7,648435110.36,4837664247.61
002408.SZ,20161027,20160930,2655684200.18,631916718.71,8352771564.14
002410.SZ,20161026,20160930,220581884.38,1068758067.5,2971092251.16
002415.SZ,20161012,20160930,14855030153.89,12377756631.74,36494321200.94
002409.SZ,20161028,20160930,153718715.3,97590968.72,1521689690.17
002411.SZ,20161028,20160930,8657155564.08,4366427386.32,16862900288.28
002414.SZ,20161026,20160930,808344317.42,769094859.11,4032248177.92
002422.SZ,20161028,20160930,12276407824.0,1841438172.0,23797852352.0
002416.SZ,20161021,20160930,8622037114.71,4142731708.78,14022523524.77
002419.SZ,20161031,20160930,8613453577.22,3402834125.91,14051023204.33
002424.SZ,20161026,20160930,1121144397.14,732670805.21,3977419432.7
002426.SZ,20161027,20160930,7592598011.46,1103622276.54,13478883213.54
002428.SZ,20161027,20160930,465705097.79,145590423.07,2061623414.89
002429.SZ,20161026,20160930,4309231640.54,594748008.04,9416453787.19
002430.SZ,20161011,20160930,6067241646.83,587681038.91,10004659268.87
002431.SZ,20161026,20160930,8854003851.18,1585117485.47,13371703713.14
002432.SZ,20161031,20160930,918983283.74,795726293.49,2342398732.17
002434.SZ,20161025,20160930,4060831370.65,358106539.14,6589647724.29
002436.SZ,20161025,20160930,1654616294.07,288751756.83,4056591920.57
002437.SZ,20161022,20160930,4545143695.44,880915211.21,8437255895.44
002450.SZ,20161026,20160930,10269920310.58,15336752373.84,25292963653.77
002439.SZ,20161026,20160930,755905800.11,372303866.33,2784985615.04
002440.SZ,20161024,20160930,1256925180.11,621987282.69,7583876517.47
002456.SZ,20161029,20160930,14770723181.82,1148000717.04,21602648757.46
002444.SZ,20161028,20160930,1613100227.91,3102331775.58,7106931295.0
002458.SZ,20161019,20160930,477965115.14,196894672.79,1895616974.88
002459.SZ,20161015,20160930,94327494.42,180487508.55,1319744262.37
002460.SZ,20161025,20160930,1169743410.34,285285810.36,3453658893.02
002465.SZ,20161026,20160930,2937328821.63,552958405.7,9801251784.02
002470.SZ,20161026,20160930,5386117980.63,3244907581.23,15352361969.24
002461.SZ,20161021,20160930,2818058862.09,280454999.38,6329393492.72
002463.SZ,20161025,20160930,2121197627.0,361118270.0,5411195612.0
002466.SZ,20161024,20160930,3630805084.25,1158726438.86,9097992058.12
002468.SZ,20161021,20160930,779574913.23,291575883.11,1538425766.46
002472.SZ,20161022,20160930,798672778.85,279174144.77,3760142398.95
002475.SZ,20161020,20160930,8479165982.19,6778963873.08,20062037504.23
002477.SZ,20161026,20160930,9941255675.45,3934812867.14,15199212248.94
002479.SZ,20161024,20160930,1790187175.56,490380032.28,4917907114.94
002482.SZ,20161027,20160930,7000450707.01,823957738.24,13195800405.94
002487.SZ,20161026,20160930,920399494.28,295731852.71,2616398514.17
002489.SZ,20161029,20160930,2078488986.78,1196630311.01,5556674742.98
002491.SZ,20161022,20160930,3497957995.35,816975379.36,6365735366.84
002493.SZ,20161026,20160930,29151903640.62,6169253924.2,43234631468.8
002497.SZ,20161028,20160930,592711815.31,65271710.54,3051329232.47
002498.SZ,20161026,20160930,2252509982.35,1129335173.47,6594528913.45
002503.SZ,20161031,20160930,1817163264.78,323846788.03,4464214272.08
002505.SZ,20161029,20160930,9540521022.85,2729973266.11,15768328372.88
002506.SZ,20161028,20160930,16101817203.55,3531524916.06,19918261328.26
002507.SZ,20161026,20160930,344174656.35,378387599.16,1850708354.46
002508.SZ,20161021,20160930,2589319841.1,3112325140.82,6195419453.26
002509.SZ,20161026,20160930,1682053073.63,563729643.03,6008060080.65
002511.SZ,20161026,20160930,1727993202.38,748772401.12,4345076691.58
002512.SZ,20161028,20160930,2631759046.96,979324059.78,5530463060.54
002517.SZ,20161011,20160930,619405413.57,2419945682.01,3692059395.9
002518.SZ,20161025,20160930,600723870.83,267147882.64,2589391481.75
002531.SZ,20161029,20160930,3698724883.19,224366214.36,6336785212.14
002532.SZ,20161026,20160930,622169334.07,209988432.69,1945277470.97
002544.SZ,20161026,20160930,2092994576.86,412143117.14,3337911544.15
002551.SZ,20161028,20160930,1452627989.27,495272679.07,3372955803.06
002555.SZ,20161029,20160930,1386176745.59,513247145.66,5719446673.37
002557.SZ,20161022,20160930,731251505.15,467081522.48,3680409741.51
002558.SZ,20161025,20160930,846239651.23,5868411788.76,8179959826.76
002563.SZ,20161028,20160930,2375335058.09,2065016274.75,11936367690.56
002568.SZ,20161013,20160930,1132167916.73,574186754.94,2024053301.12
002572.SZ,20161026,20160930,1179490349.36,1844781571.8,4878743434.79
002573.SZ,20161027,20160930,6091466876.81,349135286.65,9762533506.02
002594.SZ,20161031,20160930,79292522000.0,7588506000.0,133924309000.0
002581.SZ,20161022,20160930,121479937.67,739760049.71,2490816264.64
002583.SZ,20161028,20160930,1728516169.29,317420917.84,6150120920.39
002588.SZ,20161021,20160930,2381527571.47,586341157.84,6574813874.31
002589.SZ,20161027,20160930,8083164148.67,2491359705.37,15309928458.15
002595.SZ,20161027,20160930,350842613.09,247640517.07,3726720428.52
002600.SZ,20161025,20160930,6678089229.81,2418520241.24,11996590260.12
002601.SZ,20161028,20160930,12087459422.82,8310677625.38,24883461809.24
002602.SZ,20161025,20160930,1123774765.72,429597461.95,5409940277.38
002603.SZ,20161028,20160930,1078126082.32,369403414.72,6229648638.95
002607.SZ,20161027,20160930,2039790373.67,628823441.2,3919986625.0
002608.SZ,20161022,20160930,7639914838.87,47891921.41,1362111342.78
002624.SZ,20161024,20160930,5231913979.0,1362496065.14,13202462601.05
002625.SZ,20161022,20160930,137966204.07,13971109.41,700915966.04
002635.SZ,20161025,20160930,673920867.29,653437953.36,3172068731.27
002640.SZ,20161026,20160930,1919154916.33,1928296355.38,6386095996.8
002642.SZ,20161028,20160930,852074416.2,411075166.04,4482851790.33
002646.SZ,20161027,20160930,495610038.5,264585899.97,2944308541.11
002648.SZ,20161021,20160930,4057010672.81,469013021.64,7221757791.16
002653.SZ,20161025,20160930,1295608570.48,958850788.6,3413113050.92
002657.SZ,20161028,20160930,757053808.98,778256446.74,3478987069.48
002663.SZ,20161031,20160930,2794028699.88,1039033019.82,7139665491.52
002665.SZ,20161025,20160930,1414668758.12,421378331.49,4454135483.64
002672.SZ,20161031,20160930,4224925949.36,766566286.9,7891038206.16
002678.SZ,20161027,20160930,904584702.63,468857552.32,2911355686.28
002681.SZ,20161024,20160930,1133119888.26,566725912.89,3907443841.8
002683.SZ,20161022,20160930,2621465741.35,350744283.58,5693547046.08
002690.SZ,20161026,20160930,238327350.04,246646010.36,2180544566.22
002698.SZ,20161028,20160930,343209759.37,12377249.18,2189639044.95
002699.SZ,20161022,20160930,183429437.87,2314477951.0,3623229003.48
002701.SZ,20161027,20160930,9409622361.0,1952545022.0,14521224783.0
002705.SZ,20161025,20160930,3001472919.88,1173307559.31,5560150433.33
002707.SZ,20161028,20160930,2236958431.26,886304994.76,4140911569.14
002709.SZ,20161026,20160930,631864499.36,152050643.56,2129542224.98
002739.SZ,20161028,20160930,6725628711.88,1565317757.57,16922736975.14
002714.SZ,20161020,20160930,5823989675.3,1084230743.59,10925471970.2
002727.SZ,20161026,20160930,2347052695.75,1064149827.92,4775632403.92
002738.SZ,20161026,20160930,245609859.02,104610632.34,854428144.69
002745.SZ,20161029,20160930,7355843784.66,4897681001.08,12567785429.2
002756.SZ,20161018,20160930,297866685.78,604740342.85,3320885285.25
002761.SZ,20161028,20160930,227026683.76,67424745.99,864280869.2
002773.SZ,20161026,20160930,843737358.15,1856616402.49,3627813372.13
002791.SZ,20161026,20160930,574328218.78,680245082.83,2999959321.14
002812.SZ,20161028,20160930,301468728.3,569146656.12,1819058979.23
002815.SZ,20161025,20160930,1396028426.63,963847745.43,3414804994.45
002818.SZ,20161108,20160930,1411111468.35,361898818.87,4126262444.41
002821.SZ,20161117,20160930,439669095.69,291952429.11,1559902809.56
002831.SZ,20161125,20160930,2691798736.95,518986197.15,5256201843.67
002837.SZ,20161215,20160930,299477700.0,,573247600.0
002841.SZ,20170118,20160930,1860468567.15,1224364219.46,2960056552.13
003035.SZ,20161214,20160930,2254797200.0,,3437020300.0
003816.SZ,20161018,20160930,137759315529.74,8541756234.71,221534876309.99
300001.SZ,20161029,20160930,5670976674.55,1203027953.32,8478526216.9
300002.SZ,20161029,20160930,1741868514.93,594750836.5,6723825406.07
300003.SZ,20161029,20160930,3186018197.43,907035508.64,8326379655.21
300015.SZ,20161025,20160930,1115491378.51,573296256.45,3885152237.26
300009.SZ,20161026,20160930,513606754.61,59826949.96,1870561779.33
300010.SZ,20161029,20160930,1152527738.11,388470761.93,6399108566.3
300017.SZ,20161028,20160930,1125801362.09,3170823895.59,8098326365.78
300012.SZ,20161029,20160930,606394775.01,1200216648.03,3030712180.22
300014.SZ,20161025,20160930,1685008880.99,306746982.78,3655781098.79
300024.SZ,20161027,20160930,1534496128.18,1489918860.34,6988577453.58
300027.SZ,20161021,20160930,9507185646.32,4866343146.82,19654618241.22
300026.SZ,20161025,20160930,1415865646.8,1552864943.28,7263218190.93
300032.SZ,20161028,20160930,1750069416.82,2354817236.64,6441648819.1
300058.SZ,20161029,20160930,10569095127.75,1752414654.75,16513344497.02
300070.SZ,20161027,20160930,7249955505.46,4278844722.41,22150320065.05
300033.SZ,20161026,20160930,1347921994.92,3121493347.9,3799596002.44
300037.SZ,20161026,20160930,498618205.19,320284760.64,2637197811.14
300039.SZ,20161026,20160930,381312586.71,835092753.63,2563320731.95
300043.SZ,20161029,20160930,2782951692.24,440389350.73,5094157276.09
300054.SZ,20161018,20160930,556324203.21,547641481.63,2944354052.91
300055.SZ,20161028,20160930,1806982805.88,1720847039.42,7373321749.0
300072.SZ,20161019,20160930,10199749519.5,4204580986.62,16276355578.17
300073.SZ,20161025,20160930,677481599.7,127801765.26,1981778630.76
300104.SZ,20161025,20160930,18971758209.22,5610655751.37,28868507113.64
300085.SZ,20161025,20160930,487317868.92,106707186.11,1444359039.4
300088.SZ,20161028,20160930,2384973803.86,1028377793.52,6042045261.43
300100.SZ,20161028,20160930,2514945710.23,290227790.92,4924039061.12
300113.SZ,20161028,20160930,900406049.82,1072255760.41,3333339956.97
300114.SZ,20161027,20160930,491628085.81,398486801.95,1914030637.11
300115.SZ,20161022,20160930,3140412625.56,1045939042.12,6992360643.86
300118.SZ,20161029,20160930,7187418170.05,1457879066.83,10998864797.71
300124.SZ,20161027,20160930,1665602902.05,1200194701.49,6353862017.59
300133.SZ,20161028,20160930,3929021020.75,1821366574.45,10162358064.77
300122.SZ,20161020,20160930,135455003.86,617297729.42,2630952920.82
300144.SZ,20161011,20160930,1170011031.72,1516859753.14,7545757711.75
300146.SZ,20161028,20160930,638381587.52,1917304567.88,5317690652.92
300134.SZ,20161028,20160930,2028128387.95,3755620266.31,7953358338.28
300136.SZ,20161028,20160930,979217782.03,290799346.95,2720314212.22
300140.SZ,20161025,20160930,248373030.9,301130271.94,1161149684.73
300142.SZ,20161022,20160930,3906498780.16,1337433239.55,6655719442.08
300147.SZ,20161028,20160930,3852706945.09,866453004.81,7573415291.75
300156.SZ,20161029,20160930,2853925843.76,1057364042.51,5185958219.52
300159.SZ,20161025,20160930,2087460510.01,715964926.41,7842990038.91
300166.SZ,20161028,20160930,828514085.63,443003408.37,4647548332.53
300168.SZ,20161025,20160930,3796837950.7,604578856.73,5918598949.22
300180.SZ,20161028,20160930,794433846.66,94486630.5,3400381243.83
300182.SZ,20161028,20160930,2670883364.33,897606875.28,12125974030.36
300197.SZ,20161025,20160930,5072559722.69,1131895358.62,10019671258.87
300199.SZ,20161027,20160930,989443669.82,901711860.5,4517120491.85
300202.SZ,20161027,20160930,663127016.54,755157966.39,2340786293.76
300207.SZ,20161026,20160930,4863026698.58,1570407947.68,7099500001.2
300212.SZ,20161029,20160930,2447893398.51,202220962.92,5155728712.39
300223.SZ,20161026,20160930,26835280.29,271463021.85,1119499039.93
300251.SZ,20161025,20160930,1924414973.0,972370895.05,8983507951.39
300244.SZ,20161029,20160930,2758656758.89,1092245616.62,5243982045.1
300253.SZ,20161025,20160930,781996874.85,320317717.69,3030065197.0
300257.SZ,20161026,20160930,1711518739.79,1212633610.49,5150360035.6
300266.SZ,20161027,20160930,2042874752.12,540986039.39,5046782287.62
300267.SZ,20161029,20160930,268815629.46,1041639385.52,5179479258.42
300271.SZ,20161029,20160930,853022132.59,354085576.97,2611959253.33
300273.SZ,20161028,20160930,1574896281.32,367558609.88,4184806002.73
300274.SZ,20161020,20160930,4902312036.16,2323468116.56,10586815989.4
300285.SZ,20161028,20160930,226164731.49,720016617.43,1950356480.73
300287.SZ,20161027,20160930,1255166600.47,1036642043.0,6720353981.8
300291.SZ,20161029,20160930,1270308555.63,2301584309.6,7479962017.8
300315.SZ,20161027,20160930,1746487428.4,1056734522.8,10205630552.75
300296.SZ,20161025,20160930,4061954307.79,1234047299.32,8183453862.05
300297.SZ,20161028,20160930,2444046185.52,1632488351.37,5857914953.66
300308.SZ,20161019,20160930,75802089.24,122801108.48,625474291.24
300316.SZ,20161028,20160930,547559528.83,215990792.69,2631521780.96
300324.SZ,20161026,20160930,837901075.94,783483255.12,2609002867.25
300339.SZ,20161019,20160930,1660378309.9,214011715.8,4926242788.58
300346.SZ,20161026,20160930,60421867.49,55605128.01,1279461404.8
300347.SZ,20161029,20160930,527934683.37,320344629.55,2137881634.85
300357.SZ,20161028,20160930,34160869.49,225670196.44,663102690.37
300363.SZ,20161027,20160930,1351954063.88,272134082.11,2633760766.4
300373.SZ,20161029,20160930,450824263.76,336709903.33,2425033014.65
300376.SZ,20161027,20160930,3987029291.46,1988140125.18,7472308452.87
300383.SZ,20161029,20160930,2227420356.88,85302882.87,8539923632.34
300390.SZ,20161028,20160930,167655796.76,98455417.31,984323753.31
300394.SZ,20161025,20160930,47206067.35,191789722.16,771734552.64
300395.SZ,20161026,20160930,204242590.68,268823902.87,983340634.28
300408.SZ,20161029,20160930,643644597.48,268631219.92,5493763920.91
300413.SZ,20161027,20160930,656564405.4,1182059088.77,2289571213.25
300418.SZ,20161027,20160930,2876538930.97,499635411.6,5968397303.38
300432.SZ,20161029,20160930,533267589.23,330112243.4,1524279478.67
300433.SZ,20161029,20160930,8694400760.46,1607946181.7,22388093077.0
300438.SZ,20161029,20160930,814561428.31,94674520.32,1717997324.26
300442.SZ,20161028,20160930,359175617.8,98393085.89,1340867037.97
300450.SZ,20161027,20160930,1368011848.76,192863401.68,2174453406.89
300458.SZ,20161028,20160930,255362992.86,1709224022.12,2424312296.0
300459.SZ,20161029,20160930,297725421.16,1390523923.76,5210477679.6
300463.SZ,20161020,20160930,446959029.25,90916623.84,2660275940.55
300474.SZ,20161028,20160930,89350528.96,318911240.06,944831366.2
300476.SZ,20161028,20160930,1030771985.82,478955818.91,2404604134.59
300482.SZ,20161029,20160930,101129156.47,425708582.91,925092277.66
300487.SZ,20161029,20160930,134913555.0,220295461.14,839212932.85
300496.SZ,20161028,20160930,592390183.33,943609954.5,1659562672.85
300498.SZ,20161014,20160930,9431502233.09,901160737.16,39799284687.38
300502.SZ,20161027,20160930,196604236.13,158994358.07,1167336720.75
300529.SZ,20161028,20160930,97442799.46,579453522.66,1218340778.37
300558.SZ,20161105,20160930,269848672.4,62155176.97,1475072272.22
300567.SZ,20161121,20160930,219057825.28,140855498.18,524113147.52
300568.SZ,20161111,20160930,625362779.04,200088099.4,1253867138.82
300570.SZ,20161115,20160930,77053980.25,177898789.48,491781316.25
300573.SZ,20161125,20160930,210023905.42,22347933.32,645192558.62
300595.SZ,20170104,20160930,118992431.1,28427357.06,404031944.53
300601.SZ,20170112,20160930,818787748.37,71454252.54,1540669831.25
300869.SZ,20161029,20160930,80326510.63,196755830.3,564200825.13
300972.SZ,20161021,20160930,315861185.15,38509429.33,593730435.09
600005.SH,20161031,20160930,67595617595.72,7307123321.21,96693217099.75
302132.SZ,20161027,20160930,491628085.81,398486801.95,1914030637.11
600004.SH,20161029,20160930,6146942491.81,2433451634.35,16944190926.82
600008.SH,20161029,20160930,26834111648.68,2808087809.51,39525541732.02
600009.SH,20161029,20160930,4308248628.09,9482265439.91,26392007739.98
600010.SH,20161029,20160930,93482978746.07,4897787005.72,141014648470.17
600006.SH,20161029,20160930,12207143063.91,2683567295.76,19679639085.68
600011.SH,20161026,20160930,201036723362.0,7650272841.0,299723834000.0
600018.SH,20161029,20160930,50257070516.26,15669523631.39,117436530262.67
600019.SH,20161025,20160930,138856761636.95,9640901831.64,266872949735.26
600021.SH,20161026,20160930,38112793057.31,4306736102.92,54546739339.58
600023.SH,20161028,20160930,38974728447.32,17033461860.31,105203521752.58
600017.SH,20161026,20160930,7879698391.31,958387864.64,19403929333.96
600027.SH,20161026,20160930,145782069000.0,7321470000.0,203358296000.0
600022.SH,20161028,20160930,29372111449.72,9770419999.85,52542500028.91
600028.SH,20161028,20160930,599646000000.0,86383000000.0,1413148000000.0
600029.SH,20161029,20160930,136350000000.0,4654000000.0,192587000000.0
600026.SH,20161029,20160930,30902211239.6,9615319644.47,57700514990.6
600031.SH,20161031,20160930,35853150000.0,3955500000.0,60037717000.0
600038.SH,20161028,20160930,12346148268.39,2084360693.79,19289933651.35
600032.SH,20161130,20160930,3936580000.0,,8538890000.0
600050.SH,20161022,20160930,365465241224.0,22533742330.0,597078104043.0
600037.SH,20161029,20160930,2318330007.91,5187092342.47,14552460400.83
600060.SH,20161025,20160930,8881559355.55,4035511844.5,21863768400.89
600039.SH,20161029,20160930,49584987105.52,6199535457.58,59587024818.49
600056.SH,20161029,20160930,11924654557.81,2481844436.7,19577593149.96
600066.SH,20161025,20160930,15974828917.67,2313321464.35,27889471820.89
600058.SH,20161029,20160930,19320645572.92,2785449487.45,24495928750.25
600059.SH,20161026,20160930,344165524.74,184771017.31,4243350538.41
600062.SH,20161031,20160930,1161676812.48,1132698281.83,8080396525.99
600068.SH,20161031,20160930,112850787042.8,20548708260.45,156482769535.91
600067.SH,20161024,20160930,11983708811.27,4303017701.87,20825717773.33
600085.SH,20161031,20160930,4938453297.26,5663496862.99,16668279609.72
600073.SH,20161018,20160930,3947384545.0,2672856184.64,7951661814.8
600089.SH,20161028,20160930,50128970331.21,13056695591.42,77010615135.68
600074.SH,20161027,20160930,2821366389.98,2862898510.58,6934408592.75
600079.SH,20161029,20160930,13811777257.83,2636555708.09,25397040181.72
600086.SH,20161029,20160930,5801265373.21,864679217.61,8799882882.83
600088.SH,20161029,20160930,232198680.55,320944957.05,1399048109.22
600096.SH,20161029,20160930,60852216798.45,5744172522.0,67808262656.05
600100.SH,20161029,20160930,32806817822.29,6782702772.69,58659509020.43
600098.SH,20161029,20160930,17141918563.16,3576121190.77,36031451150.95
600104.SH,20161029,20160930,316836863689.17,86032018720.55,544945818122.85
600111.SH,20161022,20160930,6017125605.77,3853623691.83,15800875852.72
600115.SH,20161028,20160930,151437000000.0,1370000000.0,204885000000.0
600118.SH,20161029,20160930,5560950114.68,2224912411.06,11109456319.28
600108.SH,20161028,20160930,2853197403.15,1023525506.06,7579995885.71
600112.SH,20161026,20160930,1570754433.03,139933967.92,2735636092.41
600122.SH,20161028,20160930,10135144686.69,6546820521.13,18852276319.19
600125.SH,20161027,20160930,2141965236.07,554532265.37,7127510761.8
600126.SH,20161029,20160930,11121225026.62,5018757142.15,25462311104.18
600129.SH,20161029,20160930,8143857847.14,1507329704.04,9766336697.79
600131.SH,20161022,20160930,1482616430.32,209823540.59,2520102962.9
600132.SH,20161028,20160930,2582299231.02,584588799.77,3980655565.51
600150.SH,20161029,20160930,32574395157.52,14076071026.7,51704230721.09
600138.SH,20161029,20160930,4008061345.45,765503954.17,10613521929.89
600141.SH,20161014,20160930,16177483734.53,1098516782.8,22273161882.68
600143.SH,20161019,20160930,8156060868.83,1098398539.42,17381585568.94
600153.SH,20161029,20160930,107876770689.0,14443197725.33,135489444401.85
600157.SH,20161029,20160930,65914576778.69,10579482352.29,94701687536.31
600151.SH,20161028,20160930,7573070833.15,1824252280.19,13846584810.88
600166.SH,20161029,20160930,33311637839.67,4391014511.13,52068283520.52
600158.SH,20161031,20160930,1988488486.24,432355633.81,3792038156.67
600160.SH,20161026,20160930,1734988817.84,3429318697.12,12104134676.4
600170.SH,20161029,20160930,128671904996.34,34969635773.61,158594515891.85
600161.SH,20161029,20160930,3460634410.49,579007977.31,5822506822.57
600167.SH,20161028,20160930,3252989882.21,250541509.0,5359067610.46
600169.SH,20161029,20160930,22801546136.79,1713422092.09,27291453542.43
600177.SH,20161029,20160930,41650495677.75,8377951684.86,64498715835.86
600171.SH,20161025,20160930,203616709.96,1243977122.0,2079403082.99
600175.SH,20161029,20160930,5731154375.04,3599072271.91,16856924991.19
600176.SH,20161026,20160930,12895040417.2,2608402933.52,23598642762.14
600179.SH,20161026,20160930,4260407091.78,1212628340.42,6555118676.75
600180.SH,20161029,20160930,10248044018.37,3341941344.81,14633165085.42
600183.SH,20161031,20160930,4151811956.02,505849299.33,9183437940.14
600184.SH,20161028,20160930,1553644312.79,355809540.53,3791012932.62
600196.SH,20161029,20160930,19632476193.04,5651539606.63,42244099360.71
600187.SH,20161025,20160930,1392383738.53,52462717.12,4118371307.39
600188.SH,20161031,20160930,94935708000.0,20405806000.0,145472700000.0
600195.SH,20161031,20160930,2340751218.15,347753153.36,5856950951.57
600198.SH,20161029,20160930,9647583089.3,1245483833.47,13359020007.1
600200.SH,20161029,20160930,2980273692.91,1329745768.68,5960560780.03
600221.SH,20161029,20160930,91466553000.0,40389246000.0,152922506000.0
600201.SH,20161026,20160930,483033069.31,2298119564.24,4073814680.53
600216.SH,20161028,20160930,1522732786.15,928885371.42,8451518221.24
600219.SH,20161027,20160930,8932937619.85,2990031886.52,34734214309.6
600220.SH,20161025,20160930,2406744989.39,669863755.81,4586999544.23
600233.SH,20161026,20160930,2365067756.56,2741209561.27,10212282205.93
600236.SH,20161028,20160930,24700394619.15,2120592681.69,39725175650.74
600252.SH,20161025,20160930,754130711.72,2297474687.39,6045104375.0
600240.SH,20161029,20160930,12887973306.5,3346159247.39,18203536580.67
600256.SH,20161018,20160930,28602805501.65,1956831356.22,41849607329.08
600251.SH,20161024,20160930,1745227061.87,566717968.4,3828084545.84
600258.SH,20161022,20160930,14135197998.77,1177491413.15,17301738726.81
600259.SH,20161031,20160930,3453467417.74,405547386.46,4050156809.06
600271.SH,20161029,20160930,7022849255.18,8593640006.05,17237373084.91
600260.SH,20161026,20160930,8710252073.61,599888281.68,11953239777.14
600267.SH,20161029,20160930,11890550578.15,2041084162.12,20031835300.91
600276.SH,20161029,20160930,1450927050.42,6202623523.46,13632052456.09
600270.SH,20161027,20160930,1354572540.55,2832041529.72,8670920300.67
600273.SH,20161028,20160930,2928515206.47,399532898.79,6706892866.94
600277.SH,20161026,20160930,12163276479.06,3182742886.0,22704298564.62
600280.SH,20161029,20160930,14421572844.61,1541812678.93,16154388779.26
600282.SH,20161029,20160930,27012984526.32,2797908859.19,33579556532.56
600284.SH,20161028,20160930,5991050914.42,3447996128.89,11853723937.7
600289.SH,20161029,20160930,876888396.06,1712554277.78,3993008022.02
600291.SH,20161029,20160930,268764366632.89,24753988843.76,295538510171.81
600292.SH,20161028,20160930,3380621393.78,413077618.51,8509329482.31
600295.SH,20161029,20160930,31739934505.25,4175368804.14,45320497437.43
600297.SH,20161031,20160930,83398367470.4,20521231543.7,108880018649.73
600298.SH,20161019,20160930,3062013423.48,334301253.76,6552842779.74
600299.SH,20161029,20160930,4463800697.0,6216474931.0,20319295275.0
600300.SH,20161029,20160930,5467058677.4,1152116016.88,8883143238.91
600309.SH,20161027,20160930,34788256069.69,2430345859.83,51585065616.06
600315.SH,20161027,20160930,2443776740.79,2880954242.46,7935727254.18
600317.SH,20161026,20160930,5421895555.93,2045494527.92,16483171898.95
600307.SH,20161028,20160930,28274774567.82,2816075869.47,37894049682.53
600312.SH,20161015,20160930,5816335602.31,481843469.68,12501272478.91
600316.SH,20161028,20160930,5993640984.54,504046243.25,11161281054.47
600332.SH,20161026,20160930,7752395186.37,13778388784.8,25448875336.98
600320.SH,20161029,20160930,45640756474.0,1993172416.0,61762592210.0
600329.SH,20161031,20160930,1896320226.78,1265508985.97,6205577883.97
600335.SH,20161028,20160930,13678791043.64,3417868557.6,20731236475.78
600338.SH,20161018,20160930,574158136.09,197617127.59,1617323154.03
600339.SH,20161029,20160930,2983665141.74,105672012.33,2580492207.41
600346.SH,20161028,20160930,14411781631.46,1905235572.27,19941084850.33
600352.SH,20161026,20160930,19842494268.14,2870262667.95,36611070985.75
600348.SH,20161027,20160930,24819782643.37,4676626417.08,38676604154.99
600350.SH,20161029,20160930,22004316176.0,6608614345.0,46701607100.0
600362.SH,20161026,20160930,37156702017.0,15338300937.0,86304607302.0
600351.SH,20161026,20160930,1220579369.8,960564463.58,3895769971.05
600361.SH,20161027,20160930,8656001769.16,5679807551.99,11404214836.05
600372.SH,20161028,20160930,10809567172.88,1350848097.32,16944942382.93
600373.SH,20161028,20160930,8097919168.44,4626630715.96,19007970363.93
600363.SH,20161029,20160930,1499647194.36,479510949.33,3786878457.49
600366.SH,20161022,20160930,1113384538.98,437238103.56,5821886349.22
600377.SH,20161028,20160930,14425593009.0,242823093.0,36789921656.0
600378.SH,20161028,20160930,226518474.97,373427943.5,976792010.42
600380.SH,20161028,20160930,6965780587.28,3933065441.48,16433718575.58
600388.SH,20161029,20160930,10413095064.86,1894032636.26,14246394193.05
600392.SH,20161029,20160930,1037500505.51,200963454.9,2381271762.63
600393.SH,20161029,20160930,5995370260.57,318849694.78,11158323489.24
600398.SH,20161029,20160930,13217106148.06,6602063139.49,22620999639.53
600395.SH,20161029,20160930,4718662300.0,631894800.0,10780537200.0
600397.SH,20161026,20160930,6370529229.15,1222821411.95,9146721170.03
600406.SH,20161025,20160930,7866336289.68,2332338172.6,16130042094.73
600399.SH,20161026,20160930,10601556513.62,2005448730.92,12607360850.56
600415.SH,20161018,20160930,15847260885.81,840524886.74,26207049615.92
600409.SH,20161022,20160930,13024225514.65,1384589101.5,20262960327.94
600410.SH,20161028,20160930,3696783827.94,2878005097.45,8927355123.29
600416.SH,20161029,20160930,14886718921.87,3951679692.09,21400466307.08
600418.SH,20161029,20160930,36295286502.79,18294621771.79,51409338705.16
600422.SH,20161028,20160930,1606924981.89,564714788.68,5113069900.35
600425.SH,20161029,20160930,6352218924.66,387668632.76,10932044675.17
600426.SH,20161029,20160930,4528777035.05,560156097.45,12454435823.6
600428.SH,20161028,20160930,11474074663.13,2362037629.62,20768364079.98
600433.SH,20161028,20160930,1506476179.45,110841142.84,4004223829.37
600435.SH,20161025,20160930,1776047829.77,221304982.42,4290576907.95
600436.SH,20161031,20160930,1054564435.66,1621492111.79,4698007213.41
600438.SH,20161031,20160930,10036220767.55,1757400715.56,18701980916.04
600446.SH,20161028,20160930,1394872556.41,450284123.03,2931651800.4
600456.SH,20161028,20160930,3308665410.03,642191485.68,6895301736.31
600458.SH,20161027,20160930,8079541841.58,1111781222.82,13053048026.3
600460.SH,20161029,20160930,1913924454.06,527730947.81,4976492406.07
600466.SH,20161028,20160930,57373819488.83,6235837592.44,69865317261.35
600468.SH,20161028,20160930,917291538.89,359965017.5,2791556307.8
600478.SH,20161029,20160930,2945826231.88,1234115172.29,5003365520.36
600481.SH,20161022,20160930,2535025346.25,1426294307.73,4748949927.21
600485.SH,20161029,20160930,9028199184.56,10099195578.43,20978819371.29
600482.SH,20161031,20160930,15068135464.53,17574880380.68,41172503251.8
600483.SH,20161026,20160930,7600747612.97,2722991427.71,17714088910.72
600489.SH,20161028,20160930,24289561114.4,3496155362.72,39705770751.16
600486.SH,20161028,20160930,1724383468.18,934245853.01,5133698333.63
600487.SH,20161031,20160930,12805774717.47,1809280248.12,19336430062.0
600496.SH,20161027,20160930,6200826979.84,974815641.64,9912779830.71
600497.SH,20161029,20160930,22075565407.82,1711129163.6,35062509201.42
600498.SH,20161029,20160930,13935450846.35,2301436576.7,21624582893.95
600499.SH,20161020,20160930,4030078691.8,597742083.32,8239036620.59
600500.SH,20161031,20160930,31757765955.47,5723056682.65,51982508095.87
600507.SH,20161025,20160930,5414232002.44,1165600220.16,8134045423.52
600509.SH,20161029,20160930,13936974501.87,1401168807.44,18783073262.24
600511.SH,20161026,20160930,3085532668.15,1328215912.01,6980745941.06
600518.SH,20161031,20160930,24436487833.51,26059225917.84,53006974242.02
600515.SH,20161025,20160930,59152645015.84,5857823408.65,79922930445.01
600519.SH,20161029,20160930,33862528824.06,61999742903.47,105146032285.13
600516.SH,20161022,20160930,2205786288.06,1641902892.47,8295523241.28
600521.SH,20161028,20160930,2422499833.12,1048994259.87,6671686720.72
600522.SH,20161027,20160930,8277958017.8,3178622664.11,19987069743.03
600535.SH,20161025,20160930,7648579459.04,844812586.49,15875867118.62
600525.SH,20161022,20160930,7437087492.55,874463919.16,14476135727.74
600528.SH,20161028,20160930,50867985841.46,3069223173.17,57095674872.53
600529.SH,20161028,20160930,855867756.18,339118397.24,3173738618.13
600536.SH,20161028,20160930,2753278649.35,1224045703.77,5345118447.57
600537.SH,20161028,20160930,3413111111.41,1033380252.18,6472884965.58
600545.SH,20161027,20160930,7767197933.72,710791223.89,9777408978.26
600546.SH,20161028,20160930,42775286563.58,4805292532.6,49268545642.25
600547.SH,20161028,20160930,13056494623.58,828418801.48,23916353210.69
600549.SH,20161021,20160930,7490529555.01,853368827.47,15685857527.52
600551.SH,20161031,20160930,2453919793.0,1076098453.67,6875358978.07
600556.SH,20161031,20160930,124505876.16,29240967.7,139827773.29
600557.SH,20161029,20160930,1449368673.35,188588746.36,4573203760.92
600562.SH,20161028,20160930,712830656.52,421657940.67,2305566183.64
600570.SH,20161028,20160930,1065502235.83,169804946.79,3715767682.57
600563.SH,20161029,20160930,269279997.62,375481937.35,2291265636.76
600565.SH,20161027,20160930,26153742000.71,3902419600.73,32599920678.71
600566.SH,20161022,20160930,1154113325.3,677135188.51,4583026126.01
600567.SH,20161028,20160930,11743243052.03,2561181024.8,20013583532.72
600578.SH,20161031,20160930,20401037908.0,2575846537.05,40466871208.86
600583.SH,20161025,20160930,6580457686.62,6060842883.87,29578223103.89
600572.SH,20161028,20160930,5488645257.54,2418624675.25,10241156350.61
600575.SH,20161028,20160930,7929733285.58,1603870228.77,17315478843.82
600585.SH,20161028,20160930,28090304514.0,12862338769.0,105720351167.0
600580.SH,20161028,20160930,10008762923.9,1878201292.18,15532147739.38
600582.SH,20161028,20160930,16478385464.85,4422311386.18,34626473685.23
600588.SH,20161029,20160930,4902308455.0,3593656347.0,10641764495.0
600586.SH,20161029,20160930,5166482683.8,1332873224.86,9320812989.46
600584.SH,20161029,20160930,23650503866.11,2771103337.24,30148768534.58
600587.SH,20161029,20160930,6656552396.45,843621410.35,10787690660.33
600600.SH,20161031,20160930,13844024606.0,10723947776.0,31572707581.0
600594.SH,20161029,20160930,2359108227.32,1158806572.69,6465525893.3
600596.SH,20161029,20160930,3643073561.26,720083621.58,7976451940.22
600597.SH,20161028,20160930,9409024371.0,2641753245.0,15395336150.0
600598.SH,20161028,20160930,2153534862.6,1039551635.81,7937249202.1
600601.SH,20161029,20160930,6526105957.49,1299004155.91,10032604026.87
600602.SH,20161025,20160930,890484013.18,828628420.99,4687985969.89
600611.SH,20161029,20160930,6709883417.41,2650500325.91,16323561175.36
600612.SH,20161027,20160930,7265204083.9,3887455074.58,12961573789.09
600614.SH,20161027,20160930,3763762225.54,727328469.08,8591216569.65
600633.SH,20161029,20160930,1885658165.37,551968425.33,7434496701.78
600617.SH,20161031,20160930,15835166822.73,2254099369.57,20086514404.43
600618.SH,20161028,20160930,2649029560.22,455423960.17,4878005610.84
600623.SH,20161028,20160930,15588059612.98,5833896665.99,34597390991.32
600628.SH,20161028,20160930,1981423642.64,1897673299.42,5809443320.87
600637.SH,20161029,20160930,7917095820.49,11421283054.34,36001013707.72
600642.SH,20161029,20160930,19952994874.82,7818011870.59,51829869930.7
600635.SH,20161029,20160930,9465235065.87,2440686677.79,16389739686.77
600640.SH,20161029,20160930,582756529.21,776700555.03,3670143892.11
600645.SH,20161028,20160930,1245700104.43,308920615.95,2943373999.17
600660.SH,20161031,20160930,11507404737.0,7331479239.0,28380649922.0
600651.SH,20161029,20160930,9027313699.06,649577421.42,12514477107.78
600654.SH,20161031,20160930,6086685108.93,711903718.13,9068625058.71
600655.SH,20161029,20160930,11381805790.24,1823722162.58,21592395158.41
600664.SH,20161031,20160930,6090087523.31,3974758801.1,14181360120.83
600666.SH,20161028,20160930,3715849311.63,143469660.99,5953371996.75
600674.SH,20161020,20160930,5761725778.21,199450891.08,25939461391.87
600667.SH,20161031,20160930,2739775286.03,641148853.76,5062753885.35
600673.SH,20161026,20160930,6735825523.28,988786429.37,10985835512.85
600682.SH,20161028,20160930,16558262071.56,4027937783.17,17953489931.68
600688.SH,20161028,20160930,7034291000.0,3506929000.0,30258675000.0
600690.SH,20161029,20160930,84911904573.72,19867219890.11,120622337171.98
600685.SH,20161029,20160930,40579422771.21,16111221211.22,50914871356.6
600703.SH,20161028,20160930,6238639647.37,6320668260.84,22999996799.7
600687.SH,20161029,20160930,6284732047.08,1748383995.59,11785340686.3
600705.SH,20161028,20160930,98194952896.02,16692852516.01,123827329845.5
600694.SH,20161025,20160930,10657170104.58,7314773005.25,17728022123.26
600699.SH,20161028,20160930,22657354563.18,1691251253.69,27613732145.14
600704.SH,20161026,20160930,61217997042.53,10126868010.45,84070200749.86
600717.SH,20161027,20160930,13291862564.33,6251276438.54,33172771792.17
600718.SH,20161029,20160930,3215269561.0,1908238725.0,11341555581.0
600707.SH,20161028,20160930,4814889489.69,464565078.14,6429783911.62
600720.SH,20161022,20160930,6062467210.7,1275173553.45,11663190052.96
600728.SH,20161031,20160930,1320619571.47,313891842.54,3932289386.18
600729.SH,20161031,20160930,8119754671.28,1794974885.52,12872653264.17
600739.SH,20161025,20160930,12160342407.08,1036154689.38,31799377172.64
600741.SH,20161028,20160930,58983618513.33,26753593211.7,102902917554.52
600732.SH,20161031,20160930,343065643.33,5396302.25,680135088.42
600733.SH,20161025,20160930,151312886.68,67084032.6,416044005.16
600737.SH,20161029,20160930,10454219802.48,2423501961.16,16901802802.29
600745.SH,20161029,20160930,6556190342.03,551704629.31,12568888676.93
600750.SH,20161022,20160930,355717204.39,785995700.9,2845758473.9
600751.SH,20161029,20160930,1660136488.77,8668782215.12,14102701782.97
600754.SH,20161029,20160930,30782105346.49,7571163931.69,44931410115.66
600755.SH,20161028,20160930,47285060069.42,3646991570.18,57485868245.26
600757.SH,20161028,20160930,4938329215.6,743401812.98,10411951099.72
600759.SH,20161029,20160930,10062741176.85,299510202.9,15449004019.81
600760.SH,20161029,20160930,1186703556.1,165527643.05,1672546022.6
600761.SH,20161026,20160930,1904669009.54,951763169.24,6286743568.61
600763.SH,20161015,20160930,353143421.64,284493659.5,1380461784.59
600764.SH,20161031,20160930,267525040.25,155009645.74,901799779.94
600765.SH,20161028,20160930,9852149393.41,740356362.16,13766004560.84
600783.SH,20161031,20160930,1997797425.14,255592758.35,5862455483.6
600770.SH,20161029,20160930,1527804668.41,1069512698.18,6307218514.01
600776.SH,20161031,20160930,702562626.47,724833482.15,3691597717.67
600777.SH,20161029,20160930,773809438.73,647062631.95,6251476692.03
600779.SH,20161029,20160930,564094455.78,622048370.24,1957924623.21
600782.SH,20161029,20160930,18712791120.17,3308512990.5,27561210346.53
600795.SH,20161029,20160930,181605646696.06,4801870163.12,255939690003.55
600787.SH,20161029,20160930,9713297977.65,1989719727.25,18955795137.11
600790.SH,20161029,20160930,3457493037.66,222680135.55,8092783678.63
600804.SH,20161026,20160930,14006330913.29,2653960640.67,20130797044.45
600801.SH,20161019,20160930,14884894721.0,2517496302.0,25961715137.0
600803.SH,20161029,20160930,12427642666.11,1931955973.17,17527988790.87
600820.SH,20161028,20160930,45074707586.81,9343131555.94,62746256712.99
600805.SH,20161025,20160930,2879788894.53,778899718.66,9756137051.77
600808.SH,20161028,20160930,41058610333.0,4420034685.0,62627459674.0
600809.SH,20161028,20160930,2315987854.22,1234259934.17,6984630599.79
600811.SH,20161031,20160930,20767012187.01,9764983135.18,40460903755.74
600812.SH,20161015,20160930,10904427141.05,1023301599.64,16206493186.87
600823.SH,20161029,20160930,38480214515.98,9229403968.73,63786238329.2
600827.SH,20161029,20160930,24654015527.86,11848293076.37,44743217736.42
600825.SH,20161028,20160930,1488197922.28,473718405.52,4073595750.22
600837.SH,20161029,20160930,404341115840.91,122740867918.0,523770800299.9
600839.SH,20161026,20160930,39159188591.17,14149647080.91,57761487146.45
600826.SH,20161028,20160930,1102219814.82,1175224452.94,5009068344.16
600831.SH,20161028,20160930,3629350624.48,661710465.93,6461369922.28
600835.SH,20161029,20160930,20072277238.28,13674882269.12,31226608509.82
600845.SH,20161025,20160930,2499191188.85,1761793036.28,6633887786.4
600850.SH,20161029,20160930,2978719888.32,660752511.57,4939694682.4
600851.SH,20161028,20160930,1131699248.06,453973005.02,5654489861.06
600863.SH,20161027,20160930,25242662012.81,151338796.2,39527449863.06
600867.SH,20161026,20160930,873826205.82,670609156.92,4623835788.87
600859.SH,20161029,20160930,6507776674.95,7597457232.3,17050009062.21
600862.SH,20161031,20160930,4654413961.76,1210859136.46,8101973934.17
600869.SH,20161031,20160930,8733749047.78,2142114876.06,14607306664.56
600873.SH,20161020,20160930,7714276835.23,1423977976.27,16623432570.75
600871.SH,20161027,20160930,58471790000.0,2135297000.0,74342384000.0
600872.SH,20161028,20160930,1776142317.34,216148870.8,4759123929.49
600875.SH,20161022,20160930,64600982890.49,25023580994.51,87388286379.37
600874.SH,20161028,20160930,5788419000.0,1543766000.0,10683891000.0
600879.SH,20161029,20160930,10254388592.59,764062244.21,18879722930.87
600880.SH,20161029,20160930,758092701.34,1007146647.13,4605802538.76
600886.SH,20161031,20160930,144435802652.55,6440217790.47,198836281939.57
600881.SH,20161025,20160930,37225407170.89,6220499310.27,51731165794.41
600884.SH,20161028,20160930,5031680436.49,2572922550.31,13812814598.55
600887.SH,20161029,20160930,16354503595.89,14928915710.94,38146543018.1
600893.SH,20161029,20160930,32183422259.59,4818950794.35,50446432745.44
600885.SH,20161029,20160930,2002062618.29,387540691.27,6408875833.36
600900.SH,20161031,20160930,178025162660.27,4232903383.64,302306614147.98
600894.SH,20161029,20160930,2468793879.16,2599410326.38,9341362316.28
600917.SH,20161022,20160930,4533046405.65,2328677750.12,8444600116.08
600939.SH,20170111,20160930,56611401966.7,3083824462.9,61051988132.72
600959.SH,20161029,20160930,6359434370.56,3936295822.83,19871720659.09
600967.SH,20161025,20160930,914047716.66,605376664.65,3286194073.49
600970.SH,20161026,20160930,20314884085.58,9364360463.31,27462636156.39
600971.SH,20161029,20160930,7736772248.86,3078029004.44,13759902989.6
600977.SH,20161029,20160930,4009127561.42,7887775966.16,14251094104.88
600978.SH,20161029,20160930,8365890158.52,3692892843.24,15679954789.42
600981.SH,20161031,20160930,24519445526.38,6654887952.85,33710498266.27
600985.SH,20161028,20160930,666285043.53,211011124.83,2007389015.45
600988.SH,20161031,20160930,1308462552.38,167862238.12,3653714590.92
600989.SH,20161025,20160930,16290597215.25,2630540596.55,26681074740.24
600993.SH,20161027,20160930,545113278.69,583026389.09,2541024381.34
600995.SH,20161029,20160930,1227118570.91,271848441.35,2808228366.44
600996.SH,20161205,20160930,2571035900.0,,4657939900.0
601006.SH,20161027,20160930,29980322299.0,8312784392.0,119307675285.0
600998.SH,20161025,20160930,26041099502.67,4324888182.33,37599926850.94
601000.SH,20161026,20160930,5417574765.78,2811760752.84,17504284296.9
601001.SH,20161031,20160930,16822937362.44,5776986401.01,26849110231.87
601002.SH,20161028,20160930,1646264141.75,287683023.74,4153108142.87
601003.SH,20161027,20160930,16522961875.02,2102994382.64,21086686325.8
601005.SH,20161031,20160930,35968109000.0,1270118000.0,37378402000.0
601018.SH,20161031,20160930,21890850000.0,3308644000.0,58556781000.0
601021.SH,20161031,20160930,12098896917.0,5735791685.0,19640329009.0
601010.SH,20161029,20160930,2752237822.96,573757504.17,6812940293.16
601012.SH,20161029,20160930,6424139286.29,4592819320.0,16038742139.9
601088.SH,20161029,20160930,191821000000.0,82213000000.0,566018000000.0
601016.SH,20161028,20160930,10606027760.68,1623771493.45,17588845159.64
601058.SH,20161029,20160930,7984131454.67,1211741808.62,12665123824.42
601068.SH,20161031,20160930,27992452938.65,3850318711.54,37857626632.42
601098.SH,20161028,20160930,5220056026.04,10823216320.34,17878480682.38
601106.SH,20161029,20160930,21905724280.78,2669856634.43,35016055196.52
601111.SH,20161028,20160930,154507394000.0,9419791000.0,229162286000.0
601117.SH,20161028,20160930,54185437927.66,19092550106.48,83058594425.15
601100.SH,20161025,20160930,1679408705.21,804386697.65,5186639422.02
601118.SH,20161025,20160930,5401557572.79,1576138215.39,13230521247.92
601126.SH,20161031,20160930,2233981767.35,505026467.25,5938642035.1
601127.SH,20161026,20160930,12931451090.05,3289002350.72,17194238132.72
601139.SH,20161022,20160930,8234246915.12,2868286014.77,16428272675.93
601179.SH,20161029,20160930,14822892800.48,7683288204.36,34195290816.5
601186.SH,20161028,20160930,604910824000.0,117284628000.0,750306952000.0
601158.SH,20161029,20160930,6376788334.66,5241225013.17,20030060748.84
601168.SH,20161020,20160930,16690017927.0,4882898230.0,29751515467.0
601216.SH,20161028,20160930,5222364510.19,734525552.24,18328311941.4
601225.SH,20161027,20160930,48914697638.84,7835315250.13,90880891767.77
601200.SH,20161024,20160930,5297225814.92,284746880.57,9818034098.15
601212.SH,20161228,20160930,26275942717.48,3109164456.69,40366010793.52
601226.SH,20161027,20160930,4731297517.42,839870820.27,8346523490.22
601238.SH,20161031,20160930,38484718032.0,17892092577.0,82609238474.0
601258.SH,20161029,20160930,51554864720.0,19697240490.0,64365246030.0
601228.SH,20161107,20160930,9544941753.89,901199857.45,20750031372.0
601231.SH,20161028,20160930,8483635743.22,4763875947.62,15715320576.45
601233.SH,20161028,20160930,7813440159.34,2686903902.55,18315456481.64
601333.SH,20161027,20160930,3393414976.0,1588046887.0,31355975205.0
601311.SH,20161021,20160930,1864483944.33,121155154.4,6648643622.64
601390.SH,20161029,20160930,589274173000.0,88467954000.0,735583727000.0
601360.SH,20161028,20160930,1022875515.63,372085680.75,2744654808.52
601369.SH,20161028,20160930,8492099803.91,1002641847.39,14755175771.53
601399.SH,20161029,20160930,13073377469.95,3605842067.85,13589447742.54
601515.SH,20161029,20160930,1553895185.8,494174488.26,5228752864.57
601567.SH,20161025,20160930,4621121530.85,2830234762.17,11037798994.58
601600.SH,20161021,20160930,140903573000.0,25583458000.0,191079015000.0
601607.SH,20161028,20160930,44999188116.7,12027702639.08,80891141043.14
601618.SH,20161027,20160930,290594378000.0,28992578000.0,363711887000.0
601608.SH,20161029,20160930,12533357076.42,4034800638.75,20971890187.04
601633.SH,20161026,20160930,31963816170.12,3925706382.95,75922087387.28
601611.SH,20161028,20160930,60118544477.52,11641412173.46,69350441640.88
601668.SH,20161029,20160930,1056272537000.0,258119456000.0,1343097652000.0
601615.SH,20161028,20160930,11399693089.79,1460550966.27,15732662361.95
601669.SH,20161029,20160930,393883209306.65,68380326267.59,475100821116.62
601636.SH,20161028,20160930,6929315738.51,1000188153.6,12505178349.42
601666.SH,20161025,20160930,28098514054.7,3935642936.16,39163529995.17
601699.SH,20161028,20160930,36486916362.86,7423762485.98,54339954864.77
601678.SH,20161015,20160930,2273551455.41,309217061.51,7005748789.98
601718.SH,20161028,20160930,11995097008.9,3765083341.33,25886040975.87
601727.SH,20161031,20160930,113172872000.0,38169222000.0,170935464000.0
601689.SH,20161028,20160930,1139554730.27,454725496.43,4345014770.89
601766.SH,20161029,20160930,225014966000.0,39458962000.0,343302346000.0
601717.SH,20161029,20160930,2274105433.1,2656034181.68,12001813394.72
601728.SH,20161028,20160930,331582782574.11,30209893441.01,647483881906.13
601777.SH,20161025,20160930,20954346810.64,7245567277.29,28022922515.52
601800.SH,20161029,20160930,611742898307.0,80620641308.0,792721200335.0
601808.SH,20161029,20160930,43942367240.0,7797323081.0,81466472463.0
601799.SH,20161029,20160930,1394121432.02,303410118.15,5047299216.31
601801.SH,20161028,20160930,3117041125.29,5229549632.71,11370880183.56
601811.SH,20161028,20160930,3987940192.59,1950962277.51,12006140880.36
601857.SH,20161029,20160930,1041381000000.0,120822000000.0,2405988000000.0
601828.SH,20161031,20160930,44258629468.7,8384984781.79,91268608023.17
601866.SH,20161029,20160930,97087596122.49,19497221530.49,111347259941.18
601858.SH,20161228,20160930,,,2941557500.0
601872.SH,20161028,20160930,15995269719.71,4761797693.03,36423696591.29
601868.SH,20161031,20160930,211599872143.47,45864591377.25,289290390613.36
601888.SH,20161029,20160930,4600343002.96,6802894655.63,17489973066.15
601898.SH,20161029,20160930,139519453000.0,13877557000.0,240324865000.0
601877.SH,20161024,20160930,4277021405.62,1277412150.88,12223318549.64
601880.SH,20161027,20160930,13679584268.79,6432135958.75,32630119743.99
601886.SH,20161028,20160930,16767775871.67,3333767504.05,24112185136.2
601899.SH,20161026,20160930,56580236094.0,5682475782.0,86987938968.0
601919.SH,20161029,20160930,83450053761.62,34442988068.55,120827217612.97
601928.SH,20161029,20160930,7180765681.42,3396965177.62,19136839547.0
601908.SH,20161028,20160930,3706667528.71,950947476.3,10047537344.64
601918.SH,20161029,20160930,25861419291.28,849146752.34,30787511592.4
601933.SH,20161028,20160930,9193181939.7,11369296929.91,28027251936.13
601958.SH,20161028,20160930,2814850624.54,3906111161.09,15760104561.96
601929.SH,20161031,20160930,2834398007.59,662940431.26,9055168323.98
601965.SH,20161022,20160930,623443135.6,1316004866.45,4549533317.23
601966.SH,20161028,20160930,9171607045.84,2028305980.41,16864781642.97
601985.SH,20161028,20160930,206526842089.18,11182926925.49,276346029216.3
601989.SH,20161028,20160930,127103534883.21,58417181175.48,185783026657.49
601991.SH,20161028,20160930,170460106000.0,4659167000.0,227954998000.0
601969.SH,20161021,20160930,2212903010.17,1507367356.83,6370936235.47
601992.SH,20161027,20160930,94135188092.33,22079583183.08,142244799667.85
603000.SH,20161028,20160930,435101705.8,230898219.81,3545486200.86
601975.SH,20161026,20160930,4523826222.44,360680226.03,7467103890.59
603001.SH,20161029,20160930,1271385268.45,972158939.33,5317444626.21
603005.SH,20161029,20160930,225729708.53,480086345.35,1877679962.55
603019.SH,20161025,20160930,2635462662.63,1106672736.86,5466833385.81
603025.SH,20161025,20160930,105394997.11,199669167.87,1566240943.7
603026.SH,20161028,20160930,609271649.5,124918894.82,2159123896.59
603077.SH,20161031,20160930,4533744866.39,4005772402.89,15153942435.28
603160.SH,20161028,20160930,459209683.33,417426324.66,2135496011.71
603169.SH,20161028,20160930,3922157050.7,396714260.17,6964870439.22
603188.SH,20161026,20160930,641751664.41,331394139.16,4000580017.61
603218.SH,20161208,20160930,961898300.0,169458400.0,2563731000.0
603198.SH,20161028,20160930,1304683767.26,598934387.94,5029252161.54
603225.SH,20161031,20160930,5833046272.45,596625559.51,8778944757.04
603288.SH,20161028,20160930,1984722903.66,3086192690.28,11174435560.39
603228.SH,20170105,20160930,1491678936.02,305134217.87,3170095803.29
603298.SH,20161205,20160930,1064361100.0,183020900.0,3411239800.0
603328.SH,20161027,20160930,957144892.43,3282426818.58,5523055695.14
603338.SH,20161027,20160930,288953357.38,356944013.07,1339360812.41
603345.SH,20170124,20160930,1223386565.95,310754910.6,2177878293.34
603355.SH,20161029,20160930,1794203430.33,1455450961.33,4610957430.8
603369.SH,20161027,20160930,1214524983.47,1425341717.49,5730145757.41
603377.SH,20161015,20160930,701372088.01,598522924.92,2509595629.3
603379.SH,20170113,20160930,1340069432.94,493523194.77,2038512261.71
603444.SH,20161220,20160930,344291140.88,940165687.76,1334520519.05
603456.SH,20161027,20160930,478018150.33,274468941.09,3019508891.15
603515.SH,20161025,20160930,1732355884.37,263000536.57,4665526877.31
603528.SH,20161028,20160930,551686434.12,972015208.43,1853227519.59
603555.SH,20161022,20160930,3727202349.7,1014819803.7,6050328534.05
603556.SH,20161109,20160930,1019855084.5,1232251058.68,2927529500.12
603567.SH,20161028,20160930,2108983093.32,1600123064.71,6287903081.62
603568.SH,20161029,20160930,1606053768.0,320622679.46,3452295306.88
603569.SH,20161028,20160930,1142904230.51,1115781176.36,2922053935.48
603589.SH,20161027,20160930,1187646425.36,397719884.03,5357649225.45
603606.SH,20161029,20160930,1136688080.43,291517177.39,1963705755.05
603638.SH,20161230,20160930,146200100.0,,628731100.0
603658.SH,20161026,20160930,164145020.95,817881155.39,1714095727.85
603688.SH,20161021,20160930,72291698.6,115346188.45,1238087445.36
603698.SH,20161028,20160930,1886698027.58,807869384.5,4111443127.68
603699.SH,20161029,20160930,1529731203.83,349914264.13,4026624930.39
603708.SH,20161122,20160930,3525227682.89,1885370567.73,4635079733.76
603737.SH,20161015,20160930,526946131.31,245416205.86,1422485477.92
603766.SH,20161027,20160930,2931181958.91,1891627154.0,9206867461.88
603799.SH,20161029,20160930,6991352034.52,894382742.63,9452628563.88
603806.SH,20161026,20160930,622834115.35,356795195.84,5223521244.45
603816.SH,20161029,20160930,1585574807.03,493642402.56,2924717510.62
603858.SH,20161117,20160930,7771044522.26,1953477454.41,16289421702.58
603866.SH,20161026,20160930,361233013.53,566390544.63,2307980338.68
603868.SH,20161026,20160930,700001318.03,774599368.29,2516677834.88
603877.SH,20170106,20160930,2660183941.08,575052270.49,4456694909.27
603883.SH,20161029,20160930,2474151949.0,699529668.0,4744230080.0
603885.SH,20161029,20160930,9742473667.5,2376397290.79,17497010693.21
603888.SH,20161027,20160930,724299691.82,850775552.6,1893596346.76
603899.SH,20161019,20160930,692889954.05,391542017.78,3116867412.34
603993.SH,20161031,20160930,26507744779.37,13798675033.45,44789493431.01
603939.SH,20161028,20160930,1198379352.98,829376184.56,4106339717.21
603979.SH,20161027,20160930,1220000044.94,1077637564.65,4889623818.04
603986.SH,20161028,20160930,337162146.8,913520050.26,1577789456.46
688981.SH,20161107,20160930,31337746793.0,,66833966659.0
