ts_code,ann_date,f_ann_date,end_date,n_cashflow_act,c_pay_acq_const_fiolta
000001.SZ,20150313,20150313,20141231,25321000000.0,3835000000.0
000006.SZ,20150401,20150401,20141231,-1097953994.97,6895191.61
000002.SZ,20150331,20150331,20141231,41724819113.36,1830745575.2
000009.SZ,20150429,20150429,20141231,474634829.06,643475988.95
000008.SZ,20150210,20150210,20141231,68698054.36,2851637.52
000021.SZ,20150330,20150330,20141231,-99091666.84,516332455.89
000025.SZ,20150410,20150410,20141231,6214706.85,103733506.3
000012.SZ,20150331,20150331,20141231,1406259210.0,1893112812.0
000027.SZ,20150327,20150327,20141231,3190136649.58,1813934593.59
000028.SZ,20150321,20150321,20141231,-796697032.43,342669442.11
000039.SZ,20150325,20150325,20141231,6434477000.0,12873151000.0
000034.SZ,20150330,20150330,20141231,-28153147.99,13652305.62
000032.SZ,20150317,20150317,20141231,62757357.49,13570832.08
000031.SZ,20150418,20150418,20141231,-2061824305.16,233234250.61
000030.SZ,20150429,20150429,20141231,359864277.12,146989809.96
000046.SZ,20150404,20150404,20141231,727783719.82,80450364.43
000049.SZ,20150303,20150303,20141231,148800077.64,122005569.99
000050.SZ,20150206,20150206,20141231,1385683779.0,522134710.0
000060.SZ,20150402,20150402,20141231,859415243.0,973490109.24
000061.SZ,20150430,20150430,20141231,722412135.27,2015824481.94
000078.SZ,20150421,20150421,20141231,-117480859.17,236591326.98
000066.SZ,20150418,20150418,20141231,2603621199.44,1403097481.03
000069.SZ,20150321,20150321,20141231,-2588443955.89,1624754676.14
000062.SZ,20150314,20150314,20141231,248087379.24,29486349.98
000063.SZ,20150326,20150326,20141231,2512635000.0,2067604000.0
000089.SZ,20150430,20150430,20141231,902946012.28,367050016.69
000088.SZ,20150418,20150418,20141231,117939045.51,606811307.42
000099.SZ,20150317,20150317,20141231,265920064.69,350691279.31
000090.SZ,20150421,20150421,20141231,351220397.01,62685468.0
000100.SZ,20150303,20150303,20141231,5412241000.0,7693483000.0
000166.SZ,20150430,20150430,20141231,21661081716.99,135431837.49
000157.SZ,20150328,20150328,20141231,-7690132991.82,974853546.47
000156.SZ,20150331,20150331,20141231,1345570066.98,773213531.08
000155.SZ,20150430,20150430,20141231,-59645202.82,22242871.35
000158.SZ,20150206,20150206,20141231,119395771.92,164510678.66
000301.SZ,20150414,20150414,20141231,-124950151.52,215121749.9
000401.SZ,20150414,20150414,20141231,2253471810.46,852230386.51
000338.SZ,20150331,20150331,20141231,11171728281.02,3309695720.5
000333.SZ,20150331,20150331,20141231,24788511130.0,2678179150.0
000400.SZ,20150327,20150327,20141231,-208308549.23,119401077.94
000408.SZ,20150429,20150429,20141231,639311.64,296142.79
000402.SZ,20150331,20150331,20141231,-321179673.2,197208737.68
000403.SZ,20150430,20150430,20141231,77039221.86,71049393.84
000413.SZ,20150217,20150217,20141231,-44057409.28,1139622693.12
000415.SZ,20150429,20150429,20141231,4734712000.0,18427754000.0
000418.SZ,20150320,20150320,20141231,1657114317.33,78485490.25
000423.SZ,20150319,20150319,20141231,657105721.16,275702897.55
000417.SZ,20150402,20150402,20141231,450194963.29,440027677.6
000425.SZ,20150330,20150330,20141231,737667588.58,855305656.53
000426.SZ,20150430,20150430,20141231,-194546349.96,102125836.98
000429.SZ,20150325,20150325,20141231,967241746.79,234514570.92
000511.SZ,20150430,20150430,20141231,68654363.32,42274784.64
000501.SZ,20150304,20150304,20141231,1035161998.32,2327381295.84
000488.SZ,20150327,20150327,20141231,985399735.85,3093185535.33
000503.SZ,20150418,20150418,20141231,-24808052.32,44338329.57
000513.SZ,20150324,20150324,20141231,717393893.55,665519169.35
000517.SZ,20150428,20150428,20141231,-639843823.97,4812528.94
000536.SZ,20150310,20150310,20141231,1457051283.31,153530858.21
000528.SZ,20150331,20150331,20141231,554442986.46,239074316.36
000519.SZ,20150414,20150414,20141231,-198651891.91,100606779.2
000537.SZ,20150207,20150207,20141231,-468866935.44,259897.47
000538.SZ,20150428,20150428,20141231,1586864179.63,180298525.73
000540.SZ,20150217,20150217,20141231,1598977866.87,65440652.9
000539.SZ,20150418,20150418,20141231,8392794644.0,6657922382.0
000541.SZ,20150427,20150427,20141231,305638745.34,85450244.8
000543.SZ,20150321,20150321,20141231,3535502834.69,699435426.42
000550.SZ,20150317,20150317,20141231,4190066410.0,1287649394.0
000552.SZ,20150331,20150331,20141231,21651834.06,419256421.05
000553.SZ,20150312,20150312,20141231,699173855.92,394819264.29
000547.SZ,20150306,20150306,20141231,132479008.04,34411088.64
000555.SZ,20150331,20150331,20141231,503133542.65,36516311.83
000564.SZ,20150428,20150428,20141231,490214566.9,267260869.52
000563.SZ,20150403,20150403,20141231,-300853688.3,4970156.44
000566.SZ,20150425,20150425,20141231,14983199.5,225989631.15
000559.SZ,20150327,20150327,20141231,1358313611.06,525716120.22
000572.SZ,20150328,20150328,20141231,673429170.36,552776445.47
000568.SZ,20150331,20150331,20141231,1307110085.84,164162379.59
000581.SZ,20150423,20150423,20141231,889899654.79,802479615.28
000587.SZ,20150423,20150423,20141231,-141256679.49,5147774.82
000582.SZ,20150404,20150404,20141231,1192662892.3,344264985.5
000592.SZ,20150415,20150415,20141231,-8881205.34,23052893.38
000591.SZ,20150312,20150312,20141231,12229013.55,51738079.58
000598.SZ,20150307,20150307,20141231,1173286621.67,1293079240.01
000600.SZ,20150415,20150415,20141231,4659307797.71,1093277491.15
000596.SZ,20150429,20150429,20141231,387494289.89,387438488.77
000612.SZ,20150425,20150425,20141231,1643778183.2,237647717.16
000616.SZ,20150428,20150428,20141231,-22176751.36,14198506.01
000617.SZ,20150328,20150328,20141231,17788347.18,1122727.05
000623.SZ,20150421,20150421,20141231,288827750.65,402010608.51
000620.SZ,20150415,20150415,20141231,-2012662078.49,439474099.99
000627.SZ,20150214,20150214,20141231,-121268070.51,185542932.45
000625.SZ,20150417,20150417,20141231,3779921774.57,2215608713.93
000629.SZ,20150429,20150429,20141231,1671534927.48,3631847206.16
000630.SZ,20150429,20150429,20141231,2291797623.07,2082203119.21
000631.SZ,20150326,20150326,20141231,-376013696.63,331450.0
000636.SZ,20150327,20150327,20141231,81144707.52,232202826.65
000651.SZ,20150428,20150428,20141231,18939165507.73,1777308642.2
000652.SZ,20150320,20150415,20141231,-967658716.0,249832872.0
000657.SZ,20150401,20150401,20141231,1116998980.51,419094712.3
000656.SZ,20150331,20150331,20141231,-8384763000.08,104806293.62
000661.SZ,20150313,20150313,20141231,279752231.51,101700596.44
000667.SZ,20150217,20150217,20141231,872793126.31,3270032.14
000669.SZ,20150416,20150416,20141231,737503613.89,987273225.87
000680.SZ,20150425,20150425,20141231,578116984.8,72569072.4
000671.SZ,20150403,20150403,20141231,-5640930142.29,14923635.35
000681.SZ,20150216,20150216,20141231,67038970.47,4312156.51
000683.SZ,20150402,20150402,20141231,763851228.57,344907925.59
000686.SZ,20150318,20150318,20141231,2327123644.17,69054374.56
000685.SZ,20150421,20150421,20141231,379967287.61,212423597.5
000690.SZ,20150228,20150228,20141231,1624554188.9,456781482.72
000703.SZ,20150328,20150328,20141231,1880793971.8,516757794.44
000697.SZ,20150418,20150418,20141231,220776149.03,317070719.62
000708.SZ,20150321,20150321,20141231,440275069.03,85718782.03
000709.SZ,20150428,20150428,20141231,14434257142.75,7860371561.86
000712.SZ,20150415,20150415,20141231,1541439207.17,90778565.86
000717.SZ,20150427,20150427,20141231,2047132281.21,1179661536.19
000718.SZ,20150422,20150422,20141231,802468268.58,13336757.09
000723.SZ,20150430,20150430,20141231,-26523334.05,3365058.37
000726.SZ,20150331,20150331,20141231,1112095349.02,756763199.57
000725.SZ,20150421,20150421,20141231,8095825923.0,21290003058.0
000728.SZ,20150317,20150317,20141231,8637417369.86,137508938.16
000727.SZ,20150409,20150409,20141231,52537577.99,103050976.65
000729.SZ,20150410,20150410,20141231,1202722309.58,889598738.38
000732.SZ,20150411,20150411,20141231,-16625705221.07,139707086.8
000733.SZ,20150425,20150425,20141231,78515287.06,351505428.89
000738.SZ,20150421,20150421,20141231,138144437.89,357593095.25
000739.SZ,20150424,20150424,20141231,786637638.17,540218615.96
000748.SZ,20150324,20150324,20141231,186329792.64,256812400.67
000750.SZ,20150326,20150326,20141231,5482255475.33,74677892.2
000758.SZ,20150421,20150421,20141231,565720947.59,723012329.84
000761.SZ,20150422,20150422,20141231,2868140094.86,642437425.53
000762.SZ,20150402,20150402,20141231,-105007193.01,82004883.79
000768.SZ,20150331,20150331,20141231,-1132583271.22,893817394.05
000766.SZ,20150418,20150418,20141231,34317920.13,183391090.93
000776.SZ,20150214,20150214,20141231,25416953468.46,234735905.61
000778.SZ,20150421,20150421,20141231,2005061005.08,1704504358.95
000777.SZ,20150331,20150331,20141231,-2723790.56,30341659.44
000785.SZ,20150328,20150328,20141231,203198046.46,294952131.9
000783.SZ,20150327,20150327,20141231,10923913280.96,105005154.92
000786.SZ,20150320,20150320,20141231,1568739190.6,1183957138.48
000792.SZ,20150331,20150331,20141231,1355651678.59,7498818432.96
000793.SZ,20150325,20150325,20141231,799167052.23,242614861.29
000800.SZ,20150401,20150401,20141231,291061292.73,847701726.43
000806.SZ,20150424,20150424,20141231,49425309.72,9333295.19
000807.SZ,20150428,20150428,20141231,295140676.17,1234763591.41
000810.SZ,20150320,20150320,20141231,213957789.11,86099169.53
000813.SZ,20150324,20150324,20141231,136465461.46,81012322.55
000816.SZ,20150418,20150418,20141231,-30410151.57,298817226.51
000818.SZ,20150311,20150311,20141231,370374748.82,66073179.21
000825.SZ,20150425,20150425,20141231,5421387601.89,4084303571.65
000826.SZ,20150316,20150316,20141231,29256008.7,1277765897.52
000829.SZ,20150427,20150427,20141231,-782538703.37,131529020.42
000830.SZ,20150414,20150414,20141231,1320122375.03,2151531700.65
000831.SZ,20150403,20150403,20141231,404002233.18,10708408.2
000839.SZ,20150321,20150321,20141231,1290881739.94,122190619.17
000848.SZ,20150320,20150320,20141231,329821329.3,29687805.53
000858.SZ,20150417,20150417,20141231,794565645.34,411004620.02
000860.SZ,20150325,20150325,20141231,293909655.18,451084353.42
000861.SZ,20150429,20150429,20141231,365209145.03,1045488572.07
000869.SZ,20150428,20150428,20141231,1070083296.0,1238293585.0
000876.SZ,20150430,20150430,20141231,1343951250.37,2199213769.22
000877.SZ,20150321,20150321,20141231,426977040.73,203228427.66
000878.SZ,20150408,20150408,20141231,4461053715.18,812222077.19
000883.SZ,20150429,20150429,20141231,2535550317.18,2276340879.85
000887.SZ,20150410,20150410,20141231,547396371.01,223544762.79
000893.SZ,20150314,20150314,20141231,229909323.5,88985806.27
000895.SZ,20150326,20150326,20141231,4712041491.8,2488850927.04
000897.SZ,20150330,20150330,20141231,1053738637.69,969687.0
000900.SZ,20150421,20150421,20141231,1195709910.34,1010945057.21
000898.SZ,20150331,20150331,20141231,2137000000.0,4416000000.0
000917.SZ,20150429,20150429,20141231,153006649.36,1004342225.83
000919.SZ,20150331,20150331,20141231,299891714.98,91140821.04
000921.SZ,20150327,20150327,20141231,965990457.87,766186788.01
000926.SZ,20150317,20150317,20141231,-1520647917.61,121293852.78
000930.SZ,20150320,20150320,20141231,206776195.43,129548339.3
000931.SZ,20150422,20150422,20141231,-391310673.68,69570214.74
000932.SZ,20150326,20150326,20141231,7267806122.96,3133924580.16
000933.SZ,20150325,20150325,20141231,752849881.82,1909616055.06
000937.SZ,20150429,20150429,20141231,1952086013.07,2873480285.95
000938.SZ,20150410,20150410,20141231,120815217.65,29407756.47
000939.SZ,20150210,20150210,20141231,134068489.27,1542226069.92
000951.SZ,20150327,20150327,20141231,47332552.27,57037687.25
000958.SZ,20150327,20150327,20141231,39106762.67,205864900.17
000959.SZ,20150327,20150327,20141231,3105728791.27,3067010867.65
000960.SZ,20150427,20150427,20141231,1730784086.43,1193229759.65
000963.SZ,20150314,20150314,20141231,740854724.82,324888508.53
000961.SZ,20150410,20150410,20141231,-5867585035.55,355616346.07
000970.SZ,20150328,20150328,20141231,238577140.56,188339372.9
000967.SZ,20150317,20150317,20141231,89548347.26,24559863.51
000969.SZ,20150321,20150321,20141231,129044941.45,309438854.57
000973.SZ,20150314,20150314,20141231,162411298.14,138801843.08
000975.SZ,20150409,20150409,20141231,186052063.54,166456841.97
000977.SZ,20150320,20150320,20141231,-441901057.0,101162726.87
000980.SZ,20150407,20150407,20141231,-336819631.86,65087435.49
000979.SZ,20150429,20150429,20141231,-3827801703.22,167733239.72
000987.SZ,20150316,20150316,20141231,56818303.26,202082615.62
000983.SZ,20150407,20150407,20141231,934449664.14,1697840159.35
000988.SZ,20150331,20150331,20141231,179389577.05,113469425.8
000997.SZ,20150423,20150423,20141231,316421967.43,18727126.07
000990.SZ,20150327,20150327,20141231,-142259059.72,58541810.35
000999.SZ,20150319,20150319,20141231,1184427722.11,341221896.32
000998.SZ,20150428,20150428,20141231,276094324.08,288362635.09
001227.SZ,20160701,20160701,20141231,7101526000.0,846098000.0
001289.SZ,20150430,20150430,20141231,11232311759.76,16813255206.78
001696.SZ,20150425,20150425,20141231,274387644.9,202249082.51
001872.SZ,20150327,20150327,20141231,818315147.74,223690273.38
001914.SZ,20150320,20150320,20141231,-2675234234.7,77769948.33
001979.SZ,20150918,20150918,20141231,-4941344846.98,1003494657.47
001965.SZ,20170731,20170731,20141231,1428517500.0,1109530400.0
002002.SZ,20150428,20150428,20141231,-98816433.69,478353611.84
002001.SZ,20150414,20150414,20141231,1079736503.0,731463927.96
002004.SZ,20150410,20150410,20141231,455964027.92,585539376.73
002007.SZ,20150328,20150328,20141231,497148698.87,139208842.57
002005.SZ,20150429,20150429,20141231,334235640.94,936689192.43
002008.SZ,20150421,20150421,20141231,958317537.26,263010792.18
002010.SZ,20150331,20150331,20141231,337348092.94,76043914.38
002011.SZ,20150324,20150324,20141231,141820884.46,985250045.27
002018.SZ,20150310,20150310,20141231,-794546089.13,254001734.23
002013.SZ,20150420,20150420,20141231,198051381.19,509750940.91
002019.SZ,20150131,20150131,20141231,139735191.77,89508862.95
002022.SZ,20150430,20150430,20141231,249638498.44,100666309.81
002024.SZ,20150331,20150331,20141231,-1381419000.0,3854484000.0
002027.SZ,20150416,20150416,20141231,5804089.73,44505393.8
002025.SZ,20150421,20150421,20141231,135311423.6,67033111.16
002028.SZ,20150321,20150321,20141231,-16153208.8,133913586.83
002029.SZ,20150403,20150403,20141231,766877429.24,133287613.34
002030.SZ,20150328,20150328,20141231,40377289.65,77568693.49
002032.SZ,20150326,20150326,20141231,833189311.71,124458315.77
002038.SZ,20150428,20150428,20141231,465004184.35,151011018.51
002041.SZ,20150421,20150421,20141231,736566835.1,94649803.02
002044.SZ,20150227,20150227,20141231,29845946.21,6169016.88
002048.SZ,20150424,20150424,20141231,465301000.75,727902773.61
002049.SZ,20150211,20150211,20141231,253305547.33,183429983.84
002050.SZ,20150313,20150313,20141231,577502333.72,399860406.9
002051.SZ,20150403,20150403,20141231,408940474.41,135813901.85
002056.SZ,20150328,20150328,20141231,692513560.48,215104242.07
002063.SZ,20150418,20150418,20141231,131851044.82,74697781.21
002064.SZ,20150410,20150410,20141231,712873113.86,1209741194.89
002065.SZ,20150429,20150429,20141231,-15144074.12,233815355.13
002073.SZ,20150320,20150320,20141231,-289782381.46,442458567.61
002074.SZ,20150312,20150312,20141231,57183741.92,36742720.9
002078.SZ,20150424,20150424,20141231,2608087577.11,1947375769.83
002075.SZ,20150422,20150422,20141231,1515047058.69,30566722.73
002081.SZ,20150428,20150428,20141231,-346005196.29,234101209.04
002085.SZ,20150320,20150320,20141231,842477879.92,590960050.91
002080.SZ,20150320,20150320,20141231,381621479.49,365581853.0
002106.SZ,20150330,20150330,20141231,-131314786.3,374260281.78
002110.SZ,20150429,20150429,20141231,1367087981.74,97597779.87
002092.SZ,20150428,20150827,20141231,2571985519.07,2977167794.82
002093.SZ,20150425,20150425,20141231,-85797135.89,144366923.38
002118.SZ,20150217,20150217,20141231,4619573.11,65664033.46
002120.SZ,20150331,20150331,20141231,116000355.94,65288136.26
002124.SZ,20150421,20150421,20141231,85228225.53,154317091.37
002122.SZ,20150421,20150421,20141231,133913180.65,238354664.93
002127.SZ,20150409,20150409,20141231,-79312584.05,44279715.0
002126.SZ,20150429,20150429,20141231,181260109.59,327745788.65
002128.SZ,20150327,20150327,20141231,1404935534.28,747669162.32
002129.SZ,20150325,20150325,20141231,239336177.41,1863621408.94
002130.SZ,20150212,20150212,20141231,26336886.04,93406280.31
002131.SZ,20150310,20150310,20141231,-109977222.09,163338989.02
002142.SZ,20150428,20150428,20141231,22776297000.0,1135934000.0
002138.SZ,20150227,20150227,20141231,234275866.51,486039357.88
002146.SZ,20150320,20150320,20141231,-1660815661.12,119119951.12
002152.SZ,20150326,20150326,20141231,1108639128.97,95615892.91
002123.SZ,20150418,20150418,20141231,-112482507.3,13844755.83
002156.SZ,20150328,20150328,20141231,415074338.01,663686067.6
002168.SZ,20150304,20150304,20141231,57850330.69,74309247.96
002174.SZ,20150331,20150331,20141231,243833605.25,437605050.1
002176.SZ,20150310,20150310,20141231,-14129933.7,162108600.54
002153.SZ,20150331,20150331,20141231,484459916.95,13508874.46
002155.SZ,20150317,20150317,20141231,535726922.27,610273966.57
002180.SZ,20150401,20150401,20141231,205494613.08,5618274.92
002181.SZ,20150408,20170419,20141231,196757837.9,61540211.75
002179.SZ,20150331,20150331,20141231,153483783.19,157947414.71
002183.SZ,20150424,20150424,20141231,-3280440670.0,182013185.0
002185.SZ,20150310,20150310,20141231,553145925.08,599511064.29
002190.SZ,20150429,20150429,20141231,-39327976.67,245314589.54
002192.SZ,20150320,20150320,20141231,6060396.21,1088849.61
002191.SZ,20150411,20150411,20141231,717422230.87,180735653.36
002194.SZ,20150410,20150410,20141231,-175203105.5,151282228.79
002202.SZ,20150328,20150328,20141231,2829382591.1,2746385184.23
002195.SZ,20150213,20150213,20141231,117391316.45,11051427.21
002203.SZ,20150423,20150423,20141231,1332599559.69,141711624.04
002157.SZ,20150429,20150429,20141231,593959443.47,1466654263.56
002212.SZ,20150428,20150428,20141231,-28384983.16,48156630.15
002216.SZ,20150320,20150320,20141231,142968002.08,251700204.71
002217.SZ,20150331,20150331,20141231,-170784686.89,256380212.39
002219.SZ,20150429,20150429,20141231,193353694.53,25741760.14
002161.SZ,20150420,20150420,20141231,27603265.23,26607070.55
002221.SZ,20150403,20150403,20141231,-359593504.56,2189122693.01
002223.SZ,20150331,20150331,20141231,205781087.3,146160007.66
002230.SZ,20150318,20150318,20141231,420075250.4,580178094.29
002233.SZ,20150317,20150317,20141231,1152205535.87,293361537.32
002236.SZ,20150320,20150320,20141231,-17080921.46,127315815.44
002238.SZ,20150401,20150401,20141231,670002878.1,310721815.27
002240.SZ,20150424,20150424,20141231,242500930.17,12249109.03
002241.SZ,20150331,20150331,20141231,1164874983.68,1345239160.23
002242.SZ,20150401,20150401,20141231,595413906.91,142087538.84
002244.SZ,20150429,20150429,20141231,-1317042447.78,24259481.2
002249.SZ,20150217,20150217,20141231,540509706.1,293333911.18
002250.SZ,20150409,20150409,20141231,633714625.39,813295139.76
002252.SZ,20150213,20150213,20141231,465961164.58,65058976.55
002254.SZ,20150429,20150429,20141231,317915357.1,73185605.21
002261.SZ,20150327,20150327,20141231,108736304.87,6992037.95
002266.SZ,20150429,20150429,20141231,-81767313.1,143560482.11
002268.SZ,20150217,20150217,20141231,41820219.13,7619392.16
002267.SZ,20150428,20150428,20141231,1125546822.3,701745332.98
002269.SZ,20150401,20150401,20141231,1322173963.0,144230308.0
002271.SZ,20150428,20150428,20141231,351061516.89,535289762.55
002251.SZ,20150429,20150429,20141231,648903620.76,1223174780.72
002273.SZ,20150325,20150325,20141231,149684735.19,287140194.73
002276.SZ,20150415,20150415,20141231,247936206.96,117637608.38
002262.SZ,20150217,20150217,20141231,160236857.87,261601718.66
002277.SZ,20150417,20150417,20141231,-225497600.45,1264451457.0
002265.SZ,20150325,20150325,20141231,7084108.29,7850178.6
002285.SZ,20150324,20150324,20141231,-921857612.94,30953786.85
002281.SZ,20150320,20150320,20141231,125589452.51,100958709.69
002280.SZ,20150304,20150304,20141231,98943200.81,24492251.01
002293.SZ,20150425,20150425,20141231,508017310.1,47393806.95
002292.SZ,20150429,20150429,20141231,522773944.04,57317922.36
002304.SZ,20150429,20150429,20141231,2711804132.16,1786518032.72
002299.SZ,20150331,20150331,20141231,920817520.54,1993507662.51
002294.SZ,20150325,20150325,20141231,982249146.6,200654293.92
002302.SZ,20150331,20150331,20141231,19244366.13,319880513.2
002308.SZ,20150418,20150418,20141231,84754281.03,58241737.27
002309.SZ,20150422,20150422,20141231,-1244623252.68,385849677.82
002312.SZ,20150325,20150325,20141231,-118950733.31,369325397.52
002311.SZ,20150428,20150428,20141231,1071398757.16,538377739.89
002310.SZ,20150418,20150418,20141231,-303498043.85,83344077.42
002317.SZ,20150317,20150317,20141231,100595091.43,199543758.37
002315.SZ,20150416,20150416,20141231,99895923.09,20957007.88
002318.SZ,20150317,20150317,20141231,251833477.95,441969312.55
002325.SZ,20150428,20150428,20141231,223128958.36,141021658.7
002326.SZ,20150324,20150324,20141231,166637109.98,151408976.25
002327.SZ,20150414,20150414,20141231,435767496.19,171223161.09
002332.SZ,20150402,20150402,20141231,141638736.64,108256157.56
002340.SZ,20150327,20150327,20141231,22635769.76,1654261289.88
002335.SZ,20150306,20150306,20141231,52650813.2,153872121.4
002342.SZ,20150320,20150320,20141231,297011055.53,127476562.49
002344.SZ,20150327,20150327,20141231,685714715.32,1412149871.71
002345.SZ,20150327,20150327,20141231,262321371.6,79077107.21
002352.SZ,20150429,20150429,20141231,148544685.58,21877734.83
002353.SZ,20150331,20150331,20141231,457802590.87,610102604.4
002354.SZ,20150212,20150212,20141231,130247553.36,6505669.96
002366.SZ,20150417,20150417,20141231,19804820.37,6207435.8
002368.SZ,20150328,20150328,20141231,-16906483.18,131172683.15
002371.SZ,20150311,20150311,20141231,92833251.76,195834577.0
002372.SZ,20150425,20150425,20141231,513259593.16,180055061.65
002375.SZ,20150429,20150429,20141231,147924506.31,171080947.53
002373.SZ,20150428,20150428,20141231,162958303.92,53490353.13
002382.SZ,20150416,20150416,20141231,150958834.43,73002006.68
002384.SZ,20150403,20150403,20141231,-141783149.63,426535630.43
002385.SZ,20150410,20150410,20141231,847419737.58,984568643.48
002387.SZ,20150414,20150414,20141231,-2342193.23,730628155.43
002392.SZ,20150417,20150417,20141231,-15057836.52,85379657.37
002390.SZ,20150422,20150422,20141231,-198596680.25,282637497.88
002396.SZ,20150402,20150402,20141231,198557701.52,91547162.01
002399.SZ,20150428,20150428,20141231,912803849.12,167622565.51
002400.SZ,20150331,20150331,20141231,132259958.91,25463511.2
002402.SZ,20150326,20150326,20141231,47618312.39,36288088.39
002358.SZ,20150429,20150429,20141231,-54881986.99,672581647.19
002410.SZ,20150326,20150326,20141231,600611462.57,80513478.31
002405.SZ,20150326,20150326,20141231,324775433.95,399210922.07
002409.SZ,20150331,20150331,20141231,168022047.88,84199423.76
002408.SZ,20150317,20150317,20141231,-87104683.09,268610588.52
002407.SZ,20150303,20150303,20141231,7444665.03,85000965.68
002411.SZ,20150317,20150317,20141231,-94341737.3,92642446.69
002416.SZ,20150421,20150421,20141231,9096769.34,42913935.4
002415.SZ,20150312,20150312,20141231,3706420782.04,610826390.46
002414.SZ,20150327,20150327,20141231,-58480770.97,160401444.59
002419.SZ,20150311,20150311,20141231,748131305.97,804747965.61
002422.SZ,20150331,20150331,20141231,1218735938.0,2757684873.0
002423.SZ,20150410,20150410,20141231,31738129.59,394880478.08
002424.SZ,20150403,20150403,20141231,395833192.16,96491311.09
002426.SZ,20150327,20150327,20141231,-161163642.18,544704431.4
002428.SZ,20150401,20150401,20141231,80429457.67,250600283.73
002429.SZ,20150418,20150418,20141231,1026219377.56,426008265.61
002432.SZ,20150414,20150414,20141231,-68921756.5,58487401.16
002430.SZ,20150328,20150328,20141231,139746126.0,640076537.33
002431.SZ,20150415,20150415,20141231,-264209701.3,41440439.04
002434.SZ,20150414,20150414,20141231,208691945.42,88019932.58
002436.SZ,20150415,20150415,20141231,157718880.62,105219349.62
002444.SZ,20150417,20150417,20141231,484284949.27,129142510.1
002440.SZ,20150429,20150429,20141231,1224944288.5,835038088.8
002437.SZ,20150403,20150403,20141231,674036849.79,125894490.16
002439.SZ,20150328,20150328,20141231,368140438.35,68389177.62
002450.SZ,20150415,20150415,20141231,429685348.4,267991735.08
002456.SZ,20150421,20150421,20141231,-220894777.35,1061337379.11
002458.SZ,20150331,20150331,20141231,70034625.38,118495017.47
002459.SZ,20150331,20150331,20141231,-171376674.49,17718679.07
002460.SZ,20150414,20150414,20141231,11107441.03,150331684.52
002461.SZ,20150331,20150331,20141231,1167236126.28,662101458.84
002465.SZ,20150327,20150327,20141231,-86176803.8,374525425.22
002463.SZ,20150326,20150326,20141231,57975154.0,873582832.0
002466.SZ,20150413,20150413,20141231,302255610.15,85395578.17
002468.SZ,20150414,20150414,20141231,35002247.75,37278887.52
002470.SZ,20150417,20150417,20141231,183247120.6,987475918.25
002477.SZ,20150424,20150424,20141231,-150798658.94,1067841763.89
002475.SZ,20150415,20150415,20141231,320904617.51,983124504.88
002472.SZ,20150409,20150409,20141231,126386693.88,178192695.21
002479.SZ,20150216,20150216,20141231,401867769.08,338313781.7
002482.SZ,20150416,20150416,20141231,245268917.66,68548625.58
002487.SZ,20150228,20150228,20141231,-67612686.92,208832289.72
002491.SZ,20150326,20150326,20141231,573431427.84,143083119.19
002489.SZ,20150421,20150421,20141231,-207985826.64,162567169.9
002493.SZ,20150423,20150423,20141231,3712063100.14,3814264171.72
002497.SZ,20150328,20150328,20141231,197512869.29,81928934.02
002503.SZ,20150414,20150414,20141231,-44116609.48,225894010.75
002500.SZ,20150421,20150421,20141231,2252672689.0,63989794.0
002498.SZ,20150423,20150423,20141231,213858620.01,26369110.56
002505.SZ,20150417,20150417,20141231,-472354531.25,207042858.17
002506.SZ,20150429,20150429,20141231,-1110300070.27,112215104.71
002509.SZ,20150324,20150324,20141231,-15218627.91,103248819.69
002507.SZ,20150328,20150328,20141231,109211412.81,111088781.44
002508.SZ,20150410,20150410,20141231,658696443.73,206873654.96
002511.SZ,20150415,20150415,20141231,262277899.94,366879729.23
002512.SZ,20150307,20150307,20141231,-16987760.57,81959590.37
002517.SZ,20150327,20150327,20141231,-7240769.98,38473942.33
002518.SZ,20150318,20150318,20141231,137331965.13,55847193.88
002531.SZ,20150422,20150422,20141231,165603650.3,89215899.09
002532.SZ,20150422,20150422,20141231,188488404.2,99405541.15
002544.SZ,20150422,20150422,20141231,8306260.03,297124671.19
002551.SZ,20150428,20150428,20141231,-14052013.89,77038548.97
002555.SZ,20150331,20150331,20141231,91586947.76,50024912.09
002557.SZ,20150410,20150410,20141231,157325513.11,241600993.91
002558.SZ,20150414,20150414,20141231,74226996.08,21489793.84
002563.SZ,20150317,20150317,20141231,761991509.7,104461533.75
002572.SZ,20150325,20150325,20141231,352256556.84,414899136.06
002568.SZ,20150326,20150326,20141231,58686141.34,21171639.2
002573.SZ,20150411,20150411,20141231,203103398.32,914926577.31
002581.SZ,20150418,20150418,20141231,80108148.74,20594337.72
002583.SZ,20150330,20150330,20141231,116038070.02,212801166.5
002588.SZ,20150331,20150331,20141231,707269548.57,565139313.67
002589.SZ,20150422,20150422,20141231,-163621029.09,183249514.06
002594.SZ,20150330,20150330,20141231,38069000.0,8578136000.0
002595.SZ,20150305,20150305,20141231,253288291.78,492316359.38
002600.SZ,20150310,20150310,20141231,-8739537.41,101922195.28
002602.SZ,20150422,20150422,20141231,245450357.61,278115964.25
002601.SZ,20150317,20150317,20141231,21072155.08,475155317.19
002603.SZ,20150411,20150411,20141231,105904047.4,450192316.15
002607.SZ,20150421,20150421,20141231,118923719.25,407146575.05
002608.SZ,20150429,20150429,20141231,-1382644730.12,616736470.47
002624.SZ,20150331,20150331,20141231,-227648921.0,31123925.46
002625.SZ,20150214,20150214,20141231,68309584.54,107324589.82
002635.SZ,20150325,20150325,20141231,197888683.27,120929292.94
002640.SZ,20150331,20150331,20141231,-13129312.82,6987521.44
002642.SZ,20150331,20150331,20141231,138335008.82,44315098.43
002646.SZ,20150428,20150428,20141231,231419791.81,264934125.15
002648.SZ,20150429,20150429,20141231,-947146610.87,579254627.43
002653.SZ,20150311,20150311,20141231,502568128.63,234861609.02
002657.SZ,20150217,20150217,20141231,242420412.3,54220725.81
002663.SZ,20150310,20150310,20141231,-166782394.88,180138811.63
002665.SZ,20150320,20150320,20141231,-58133121.34,152938162.82
002670.SZ,20150324,20150324,20141231,127378601.64,47820672.43
002672.SZ,20150327,20150327,20141231,165537405.35,500956254.16
002673.SZ,20150428,20150428,20141231,3881274005.05,110932758.37
002678.SZ,20150425,20150425,20141231,127379075.81,70591573.98
002681.SZ,20150422,20150422,20141231,156318861.82,45180280.85
002683.SZ,20150418,20150418,20141231,83037692.97,268533962.53
002690.SZ,20150409,20150409,20141231,215590409.24,17296054.54
002698.SZ,20150424,20150424,20141231,92284550.24,32306711.5
002699.SZ,20150204,20150204,20141231,-22495807.03,70494682.29
002705.SZ,20150427,20150427,20141231,215007158.08,315942326.15
002701.SZ,20150318,20150318,20141231,769522323.0,893587513.0
002709.SZ,20150318,20150318,20141231,68967564.45,118984676.62
002707.SZ,20150411,20150411,20141231,69455632.4,10757398.74
002714.SZ,20150427,20150427,20141231,455384506.87,734803603.52
002739.SZ,20150410,20150410,20141231,1261361268.08,672284229.48
002738.SZ,20150410,20150410,20141231,-8765155.94,32211885.01
002736.SZ,20150429,20150429,20141231,5976490838.74,255377951.38
002727.SZ,20150213,20150213,20141231,176218848.64,158634112.1
002745.SZ,20150422,20150422,20141231,815132965.99,411623248.08
002756.SZ,20150424,20150424,20141231,249712609.73,103109961.83
002761.SZ,20150525,20150525,20141231,96843368.18,140453848.18
002791.SZ,20160310,20160310,20141231,33904373.72,97301096.29
002773.SZ,20150610,20150610,20141231,291375787.85,90269498.38
002797.SZ,20160425,20160425,20141231,2475914471.16,162401428.29
002818.SZ,20161017,20161017,20141231,668533489.85,869702212.47
002815.SZ,20160912,20160912,20141231,404812255.36,221021231.91
002812.SZ,20160823,20160823,20141231,149435730.7,70845276.82
002807.SZ,20160726,20160726,20141231,4008338000.0,127164000.0
002821.SZ,20161031,20161031,20141231,127045751.7,67494059.19
002831.SZ,20161125,20161125,20141231,461541925.51,429701028.15
002837.SZ,20161215,20161215,20141231,35639734.73,10064173.27
002839.SZ,20161213,20161213,20141231,-3478318519.95,171506290.37
002841.SZ,20161229,20161229,20141231,270299233.21,129361435.59
002850.SZ,20170213,20170213,20141231,-13242419.36,51650793.03
002851.SZ,20170214,20170214,20141231,-92795728.86,12428693.65
002867.SZ,20170410,20170410,20141231,125528081.57,45678126.25
002901.SZ,20170905,20170905,20141231,151116863.14,80738544.01
002916.SZ,20171121,20171121,20141231,469470216.97,851107614.94
002865.SZ,20170405,20170405,20141231,139396649.52,96398995.62
002920.SZ,20171205,20171205,20141231,189454642.18,131995539.85
002926.SZ,20180116,20180116,20141231,7199305469.73,132198445.56
002925.SZ,20171226,20171226,20141231,107650106.47,10372503.33
002936.SZ,20171129,20171129,20141231,29447228000.0,379888000.0
002938.SZ,20171110,20171110,20141231,3409367347.65,1317869733.93
002939.SZ,20170630,20170630,20141231,5650955474.12,65997649.58
002941.SZ,20180309,20180309,20141231,14552800.0,63307600.0
002945.SZ,20170918,20170918,20141231,2004025258.39,26764051.58
002946.SZ,20170929,20170929,20141231,351587318.0,618623789.0
002948.SZ,20180109,20180109,20141231,11196260000.0,414006000.0
002957.SZ,20171229,20171229,20141231,400753170.71,42614781.22
002958.SZ,20180110,20180110,20141231,4774935000.0,241640000.0
002966.SZ,20180110,20180110,20141231,15721223000.0,772554000.0
003816.SZ,20150430,20150430,20141231,10954214465.72,12457969118.6
300001.SZ,20150408,20150408,20141231,112513535.82,204939696.69
300003.SZ,20150318,20150318,20141231,348316884.55,126167223.37
300002.SZ,20150425,20150425,20141231,349523109.44,130983168.09
300009.SZ,20150303,20150303,20141231,108684214.78,88039089.96
300010.SZ,20150410,20150410,20141231,91718855.82,77734314.69
300012.SZ,20150410,20150410,20141231,251789795.07,275689460.04
300015.SZ,20150331,20150331,20141231,453683706.13,176656448.29
300014.SZ,20150423,20150423,20141231,39129030.18,75714781.03
300017.SZ,20150314,20150314,20141231,521895477.42,146863694.34
300024.SZ,20150410,20150410,20141231,92016578.36,193527071.65
300026.SZ,20150331,20150331,20141231,149941309.76,178373557.06
300027.SZ,20150327,20150327,20141231,-21025474.41,72219573.83
300032.SZ,20150327,20150327,20141231,89645541.92,150944228.22
300037.SZ,20150324,20150324,20141231,133066422.04,67735887.87
300033.SZ,20150321,20150321,20141231,205415879.26,57413924.77
300039.SZ,20150326,20150326,20141231,282378515.47,68740138.05
300043.SZ,20150320,20150320,20141231,328814253.41,114408797.52
300054.SZ,20150306,20150306,20141231,134407365.06,58864110.8
300055.SZ,20150306,20150306,20141231,-43142759.27,173637159.73
300058.SZ,20150320,20150320,20141231,205359617.96,40750339.27
300059.SZ,20150214,20150214,20141231,2362917624.68,12935116.83
300072.SZ,20150314,20150314,20141231,318638816.51,557422191.28
300070.SZ,20150425,20150425,20141231,781390751.08,1019044854.62
300085.SZ,20150410,20150410,20141231,31869543.38,21591550.89
300073.SZ,20150324,20150324,20141231,-199399.44,12276937.37
300088.SZ,20150418,20150418,20141231,33820195.7,337622396.13
300100.SZ,20150421,20150421,20141231,88286475.24,360271916.97
300113.SZ,20150327,20150327,20141231,271691401.67,14356178.55
300104.SZ,20150331,20150331,20141231,234182733.96,1273869838.35
300114.SZ,20150327,20150327,20141231,74378247.81,62185135.26
300115.SZ,20150331,20150331,20141231,30283712.51,724566692.69
300118.SZ,20150404,20150404,20141231,-103034538.03,82087210.1
300133.SZ,20150318,20150318,20141231,204427792.67,23010845.0
300122.SZ,20150421,20150421,20141231,161388660.59,276955490.84
300124.SZ,20150320,20150320,20141231,524225122.88,127579090.03
300134.SZ,20150304,20150304,20141231,475708464.86,711670544.33
300136.SZ,20150416,20150416,20141231,11991702.91,49179296.38
300144.SZ,20150227,20150227,20141231,528002593.37,464037384.68
300140.SZ,20150305,20150305,20141231,-7702524.99,103637127.91
300142.SZ,20150321,20150321,20141231,-65933088.3,240393047.4
300146.SZ,20150228,20150228,20141231,560640271.74,196515129.65
300147.SZ,20150422,20150422,20141231,165580270.18,243854228.95
300166.SZ,20150324,20150324,20141231,85786671.23,111731672.84
300156.SZ,20150307,20150307,20141231,269947877.83,182040937.93
300159.SZ,20150403,20150403,20141231,-15750754.61,36884023.44
300168.SZ,20150401,20150401,20141231,-100319320.99,127419526.24
300180.SZ,20150327,20150327,20141231,121831346.43,371696453.62
300197.SZ,20150421,20150421,20141231,-241763512.08,68905108.45
300199.SZ,20150312,20150312,20141231,153425926.23,85164044.79
300182.SZ,20150425,20150425,20141231,-133656507.77,15413549.63
300202.SZ,20150420,20150420,20141231,304046970.23,71041425.86
300207.SZ,20150327,20150327,20141231,734685051.76,274688685.49
300244.SZ,20150317,20150317,20141231,117949327.69,125442474.63
300212.SZ,20150325,20150325,20141231,-418781104.44,108566570.81
300223.SZ,20150328,20150328,20141231,-1080681.02,6445222.73
300253.SZ,20150228,20150228,20141231,42834953.96,21742953.34
300257.SZ,20150422,20150422,20141231,283473137.61,153000034.9
300266.SZ,20150425,20150425,20141231,91745196.16,84926190.96
300251.SZ,20150416,20150416,20141231,-82888663.24,19311332.63
300267.SZ,20150303,20150303,20141231,175382420.41,527423550.02
300273.SZ,20150425,20150425,20141231,-351544262.58,57746897.18
300271.SZ,20150326,20150326,20141231,288761055.33,149580098.22
300274.SZ,20150415,20150415,20141231,10336629.45,86162303.36
300285.SZ,20150421,20150421,20141231,-9202682.4,108845577.3
300287.SZ,20150331,20150331,20141231,-133632066.88,3095181.39
300291.SZ,20150410,20150410,20141231,-57620134.96,991159.0
300296.SZ,20150326,20150326,20141231,84049397.63,92170974.24
300297.SZ,20150424,20150424,20141231,35544858.85,132537633.41
300308.SZ,20150425,20150425,20141231,9114630.25,63445460.78
300315.SZ,20150418,20150418,20141231,408661839.28,178950986.12
300316.SZ,20150312,20150312,20141231,133766322.16,369112772.43
300346.SZ,20150422,20150422,20141231,44720333.89,56498466.43
300324.SZ,20150317,20150317,20141231,15441261.9,23991350.1
300339.SZ,20150326,20150326,20141231,48004020.35,307559062.91
300347.SZ,20150411,20150411,20141231,43660896.56,38103892.5
300373.SZ,20150423,20150423,20141231,85073177.61,113196847.36
300376.SZ,20150402,20150402,20141231,53218418.24,108612312.15
300383.SZ,20150421,20150421,20141231,149158802.05,141054608.98
300357.SZ,20150211,20150211,20141231,83703086.29,22665622.67
300363.SZ,20150217,20150217,20141231,121921427.19,336956056.65
300395.SZ,20150317,20150317,20141231,35518607.79,18080319.78
300413.SZ,20150417,20150417,20141231,106808896.38,78754406.61
300408.SZ,20150420,20150420,20141231,705567896.68,91119438.11
300390.SZ,20150209,20150209,20141231,36087679.4,34671876.77
300394.SZ,20150202,20150202,20141231,59985442.43,34698932.87
300438.SZ,20150403,20150403,20141231,41405955.84,52950925.95
300432.SZ,20150303,20150303,20141231,113114811.12,61430596.58
300433.SZ,20150303,20150303,20141231,2557945711.39,5292631220.17
300442.SZ,20150423,20150423,20141231,45465672.27,70439127.19
300418.SZ,20150423,20150423,20141231,396800219.07,31326632.15
300450.SZ,20150424,20150424,20141231,93548827.19,42668671.44
300458.SZ,20150424,20150424,20141231,325246126.64,90687617.48
300454.SZ,20170804,20170804,20141231,402476264.71,14821907.08
300463.SZ,20150511,20150511,20141231,115090084.07,161095303.1
300459.SZ,20150424,20150424,20141231,103131278.2,23916642.67
300482.SZ,20150610,20150610,20141231,104470301.61,27011506.81
300474.SZ,20160314,20160314,20141231,34234054.23,13331115.0
300476.SZ,20150525,20150525,20141231,203849756.56,122783294.42
300487.SZ,20150610,20150610,20141231,26546255.89,13530339.88
300496.SZ,20151123,20151123,20141231,70404118.37,25846544.09
300502.SZ,20160219,20160219,20141231,57214081.1,28249244.52
300529.SZ,20160714,20160714,20141231,137354216.38,64289882.88
300558.SZ,20161019,20161019,20141231,277553769.1,169733981.36
300498.SZ,20150430,20150430,20141231,4571682484.14,4083328564.4
300567.SZ,20161109,20161109,20141231,-36636570.87,39821035.86
300601.SZ,20170112,20170112,20141231,112059069.78,89351253.55
300568.SZ,20161111,20161111,20141231,135669645.63,25880987.01
300595.SZ,20170104,20170104,20141231,61909062.63,2568813.02
300570.SZ,20161115,20161115,20141231,59624014.9,79602664.3
300573.SZ,20161125,20161125,20141231,12998237.93,81792102.52
300627.SZ,20170302,20170302,20141231,-2929944.27,7566798.74
300628.SZ,20170302,20170302,20141231,130302675.2,10507086.6
300623.SZ,20170222,20170222,20141231,90989724.75,41606216.76
300618.SZ,20170214,20170214,20141231,60392826.12,19099911.77
300604.SZ,20170330,20170330,20141231,-407781.31,1961864.5
300661.SZ,20170518,20170518,20141231,74461544.6,6849029.61
300630.SZ,20170306,20170306,20141231,56600462.78,16941948.04
300679.SZ,20170711,20170711,20141231,162621263.79,122252980.31
300677.SZ,20170703,20170703,20141231,77277193.6,49515594.5
300676.SZ,20170627,20170627,20141231,-8164446.9,556254074.26
600150.SH,20150314,20150314,20141231,-890342025.21,633799962.42
600151.SH,20150331,20150331,20141231,272048701.58,1777847897.51
600153.SH,20150415,20150415,20141231,-472038134.1,690322776.63
600155.SH,20150429,20150429,20141231,-118395069.86,6133340.51
600157.SH,20150428,20150428,20141231,1980054246.75,617987038.38
600160.SH,20150327,20150327,20141231,622165419.9,1331830931.65
600158.SH,20150331,20150331,20141231,-32838845.01,10003437.73
600166.SH,20150418,20150418,20141231,1102348778.34,3950202700.8
600167.SH,20150425,20150425,20141231,386898766.8,123698892.62
600161.SH,20150324,20150324,20141231,477952523.13,464156817.08
600169.SH,20150411,20150411,20141231,-1442215853.86,1029861128.64
600170.SH,20150328,20150328,20141231,-939312322.29,1519112321.44
600171.SH,20150326,20150326,20141231,14818521.39,54399173.05
600175.SH,20150415,20150415,20141231,188405617.6,1833590930.3
600176.SH,20150318,20150318,20141231,1663215648.34,1511854766.19
600179.SH,20150303,20150303,20141231,47897010.78,
600177.SH,20150430,20150430,20141231,3186200849.46,233486811.46
600180.SH,20150326,20150326,20141231,-725956486.1,23260956.58
600183.SH,20150310,20150310,20141231,205719558.52,833785560.18
600184.SH,20150313,20150313,20141231,406802925.32,123533059.37
600187.SH,20150418,20150418,20141231,105400937.0,365766243.02
600188.SH,20150330,20150330,20141231,5658590000.0,5484817000.0
600198.SH,20150418,20150418,20141231,-587050504.47,448482696.8
600195.SH,20150324,20150324,20141231,287622412.27,392789835.64
600196.SH,20150325,20150325,20141231,1200214191.85,1119437021.79
600201.SH,20150319,20150319,20141231,585186590.74,206630774.83
600200.SH,20150328,20150328,20141231,-317701441.85,81637237.32
600216.SH,20150425,20150425,20141231,549899398.98,991756351.95
600208.SH,20150425,20150425,20141231,-5008432532.98,62647551.71
600219.SH,20150328,20150328,20141231,1454782683.68,5983394075.64
600220.SH,20150411,20150411,20141231,219729601.88,107689352.74
600221.SH,20150326,20150326,20141231,6004642000.0,7784950000.0
600233.SH,20150410,20150410,20141231,58087800.9,84355518.09
600240.SH,20150423,20150423,20141231,1385188906.31,35455155.07
600236.SH,20150304,20150304,20141231,3218059343.18,625945949.69
600251.SH,20150410,20150410,20141231,-501475266.25,109375645.8
600252.SH,20150319,20150319,20141231,569946797.68,383039533.32
600256.SH,20150415,20150415,20141231,543865972.59,3446976441.81
600259.SH,20150320,20150320,20141231,-452928822.04,198302144.33
600258.SH,20150331,20150331,20141231,246441435.89,33903281.59
600260.SH,20150409,20150409,20141231,-82041221.69,106746189.8
600266.SH,20150328,20150328,20141231,-6106030729.65,123727398.96
600271.SH,20150319,20150319,20141231,1757805645.5,392831469.11
600270.SH,20150325,20150325,20141231,34477038.72,397411948.34
600267.SH,20150331,20150331,20141231,571038090.96,2158128125.13
600273.SH,20150320,20150320,20141231,333783451.39,115607658.91
600276.SH,20150331,20150331,20141231,1574306024.01,298521024.08
600282.SH,20150131,20150131,20141231,3774024389.75,2663740172.26
600280.SH,20150429,20150429,20141231,-1754880952.08,203239295.0
600277.SH,20150414,20150414,20141231,478267192.21,96202979.87
600289.SH,20150214,20150214,20141231,223360970.69,140090521.53
600295.SH,20150402,20150402,20141231,4936761609.14,2285461238.8
600284.SH,20150303,20150303,20141231,248208380.51,3834743.62
600292.SH,20150328,20150328,20141231,-156612338.89,1429172801.68
600291.SH,20150424,20150424,20141231,25480486840.13,146575236.99
600297.SH,20150418,20150418,20141231,72543067.17,21055117.22
600298.SH,20150328,20150328,20141231,699291850.43,415224141.34
600307.SH,20150331,20150331,20141231,6746769287.19,871711719.02
600300.SH,20150321,20150321,20141231,131186837.14,358237433.94
600299.SH,20150403,20150403,20141231,166584845.36,752422853.67
600309.SH,20150317,20150317,20141231,4020514862.83,9050286746.04
600315.SH,20150319,20150319,20141231,1129569111.86,99288797.58
600316.SH,20150331,20150331,20141231,-400610973.1,849094749.58
600317.SH,20150422,20150422,20141231,917829352.98,136820942.34
600312.SH,20150417,20150417,20141231,276011154.83,692482121.48
600332.SH,20150320,20150320,20141231,1761382183.8,353647623.56
600335.SH,20150416,20150416,20141231,-3568148503.85,551707124.21
600320.SH,20150331,20150331,20141231,-873383052.0,654441433.0
600329.SH,20150331,20150331,20141231,286854209.22,70151333.21
600325.SH,20150217,20150217,20141231,2032121655.76,18035787621.24
600340.SH,20150326,20150326,20141231,-4954009889.56,856026836.03
600348.SH,20150409,20150409,20141231,1209682237.44,3761984523.74
600339.SH,20150411,20150411,20141231,87635259.83,206069163.59
600346.SH,20150416,20150416,20141231,155947307.41,98641053.31
600338.SH,20150430,20150430,20141231,54240578.55,27863649.62
600351.SH,20150422,20150422,20141231,178626984.41,173841143.15
600350.SH,20150328,20150328,20141231,2693548081.0,687649611.0
600361.SH,20150428,20150428,20141231,552047153.9,545313784.59
600362.SH,20150326,20150326,20141231,1735447985.0,1737690750.0
600352.SH,20150331,20150331,20141231,2649388730.48,1672393098.85
600363.SH,20150417,20150417,20141231,46790862.81,94703327.93
600373.SH,20150327,20150327,20141231,809723773.38,232529920.5
600369.SH,20150428,20150428,20141231,5575305755.34,192054352.89
600366.SH,20150327,20150327,20141231,166993547.68,197105232.22
600372.SH,20150331,20150331,20141231,91146116.04,476514643.06
600376.SH,20150409,20150409,20141231,3290204165.32,126290594.05
600383.SH,20150321,20150321,20141231,-951362861.62,474483323.29
600380.SH,20150331,20150331,20141231,979456226.87,816973697.46
600377.SH,20150330,20150330,20141231,3092012620.0,368844327.0
600378.SH,20150321,20150321,20141231,91555398.59,17556490.54
600393.SH,20150127,20150127,20141231,-5218612.48,7342853.86
600392.SH,20150325,20150325,20141231,-108367083.16,57704770.94
600388.SH,20150418,20150418,20141231,495332647.96,227756035.36
600395.SH,20150425,20150425,20141231,770710649.18,289804811.13
600390.SH,20150214,20150214,20141231,-169052252.44,119134896.57
600398.SH,20150303,20150303,20141231,1923411728.92,887253490.17
600397.SH,20150328,20150328,20141231,529020896.03,329125101.53
600406.SH,20150328,20150328,20141231,1693439419.29,148473440.49
600399.SH,20150327,20150327,20141231,805724633.5,440993021.21
600409.SH,20150428,20150428,20141231,709656053.61,224682036.38
600410.SH,20150410,20150410,20141231,276488016.32,666195606.0
600415.SH,20150328,20150328,20141231,1132069606.63,1501223488.62
600422.SH,20150312,20150312,20141231,379126295.6,222984976.83
600416.SH,20150424,20150424,20141231,138580026.78,22713732.33
600418.SH,20150429,20150429,20141231,1652563463.35,546000861.51
600426.SH,20150402,20150402,20141231,1606549742.56,862801481.03
600435.SH,20150423,20150423,20141231,244759605.62,143625819.12
600425.SH,20150411,20150411,20141231,506804807.82,742947522.11
600428.SH,20150331,20150331,20141231,779844208.83,431289855.33
600433.SH,20150331,20150331,20141231,135328345.71,348743691.81
600436.SH,20150417,20150417,20141231,264499645.46,25865016.19
600446.SH,20150320,20150320,20141231,100925575.61,64917019.58
600456.SH,20150327,20150327,20141231,260826811.27,19890132.43
600438.SH,20150331,20150331,20141231,579696886.54,466164300.65
600458.SH,20150328,20150328,20141231,294416790.15,439091800.46
600460.SH,20150310,20150310,20141231,267189510.46,283584422.0
600466.SH,20150430,20150430,20141231,37223109.87,97778679.17
600468.SH,20150228,20150228,20141231,289882864.54,29793079.51
600478.SH,20150411,20150411,20141231,93248201.7,347314471.68
600481.SH,20150321,20150321,20141231,863562217.66,675132160.93
600482.SH,20150327,20150327,20141231,328709278.35,314438273.63
600483.SH,20150326,20150326,20141231,1958951031.5,928054717.36
600485.SH,20150430,20150430,20141231,879813112.92,56756865.16
600486.SH,20150415,20150415,20141231,553547468.38,378647115.75
600487.SH,20150415,20150415,20141231,227548095.92,588446413.62
600489.SH,20150425,20150425,20141231,811612428.8,3330135694.85
600496.SH,20150420,20150420,20141231,116858970.46,188043663.79
600497.SH,20150421,20150421,20141231,884152669.05,2197710246.01
600498.SH,20150425,20150425,20141231,821065298.69,383464756.92
600499.SH,20150425,20150425,20141231,-284257906.29,123079960.55
600500.SH,20150430,20150430,20141231,956402423.52,1647442166.78
600507.SH,20150318,20150318,20141231,832840773.65,180187093.47
600503.SH,20150410,20150410,20141231,57162670.11,1690985.45
600510.SH,20150317,20150317,20141231,-962855939.63,17129786.5
600509.SH,20150429,20150429,20141231,646455062.12,1548603625.36
600515.SH,20150410,20150410,20141231,312818223.61,270494358.77
600511.SH,20150321,20150321,20141231,218943203.7,148224520.25
600516.SH,20150425,20150425,20141231,496806584.49,112352356.19
600517.SH,20150411,20150411,20141231,41436735.45,102814822.82
600518.SH,20150410,20150410,20141231,1132203880.61,682063178.49
600521.SH,20150407,20150407,20141231,328608722.39,437062107.83
600522.SH,20150422,20150422,20141231,-197790297.63,491293062.22
600519.SH,20150421,20150421,20141231,12632522436.6,4431065066.05
600525.SH,20150417,20150417,20141231,281474563.58,231517948.41
600528.SH,20150320,20150320,20141231,1499558165.54,242462717.76
600529.SH,20150421,20150421,20141231,266634293.79,133526993.96
600535.SH,20150331,20150331,20141231,616763924.97,754934247.2
600536.SH,20150324,20150324,20141231,238781289.35,175187810.57
600537.SH,20150414,20150414,20141231,202140812.72,274087461.45
600545.SH,20150422,20150422,20141231,240790375.26,115686028.5
600546.SH,20150424,20150424,20141231,991957947.36,1153830954.86
600547.SH,20150327,20150327,20141231,2483065824.01,1919705314.63
600556.SH,20150428,20150428,20141231,-2521865.9,189545.0
600549.SH,20150327,20150327,20141231,-43823895.11,732906930.0
600551.SH,20150407,20150407,20141231,409031477.63,102030707.95
600563.SH,20150326,20150326,20141231,302470794.46,111936876.37
600557.SH,20150424,20150424,20141231,311543597.41,309363548.24
600562.SH,20150430,20150430,20141231,24573605.97,28881591.36
600566.SH,20150216,20150216,20141231,616112024.21,301509368.19
600565.SH,20150304,20150828,20141231,-581192298.74,13314964.01
600578.SH,20150402,20150402,20141231,5126006289.82,1624953962.6
600570.SH,20150410,20150410,20141231,613534744.47,96603916.29
600567.SH,20150430,20150430,20141231,1441628393.59,1331413273.61
600575.SH,20150430,20150915,20141231,3577261929.73,150495932.66
600572.SH,20150423,20150423,20141231,617434215.75,429233110.44
600582.SH,20150328,20150328,20141231,406556459.42,415972784.56
600583.SH,20150316,20150316,20141231,4351011301.05,2176784802.08
600580.SH,20150422,20150422,20141231,642922207.66,428694221.85
600585.SH,20150324,20150324,20141231,17654488609.0,6973545374.0
600584.SH,20150325,20150325,20141231,1048518721.28,1190447447.69
600586.SH,20150430,20150430,20141231,318963412.48,562621676.33
600587.SH,20150418,20150418,20141231,52058790.32,526448418.89
600588.SH,20150320,20150320,20141231,804302209.0,386613594.0
600596.SH,20150424,20150424,20141231,378598986.06,847140367.78
600594.SH,20150429,20150429,20141231,541581197.26,203935836.19
600597.SH,20150328,20150328,20141231,335769887.0,1795801110.0
600598.SH,20150331,20150331,20141231,1910070353.49,199237887.74
600600.SH,20150331,20150331,20141231,1690634341.0,1948865815.0
600602.SH,20150328,20150328,20141231,-67762383.77,25404311.83
600601.SH,20150428,20150428,20141231,825869113.24,530281989.97
600611.SH,20150403,20150403,20141231,639990365.61,527056109.02
600612.SH,20150428,20150428,20141231,2579291609.85,95362869.98
600606.SH,20150319,20150319,20141231,30529383.27,4814573.4
600614.SH,20150411,20150411,20141231,-244114366.91,136415218.69
600617.SH,20150310,20150310,20141231,35568296.49,1903163466.68
600628.SH,20150417,20150417,20141231,466936448.36,5718252.42
600623.SH,20150317,20150317,20141231,-34379761.15,343025447.69
600618.SH,20150321,20150321,20141231,-29059999.83,404176849.64
600635.SH,20150403,20150403,20141231,683140562.5,681997461.49
600633.SH,20150402,20150402,20141231,588656698.85,98258158.75
600640.SH,20150418,20150418,20141231,51011586.63,47158725.02
600637.SH,20150217,20150217,20141231,1100991287.25,573184168.28
600639.SH,20150314,20150314,20141231,288762333.83,10992489.77
600643.SH,20150424,20150424,20141231,-826590007.91,41118787.32
600642.SH,20150429,20150429,20141231,4366909830.19,2259342473.53
600645.SH,20150428,20150428,20141231,221454696.41,60472976.0
600648.SH,20150430,20150430,20141231,245719411.34,90151343.96
600649.SH,20150331,20150331,20141231,1126953571.79,1463840177.73
600654.SH,20150331,20150331,20141231,-78218296.46,3311535.6
600651.SH,20150331,20150331,20141231,9811074.89,46180160.36
600655.SH,20150325,20150325,20141231,353628258.24,339573830.55
600660.SH,20150217,20150217,20141231,3154001748.0,2799744194.0
600657.SH,20150321,20150321,20141231,-5832061343.23,18171152.73
600664.SH,20150207,20150207,20141231,1136099588.38,375371508.98
600663.SH,20150326,20150326,20141231,-995432068.53,200803908.9
600666.SH,20150312,20150312,20141231,137778018.52,70698139.29
600667.SH,20150414,20150414,20141231,940250537.18,377524612.17
600673.SH,20150331,20150331,20141231,719744530.09,1007543648.14
600675.SH,20150320,20150320,20141231,-124996561.13,31891787.31
600674.SH,20150425,20150425,20141231,538579016.7,49242804.71
600682.SH,20150327,20150327,20141231,1336892464.66,125767566.77
600685.SH,20150217,20150217,20141231,855224351.73,443218970.45
600687.SH,20150210,20150210,20141231,-1468153514.18,44486807.91
600690.SH,20150331,20150331,20141231,7006580362.98,2005431835.29
600688.SH,20150323,20150323,20141231,4039919000.0,1089268000.0
600694.SH,20150415,20150415,20141231,1100762632.84,415739430.6
600699.SH,20150420,20150420,20141231,737519428.75,758213691.87
600703.SH,20150324,20150324,20141231,665256703.4,2047724578.81
600705.SH,20150318,20150318,20141231,2916383653.88,736577205.88
600704.SH,20150331,20150331,20141231,-1275105076.12,402104828.52
600707.SH,20150313,20150313,20141231,-145986676.67,271540669.45
600718.SH,20150327,20150327,20141231,216362385.0,615659356.0
600717.SH,20150319,20150319,20141231,1853806486.27,1377390186.64
600720.SH,20150320,20150320,20141231,931196678.64,162622665.32
600728.SH,20150325,20150325,20141231,-28974110.71,53614032.31
600729.SH,20150317,20150317,20141231,-116725543.32,748794008.1
600732.SH,20150428,20150428,20141231,-45038643.96,13659.0
600733.SH,20150321,20150321,20141231,-76742901.56,32838957.12
600736.SH,20150404,20150404,20141231,282801698.55,206337938.07
600737.SH,20150421,20150421,20141231,-2195222483.75,245929801.89
600739.SH,20150328,20150328,20141231,426131779.63,1264442205.11
600741.SH,20150327,20150327,20141231,6094069740.34,3414730454.76
600743.SH,20150425,20150425,20141231,-1503104222.37,2799099.0
600745.SH,20150428,20150428,20141231,-928222839.35,130305124.79
600748.SH,20150328,20150328,20141231,-1920123287.71,7162815.97
600750.SH,20150328,20150328,20141231,356804768.68,102332828.43
600754.SH,20150328,20150328,20141231,559229653.67,392161779.77
600751.SH,20150421,20150421,20141231,128743624.83,658710.16
600755.SH,20150424,20150424,20141231,-3725713262.89,517722448.8
600757.SH,20150328,20150328,20141231,683549923.82,189451796.44
600759.SH,20150418,20150418,20141231,111307500.12,173237246.29
600760.SH,20150429,20150429,20141231,66383628.8,28621616.02
600761.SH,20150318,20150318,20141231,661579121.86,201195287.77
600764.SH,20150331,20150331,20141231,-29616046.47,33130366.15
600763.SH,20150410,20150410,20141231,128783327.9,102283744.06
600765.SH,20150325,20150325,20141231,144291499.13,739049890.6
600770.SH,20150427,20150427,20141231,413040192.44,160866653.52
600773.SH,20150421,20150421,20141231,2171966258.89,190708.54
600776.SH,20150428,20150428,20141231,74355286.63,42429071.07
600777.SH,20150217,20150217,20141231,42280780.83,3847408.82
600779.SH,20150430,20160428,20141231,-105887184.06,24535539.82
600782.SH,20150421,20150421,20141231,3100196373.18,254966518.48
600787.SH,20150321,20150321,20141231,1359740176.41,574908665.67
600790.SH,20150331,20150331,20141231,-165588451.95,135099204.34
600783.SH,20150430,20150430,20141231,-149035387.94,8941729.53
600795.SH,20150331,20150331,20141231,22713421309.42,23963856523.56
600801.SH,20150327,20150327,20141231,3839857469.0,1755824988.0
600803.SH,20150411,20150411,20141231,1016183377.28,342344643.44
600805.SH,20150402,20150402,20141231,33617478.6,72083920.45
600804.SH,20150416,20150416,20141231,3830568915.36,3057326131.86
600808.SH,20150326,20150326,20141231,2912853829.0,2599448741.0
600812.SH,20150422,20150422,20141231,90562752.87,258295910.56
600816.SH,20150210,20150210,20141231,174732211.97,13085946.65
600811.SH,20150430,20150430,20141231,351856019.22,163315675.53
600809.SH,20150331,20150331,20141231,416261349.57,300924982.86
600820.SH,20150411,20150411,20141231,3607135909.93,8714623709.32
600823.SH,20150326,20150326,20141231,76162301.77,1699488075.1
600826.SH,20150314,20150314,20141231,-17207025.52,695024.97
600825.SH,20150425,20150425,20141231,-27698915.82,14349425.92
600827.SH,20150417,20150417,20141231,2028623722.07,1921681218.25
600835.SH,20150317,20150317,20141231,2011963265.65,478732141.15
600831.SH,20150424,20150424,20141231,799507181.58,790789618.81
600837.SH,20150328,20150328,20141231,8783946303.12,248368846.52
600839.SH,20150331,20150331,20141231,1920744485.81,1657283381.65
600845.SH,20150303,20150303,20141231,231172119.67,352711244.59
600850.SH,20150414,20150414,20141231,278249189.74,16607046.39
600848.SH,20150317,20150317,20141231,66577853.67,88194556.42
600859.SH,20150321,20150321,20141231,173274633.79,281624547.88
600851.SH,20150430,20150430,20141231,31335340.67,40906090.41
600862.SH,20150228,20150228,20141231,15028161.81,74583244.25
600863.SH,20150428,20150428,20141231,4343607502.89,2191374322.01
600864.SH,20150313,20150313,20141231,227795553.88,296712216.82
600869.SH,20150425,20150425,20141231,671522697.34,373670291.93
600867.SH,20150409,20150409,20141231,205890089.83,106083866.52
600871.SH,20150325,20150325,20141231,6746135000.0,4183375000.0
600873.SH,20150318,20150318,20141231,406577731.91,511612345.89
600872.SH,20150331,20150331,20141231,334963620.08,475059639.23
600875.SH,20150328,20150328,20141231,2832630323.09,667494302.62
600879.SH,20150213,20150213,20141231,122867583.01,276027291.34
600874.SH,20150327,20150327,20141231,609369000.0,638737000.0
600881.SH,20150429,20150429,20141231,-5980359762.0,462142267.43
600880.SH,20150309,20150309,20141231,531196933.75,74646773.01
600884.SH,20150411,20150411,20141231,-403236826.79,351085015.44
600885.SH,20150327,20150327,20141231,351693511.71,404623731.09
600886.SH,20150410,20150410,20141231,21418981070.5,14478191070.9
600887.SH,20150425,20150425,20141231,2436487020.35,3946469233.71
600893.SH,20150423,20150423,20141231,164653435.99,2343675672.0
600894.SH,20150327,20150327,20141231,281221861.46,305682723.76
600895.SH,20150430,20150430,20141231,1464305548.68,70028050.42
600900.SH,20150430,20150430,20141231,21298893169.41,850315890.42
600903.SH,20171018,20171018,20141231,35365976.73,695109354.32
600901.SH,20180130,20180130,20141231,-1392486363.97,187515118.55
600906.SH,20150429,20150429,20141231,6663508373.78,35173544.4
600908.SH,20160810,20160810,20141231,8882102630.64,148761478.02
600909.SH,20161115,20161115,20141231,4978389460.74,43740432.16
600917.SH,20150410,20150410,20141231,851898032.52,792212266.83
600918.SH,20160325,20160325,20141231,15518375200.0,183158700.0
600919.SH,20160620,20160620,20141231,175461820000.0,1586761000.0
600927.SH,20151009,20151009,20141231,3951409544.41,114556128.18
600926.SH,20160912,20160912,20141231,8978188000.0,218889000.0
600928.SH,20170106,20170106,20141231,-5495780000.0,152583000.0
600939.SH,20170111,20170111,20141231,306894575.98,554344495.05
600959.SH,20150403,20150403,20141231,2197777684.52,1425959038.99
600956.SH,20150512,20150512,20141231,885484795.69,1851183898.28
600958.SH,20150303,20150303,20141231,4988121472.1,273855516.38
600968.SH,20180105,20180105,20141231,3245023300.0,3576418300.0
600967.SH,20150331,20150331,20141231,-170062658.93,101397152.5
600977.SH,20160720,20160720,20141231,993409120.23,501806566.83
600970.SH,20150324,20150324,20141231,1399014948.53,158194705.56
600971.SH,20150415,20150415,20141231,212030355.48,578527536.37
600978.SH,20150415,20150415,20141231,590445937.9,374263470.56
600981.SH,20150214,20150214,20141231,-327265556.87,5375796.13
600985.SH,20150327,20150327,20141231,93407099.73,61287827.62
600989.SH,20171229,20171229,20141231,648026327.88,2186408265.16
600988.SH,20150331,20150331,20141231,73123123.66,76668127.02
600995.SH,20150327,20150327,20141231,442874388.55,332027776.59
600993.SH,20150425,20150425,20141231,111670948.36,106872607.53
600996.SH,20161205,20161205,20141231,726591470.18,428399304.77
600999.SH,20150331,20150331,20141231,19608939658.68,362081950.92
600998.SH,20150428,20150428,20141231,-171679532.74,945562507.49
601001.SH,20150430,20150430,20141231,389661917.75,1946249059.32
601000.SH,20150416,20150416,20141231,1306499289.06,1653627081.96
601003.SH,20150429,20150429,20141231,3047360946.79,113574623.36
601002.SH,20150428,20150428,20141231,288686406.94,156128147.17
601005.SH,20150331,20150331,20141231,2796783000.0,2552844000.0
601009.SH,20150428,20150428,20141231,111525691000.0,1794001000.0
601006.SH,20150429,20150429,20141231,17313230619.0,5515378310.0
601010.SH,20150228,20150228,20141231,251226116.37,595197267.3
601012.SH,20150217,20150217,20141231,367497531.06,496293369.09
601016.SH,20150318,20150318,20141231,1120038284.97,1380765797.51
601019.SH,20171030,20171030,20141231,882439937.06,344384983.56
601018.SH,20150331,20150331,20141231,2692877000.0,2241900000.0
601021.SH,20150324,20150324,20141231,1076380614.0,2458565555.0
601058.SH,20150403,20150403,20141231,1348490121.82,1198913642.99
601059.SH,20150415,20150415,20141231,5872943104.75,37321524.15
601066.SH,20180130,20180130,20141231,19058594700.0,193766400.0
601077.SH,20180105,20180105,20141231,49292967000.0,1630919000.0
601068.SH,20170630,20170630,20141231,-942691312.15,241744654.7
601088.SH,20150321,20150321,20141231,67511000000.0,44539000000.0
601098.SH,20150414,20150414,20141231,1534733870.59,158692682.61
601099.SH,20150306,20150306,20141231,-1213619425.52,30717610.31
601108.SH,20170926,20170926,20141231,2856327421.85,277686033.74
601106.SH,20150429,20150429,20141231,-2294449001.32,415099203.7
601100.SH,20150331,20150331,20141231,251964181.46,501207925.25
601111.SH,20150327,20150327,20141231,17522851000.0,13830796000.0
601117.SH,20150417,20150417,20141231,1481582541.23,2507872180.48
601127.SH,20160523,20160523,20141231,396283875.1,350101774.45
601118.SH,20150415,20150415,20141231,-17045431.4,765960352.72
601126.SH,20150331,20150331,20141231,11211886.21,262795514.73
601128.SH,20160822,20160822,20141231,13273432637.45,289009175.38
601136.SH,20150429,20150429,20141231,2294639511.59,21872859.13
601155.SH,20150922,20150922,20141231,3495004590.0,2236550717.0
601139.SH,20150328,20150328,20141231,1122697876.37,1299167887.36
601158.SH,20150403,20150403,20141231,2177246383.36,563592430.85
601162.SH,20171229,20171229,20141231,-1016996875.49,63496851.42
601163.SH,20160822,20160822,20141231,1422465550.55,372077931.06
601166.SH,20150428,20150428,20141231,682060000000.0,5263000000.0
601168.SH,20150418,20150418,20141231,1627449334.0,1105601938.0
601169.SH,20150428,20150428,20141231,124487000000.0,2713000000.0
603000.SH,20150415,20150415,20141231,365184219.28,318167973.0
603001.SH,20150425,20150425,20141231,145585310.96,144279571.91
603005.SH,20150413,20150413,20141231,239583810.31,229551572.16
603019.SH,20150410,20150410,20141231,30752260.2,135954718.59
603025.SH,20150403,20150403,20141231,255121401.81,4910212.6
603026.SH,20150511,20150511,20141231,417638960.5,171562887.27
603056.SH,20171226,20171226,20141231,1276073906.74,523193452.59
603077.SH,20150320,20150320,20141231,204674407.56,716768746.98
603087.SH,20180116,20180116,20141231,296420982.98,315470474.05
603127.SH,20170807,20170807,20141231,82375992.67,38889959.81
603129.SH,20170731,20170731,20141231,50789129.19,43679990.44
603156.SH,20180122,20180122,20141231,2535053398.43,270403103.81
603160.SH,20160920,20160920,20141231,334658475.7,72964443.46
603169.SH,20150318,20150318,20141231,123117179.05,954434273.37
603179.SH,20170227,20170227,20141231,57969345.61,10868246.38
603185.SH,20170714,20170714,20141231,5725357.22,16116022.42
603188.SH,20150325,20150325,20141231,413037650.6,56526241.83
603198.SH,20150511,20150511,20141231,427574029.14,240196700.73
603218.SH,20161208,20161208,20141231,241342124.57,153750909.22
603225.SH,20170327,20170327,20141231,626999284.36,950240162.38
603228.SH,20161216,20161216,20141231,359602499.16,321584328.25
603233.SH,20170711,20170711,20141231,448578297.49,261815260.59
603256.SH,20170609,20170609,20141231,143584200.0,21836200.0
603260.SH,20171010,20171010,20141231,816985928.69,386005977.42
603267.SH,20180123,20180123,20141231,28564491.69,22715372.78
603259.SH,20180206,20180206,20141231,712548594.95,648158703.37
603288.SH,20150310,20150310,20141231,2739330825.61,881597421.73
603298.SH,20161205,20161205,20141231,517920280.8,52573097.54
603305.SH,20170619,20170619,20141231,56574425.35,92195507.24
603328.SH,20150422,20150422,20141231,284836034.12,90152159.39
603317.SH,20150416,20150416,20141231,105701429.88,61879718.57
603338.SH,20150304,20150304,20141231,86308815.71,61156608.84
603345.SH,20170124,20170124,20141231,292986739.13,269829997.2
603355.SH,20150424,20150424,20141231,484186760.37,89051952.53
603369.SH,20150403,20150403,20141231,473260125.17,68196140.76
603377.SH,20160120,20160120,20141231,521689600.27,363130230.44
603379.SH,20170113,20170113,20141231,146603250.69,59523490.97
603392.SH,20160624,20160624,20141231,132425299.94,77426040.21
603456.SH,20150411,20150411,20141231,10167664.08,257130698.37
603444.SH,20161220,20161220,20141231,203785630.33,9315672.79
603486.SH,20171222,20171222,20141231,153877578.04,147851543.79
603501.SH,20170412,20170412,20141231,19916590.16,25673497.04
603515.SH,20160729,20160729,20141231,142357629.67,226200017.36
603517.SH,20170227,20170227,20141231,426249147.39,128446623.08
603528.SH,20160413,20160413,20141231,272677803.48,16619496.45
603555.SH,20150331,20150331,20141231,96988781.0,161731511.86
603556.SH,20161021,20161021,20141231,340350633.76,73132424.84
603565.SH,20160226,20160226,20141231,32531961.62,78228376.16
603567.SH,20150403,20150403,20141231,386323632.48,79853108.03
603568.SH,20150511,20150511,20141231,401061901.31,106804473.72
603569.SH,20160721,20160721,20141231,315060795.58,19551886.67
603589.SH,20150610,20150610,20141231,104913845.31,46457839.16
603596.SH,20180109,20180109,20141231,7352327.21,64826304.96
603605.SH,20171025,20171025,20141231,185448638.78,91105564.5
603606.SH,20150410,20150410,20141231,204598696.04,20167558.59
603613.SH,20170929,20170929,20141231,-9676030.18,410476.66
603638.SH,20161230,20161230,20141231,83649634.3,19314534.77
603658.SH,20160811,20160811,20141231,256928030.22,179063849.27
603650.SH,20170630,20170630,20141231,117991745.96,21763074.78
603659.SH,20171016,20171016,20141231,-28116012.47,51642820.61
603688.SH,20150415,20150415,20141231,48549629.79,45176430.86
603698.SH,20150331,20150331,20141231,487633891.4,149502884.92
603699.SH,20150422,20150422,20141231,426446016.75,158847157.67
603707.SH,20170628,20170628,20141231,178740925.71,29396824.8
603712.SH,20180130,20180130,20141231,27839279.84,25306789.09
603708.SH,20161122,20161122,20141231,451206842.65,333288850.62
603737.SH,20160516,20160516,20141231,126566808.27,52377645.41
603728.SH,20170418,20170418,20141231,106674950.58,26442453.73
603766.SH,20150325,20150325,20141231,733564383.39,387362878.85
603786.SH,20171229,20171229,20141231,352153590.99,141230341.35
603799.SH,20150420,20150420,20141231,-719632136.15,948315868.43
603806.SH,20150410,20150410,20141231,99873177.29,64988808.22
603816.SH,20160919,20160919,20141231,228504789.11,428817294.46
603833.SH,20170307,20170307,20141231,906252829.74,438954893.8
603826.SH,20170321,20170321,20141231,89785647.45,38654602.6
603858.SH,20161031,20161031,20141231,1780581763.62,204875342.23
603868.SH,20160328,20160328,20141231,540823666.45,218378182.83
603866.SH,20151204,20151204,20141231,319384201.26,258396100.61
603877.SH,20161219,20161219,20141231,529689095.5,272366202.52
603882.SH,20170821,20170821,20141231,225966983.77,447868675.19
603883.SH,20150403,20150403,20141231,247144683.0,117629267.0
603885.SH,20150511,20150511,20141231,867288108.83,1347259299.03
603888.SH,20161010,20161010,20141231,113656706.24,53805328.09
603893.SH,20170707,20170707,20141231,113332000.0,115814600.0
603899.SH,20150331,20150331,20141231,342513938.26,250217367.36
603920.SH,20170406,20170406,20141231,271602694.32,86772425.75
603927.SH,20171229,20171229,20141231,288987895.28,13823893.34
603939.SH,20150202,20150202,20141231,212345071.15,95981233.35
603979.SH,20150610,20150610,20141231,76156814.82,145581081.91
603983.SH,20170707,20170707,20141231,376235489.51,44630360.03
603986.SH,20160728,20160728,20141231,95084429.2,17701541.42
603993.SH,20150324,20150324,20141231,3635047137.17,601565585.43
605589.SH,20150312,20150312,20141231,963803548.45,108425853.29
688029.SH,20171219,20171219,20141231,50421060.02,41806265.88
688052.SH,20160728,20160728,20141231,2218915.61,734085.26
688063.SH,20161031,20161031,20141231,7993671.21,2043886.0
688111.SH,20170526,20170526,20141231,28871000.0,7533100.0
688122.SH,20150217,20150217,20141231,201588586.91,111073474.26
688153.SH,20151125,20151125,20141231,32682081.42,5105534.34
688180.SH,20150801,20150801,20141231,-22192917.69,7917960.85
688208.SH,20151113,20151113,20141231,91198200.0,25399000.0
688223.SH,20150626,20150626,20141231,395962368.23,270756684.48
688303.SH,20160428,20160428,20141231,625711221.07,524311554.13
688318.SH,20160630,20160630,20141231,88819800.0,1187400.0
688390.SH,20151219,20151219,20141231,-14339770.68,781869.67
688506.SH,20151223,20151223,20141231,13150323.56,24047430.75
688516.SH,20160223,20170429,20141231,-8019738.78,3482617.17
688536.SH,20160507,20160507,20141231,-1007835.47,456928.64
688981.SH,20150330,20150330,20141231,3720976138.0,
688819.SH,20150430,20150430,20141231,911874189.97,788967537.03
300682.SZ,20170712,20170712,20141231,46773002.21,5792465.86
300699.SZ,20170815,20170815,20141231,441501297.43,72460123.15
300718.SZ,20171016,20171016,20141231,90092982.32,47536292.83
300724.SZ,20171024,20171024,20141231,-48849308.41,2309764.75
300735.SZ,20171211,20171211,20141231,104877122.06,74968889.77
300741.SZ,20171226,20171226,20141231,1773279982.0,126360761.0
300748.SZ,20170714,20170714,20141231,66234400.0,12795800.0
300750.SZ,20171110,20171110,20141231,-138904402.07,300525204.81
300751.SZ,20170630,20170630,20141231,-9103888.39,912475.84
300757.SZ,20170630,20170630,20141231,-7457362.97,1285258.51
300759.SZ,20170630,20170630,20141231,12134613.57,81939410.76
300760.SZ,20170526,20170526,20141231,1741478600.0,588439300.0
300763.SZ,20171103,20171103,20141231,2424153.95,3769790.01
300765.SZ,20171229,20171229,20141231,93362269.63,8085237.61
300769.SZ,20171220,20171220,20141231,1055270.48,13569921.41
300776.SZ,20170714,20170714,20141231,-449418.25,424173.35
300782.SZ,20180323,20180323,20141231,-692070.4,928532.4
300803.SZ,20171023,20171023,20141231,7312072.0,2113412.0
300832.SZ,20171031,20171031,20141231,242765059.83,129206731.56
300866.SZ,20161001,20161001,20141231,82682499.87,847690.62
300869.SZ,20160101,20160101,20141231,36454330.71,15172779.83
300888.SZ,20170428,20170428,20141231,203963201.35,138166869.41
300896.SZ,20170707,20170707,20141231,27949754.19,4942899.47
300972.SZ,20150807,20150807,20141231,80553799.22,137188614.53
302132.SZ,20150327,20150327,20141231,74378247.81,62185135.26
600000.SH,20150319,20150319,20141231,191158000000.0,5386000000.0
600004.SH,20150331,20150331,20141231,1823799354.15,96884841.49
600005.SH,20150427,20150427,20141231,7704041191.64,2388002765.63
600006.SH,20150327,20150327,20141231,-328339341.1,210986975.66
600007.SH,20150325,20150325,20141231,1088768235.0,371233825.0
600008.SH,20150422,20150422,20141231,341934649.47,1705134467.31
600009.SH,20150312,20150312,20141231,2980926188.09,450134236.18
600010.SH,20150429,20150429,20141231,2964567367.17,2587376323.91
600011.SH,20150325,20150325,20141231,33320065278.0,20379892100.0
600015.SH,20150417,20150417,20141231,12882000000.0,2201000000.0
600016.SH,20150331,20150331,20141231,229163000000.0,18649000000.0
600017.SH,20150324,20150324,20141231,1121115805.24,1505271167.92
600018.SH,20150328,20150328,20141231,10208842469.03,1914551891.03
600019.SH,20150327,20150327,20141231,28280465939.43,21608675890.7
600021.SH,20150327,20150327,20141231,2691332562.85,4029861824.03
600022.SH,20150411,20150411,20141231,-1255050593.72,601243618.67
600023.SH,20150409,20150409,20141231,10423366933.58,8816719027.0
600025.SH,20171106,20171106,20141231,13257412386.09,13615185781.08
600026.SH,20150328,20150328,20141231,3286649995.82,6734370128.36
600027.SH,20150331,20150331,20141231,23760725000.0,18590076000.0
600028.SH,20150323,20150323,20141231,148347000000.0,124381000000.0
600029.SH,20150331,20150331,20141231,15116000000.0,8232000000.0
600030.SH,20150324,20150324,20141231,30431948309.43,604263507.64
600031.SH,20150421,20150421,20141231,1231939000.0,1551052000.0
600036.SH,20150319,20150319,20141231,272173000000.0,8125000000.0
600037.SH,20150321,20150321,20141231,1197396449.61,636995980.66
600038.SH,20150331,20150331,20141231,-256421854.19,229874396.5
600039.SH,20150422,20150422,20141231,1776631213.18,2446537465.35
600048.SH,20150317,20150317,20141231,-10458366565.0,80502350.24
600050.SH,20150304,20150304,20141231,92429180159.0,73390940253.0
600053.SH,20150408,20150408,20141231,326521621.22,88058.0
600056.SH,20150331,20150331,20141231,994844301.88,96912105.61
600058.SH,20150328,20150328,20141231,-1654561079.9,756952946.23
600059.SH,20150418,20150418,20141231,-69556608.13,172552028.72
600060.SH,20150425,20150425,20141231,954502474.69,412088083.13
600061.SH,20150418,20150418,20141231,172806571.91,47381745.36
600062.SH,20150313,20150313,20141231,718376437.47,142380342.73
600064.SH,20150328,20150328,20141231,1268250105.1,59916173.19
600066.SH,20150331,20150331,20141231,3205260757.93,1918768663.59
600067.SH,20150416,20150416,20141231,1360294118.72,308859320.02
600068.SH,20150331,20150331,20141231,1146315792.39,2798238192.81
600073.SH,20150331,20150331,20141231,158687248.93,130874976.46
600074.SH,20150126,20150126,20141231,67921692.31,75258676.53
600079.SH,20150325,20150325,20141231,502704784.08,897053927.3
600085.SH,20150324,20150324,20141231,696013987.24,560864561.47
600086.SH,20150321,20150321,20141231,-339930110.77,17121556.59
600088.SH,20150428,20150428,20141231,92953144.79,21384740.15
600089.SH,20150414,20150414,20141231,-1381726521.31,1630673678.89
600094.SH,20150321,20150321,20141231,-2636828114.1,19646749.76
600095.SH,20150325,20150325,20141231,30696505.69,6178607.49
600096.SH,20150331,20150331,20141231,-402832293.91,1567245352.17
600098.SH,20150424,20150424,20141231,3235942365.18,1024077146.69
600100.SH,20150428,20150428,20141231,856103304.69,952919258.89
600104.SH,20150403,20150403,20141231,23283810974.3,14319557135.32
600108.SH,20150424,20150424,20141231,136534729.15,330963483.43
600109.SH,20150316,20150316,20141231,2888201452.58,68105738.84
600111.SH,20150403,20150403,20141231,697351286.69,126931625.83
600112.SH,20150425,20150425,20141231,-38801647.48,35184173.66
600115.SH,20150328,20150328,20141231,12252000000.0,25895000000.0
600118.SH,20150320,20150320,20141231,232788713.08,453560705.58
600120.SH,20150403,20150403,20141231,-212869303.25,108452635.28
600122.SH,20150327,20150327,20141231,409793889.55,32413899.44
600125.SH,20150319,20150319,20141231,579063764.51,601650793.64
600126.SH,20150418,20150418,20141231,1090189583.47,119182436.93
600129.SH,20150321,20150321,20141231,-276282119.97,252352652.47
600131.SH,20150404,20150404,20141231,173432453.41,79482586.88
600132.SH,20150410,20150410,20141231,414174659.77,96706757.58
600138.SH,20150418,20150418,20141231,524228725.14,539129256.35
600141.SH,20150310,20150310,20141231,664964861.0,1086686791.43
600143.SH,20150421,20150421,20141231,1004148976.89,888789642.03
601179.SH,20150402,20150402,20141231,2772441.11,459135604.19
601186.SH,20150331,20150331,20141231,6582512000.0,21287428000.0
601187.SH,20180313,20180313,20141231,-1055514106.71,168136759.29
601198.SH,20150331,20150331,20141231,9281567370.66,53391159.19
601200.SH,20150430,20150430,20141231,975051014.34,1453461343.53
601211.SH,20150610,20150610,20141231,49415382215.0,1187684364.0
601212.SH,20161228,20161228,20141231,948823898.98,745108002.53
601216.SH,20150429,20150429,20141231,954921206.81,961013727.8
601225.SH,20150425,20150425,20141231,121415894.64,2687991082.65
601226.SH,20150409,20150409,20141231,-169904331.8,344713160.27
601228.SH,20170309,20170309,20141231,1309308995.11,1992898373.47
601229.SH,20160926,20160926,20141231,106041273000.0,839840000.0
601231.SH,20150327,20150327,20141231,963221744.97,997297780.04
601233.SH,20150414,20150414,20141231,3590830068.29,1599222617.71
601236.SH,20170714,20170714,20141231,889563800.0,24902600.0
601238.SH,20150326,20150326,20141231,1104781789.0,3474508207.0
601258.SH,20150422,20150422,20141231,5641141059.0,2073035955.0
601288.SH,20150325,20150325,20141231,34615000000.0,25997000000.0
601298.SH,20171013,20171013,20141231,818307640.0,590234303.0
601311.SH,20150410,20150410,20141231,260917715.53,232271015.76
601318.SH,20150320,20150320,20141231,170260000000.0,13530000000.0
601319.SH,20170929,20170929,20141231,-399000000.0,3864000000.0
601326.SH,20170704,20170704,20141231,2983810567.2,3329568167.51
601328.SH,20150327,20150327,20141231,49715000000.0,25859000000.0
601333.SH,20150326,20150326,20141231,2113226429.0,999631963.0
601336.SH,20150326,20150326,20141231,25052000000.0,2278000000.0
601360.SH,20150311,20150311,20141231,276660615.29,168096649.08
601369.SH,20150318,20150318,20141231,496235896.23,55377127.69
601375.SH,20161208,20161208,20141231,2645370610.33,51703903.63
601377.SH,20150312,20150312,20141231,2777475920.53,91132650.21
601390.SH,20150331,20150331,20141231,19446298000.0,9560883000.0
601398.SH,20150327,20150327,20141231,201457000000.0,44623000000.0
601399.SH,20150430,20150430,20141231,-910365364.26,203918675.96
601456.SH,20180119,20180119,20141231,3294515000.0,35690000.0
601515.SH,20150331,20150331,20141231,566501852.49,151298254.44
601555.SH,20150418,20150418,20141231,1006467334.46,96846595.31
601567.SH,20150428,20150428,20141231,304391480.01,298067007.63
601577.SH,20171212,20171212,20141231,-11615007000.0,239137000.0
601598.SH,20150417,20150417,20141231,1107622000.0,1314719000.0
601600.SH,20150326,20150326,20141231,13773049000.0,8486109000.0
601601.SH,20150330,20150330,20141231,40050000000.0,3645000000.0
601607.SH,20150327,20150327,20141231,1335674135.37,1291493056.86
601608.SH,20150324,20150324,20141231,-262979765.66,162035054.92
601611.SH,20160516,20160516,20141231,-2531116909.47,357065401.79
601615.SH,20180302,20180302,20141231,1524182144.66,347315285.31
601618.SH,20150328,20150328,20141231,14969027000.0,2760049000.0
601628.SH,20150325,20150325,20141231,78247000000.0,5048000000.0
601633.SH,20150321,20150321,20141231,6095784407.4,7228946659.46
601636.SH,20150425,20150425,20141231,714903739.51,1344090007.35
601658.SH,20150901,20150901,20141231,680953000000.0,9430000000.0
601665.SH,20150611,20150611,20141231,17954602730.0,259912358.0
601666.SH,20150414,20150414,20141231,-2542751034.35,242255747.97
601668.SH,20150421,20150421,20141231,24906341000.0,13246546000.0
601669.SH,20150424,20150424,20141231,6752316101.08,30834139651.28
601678.SH,20150217,20150217,20141231,1034941757.45,917037723.12
601688.SH,20150309,20150309,20141231,30402931451.43,657770412.75
601689.SH,20150430,20150430,20141231,458807959.78,380592623.37
601696.SH,20150429,20150429,20141231,3966220757.41,55585902.53
601698.SH,20171229,20171229,20141231,2310677494.6,724626871.04
601699.SH,20150326,20150326,20141231,1911826514.82,2818827325.72
601717.SH,20150318,20150318,20141231,186933475.32,24900440.37
601718.SH,20150428,20150428,20141231,374392187.21,1741896526.33
601727.SH,20150318,20150318,20141231,4410915000.0,1984832000.0
601728.SH,20150410,20150410,20141231,102068472833.26,80456494342.67
601766.SH,20150331,20150331,20141231,13726952057.0,5110876304.0
601777.SH,20150424,20150424,20141231,-368054156.14,286214175.8
601788.SH,20150331,20150331,20141231,17505465194.87,124233076.58
601799.SH,20150421,20150421,20141231,385926433.59,242300143.99
601800.SH,20150331,20150331,20141231,4404027639.0,42818109393.0
601801.SH,20150410,20150410,20141231,500444573.33,73506709.75
601808.SH,20150331,20150331,20141231,10159659200.0,9849948033.0
601811.SH,20160719,20160719,20141231,875983963.09,196587836.97
601818.SH,20150328,20150328,20141231,34699000000.0,2837000000.0
601825.SH,20150504,20150504,20141231,15758284000.0,1727231000.0
601828.SH,20171225,20171225,20141231,3277601774.54,2647980283.17
601838.SH,20171219,20171219,20141231,25172286000.0,242362000.0
601857.SH,20150327,20150327,20141231,356477000000.0,312357000000.0
601858.SH,20161228,20161228,20141231,251984948.82,26687712.63
601860.SH,20180112,20180112,20141231,1678739000.0,338053000.0
601865.SH,20170707,20170707,20141231,609517432.4,246716784.13
601866.SH,20150327,20150327,20141231,2874264868.94,5909289377.39
601868.SH,20150721,20150721,20141231,1256998000.0,862459000.0
601869.SH,20170630,20170630,20141231,226372718.0,348259949.0
601872.SH,20150324,20150324,20141231,1066406047.95,10757527070.66
601877.SH,20150411,20150411,20141231,2344058849.4,377345778.4
601878.SH,20170516,20170516,20141231,8235753856.21,740626365.33
601880.SH,20150328,20150328,20141231,829134676.19,827286708.34
601881.SH,20161226,20161226,20141231,18629960275.88,187841772.37
601886.SH,20150331,20150331,20141231,298274400.59,315216657.19
601888.SH,20150418,20150418,20141231,1495839221.79,642458297.75
601898.SH,20150321,20150321,20141231,5083525000.0,19695185000.0
601899.SH,20150321,20150321,20141231,6320623792.0,6220740665.0
601901.SH,20150430,20150430,20141231,13421007072.41,135031351.07
601908.SH,20150310,20150310,20141231,-324535104.75,860292851.19
601916.SH,20171110,20171110,20141231,143328870000.0,654410000.0
601918.SH,20150418,20150418,20141231,-1187112728.81,1725592253.13
601919.SH,20150327,20150327,20141231,5901317459.94,6957966022.61
601928.SH,20150422,20150422,20141231,1647094211.61,970878295.23
601929.SH,20150331,20150331,20141231,985294114.57,1017512005.1
601933.SH,20150430,20150430,20141231,2016093844.46,1198298614.83
601939.SH,20150328,20150328,20141231,316951000000.0,35490000000.0
601958.SH,20150331,20150331,20141231,98374250.2,598324357.81
601965.SH,20150320,20150320,20141231,86113466.71,260931314.82
601966.SH,20160613,20160613,20141231,769167630.0,2062720063.0
601969.SH,20150310,20150310,20141231,482113863.39,387148270.09
601975.SH,20150417,20150417,20141231,251523034.89,3529443.51
601985.SH,20150525,20150525,20141231,9543160228.93,23784991870.11
601988.SH,20150326,20150326,20141231,126918000000.0,35108000000.0
601989.SH,20150430,20150430,20141231,1889679841.12,3471329143.63
601990.SH,20170310,20170310,20141231,2394480100.0,252598400.0
601991.SH,20150319,20150319,20141231,26247213000.0,20361413000.0
601992.SH,20150327,20150327,20141231,-6156167926.92,1745955268.33
601995.SH,20150420,20150420,20141231,6891184643.0,62885795.0
601997.SH,20160727,20160727,20141231,13641827000.0,1050474000.0
601998.SH,20150321,20150321,20141231,34150000000.0,11432000000.0
