ts_code,ann_date,end_date,n_cashflow_act,c_pay_acq_const_fiolta,f_ann_date,comp_type,report_type,end_type
601598.SH,20190115,20180930,-156228879.98,1523779869.41,20190115.0,1.0,1.0,3.0
002946.SZ,20190108,20180930,355516312.0,285714838.0,20190108.0,1.0,1.0,3.0
300759.SZ,20190107,20180930,444225801.69,478546603.45,20190107.0,1.0,1.0,3.0
601615.SH,20190102,20180930,52242172.81,1527601996.05,20190102.0,1.0,1.0,3.0
603185.SH,20181227,20180930,2777989.34,12642943.16,20181227.0,1.0,1.0,3.0
300757.SZ,20181224,20180930,-1457832.81,21341524.15,20181224.0,1.0,1.0,3.0
002941.SZ,20181127,20180930,-1051727316.7,109599803.58,20181127.0,1.0,1.0,3.0
300751.SZ,20181108,20180930,68251221.2,28317385.75,20181108.0,1.0,1.0,3.0
605589.SH,20181101,20180930,338392977.11,62013234.96,20181101.0,1.0,1.0,3.0
688180.SH,20181101,20180930,-333320190.85,379148191.46,20181101.0,1.0,1.0,3.0
601399.SH,20181101,20180930,406577668.97,181895906.27,20181101.0,1.0,1.0,3.0
601360.SH,20181031,20180930,2530005000.0,274516000.0,20181031.0,1.0,1.0,3.0
600759.SH,20181031,20180930,981407477.82,419010337.69,20181031.0,1.0,1.0,3.0
601567.SH,20181031,20180930,66543690.0,237782873.89,20181031.0,1.0,1.0,3.0
601611.SH,20181031,20180930,-3019219838.78,1425630847.39,20181031.0,1.0,1.0,3.0
601908.SH,20181031,20180930,269227520.26,1358655762.46,20181031.0,1.0,1.0,3.0
600978.SH,20181031,20180930,657146931.29,129279897.85,20181031.0,1.0,1.0,3.0
000762.SZ,20181031,20180930,-47581736.87,19229254.6,20181031.0,1.0,1.0,3.0
000592.SZ,20181031,20180930,-569402547.67,111620669.35,20181031.0,1.0,1.0,3.0
600811.SH,20181031,20180930,247591521.32,233487878.38,20181031.0,1.0,1.0,3.0
603259.SH,20181031,20180930,917299030.5,1278961303.93,20181031.0,1.0,1.0,3.0
000537.SZ,20181031,20180930,3347031336.58,155056450.5,20181031.0,1.0,1.0,3.0
601138.SH,20181031,20180930,8857704000.0,3561665000.0,20181031.0,1.0,1.0,3.0
603927.SH,20181031,20180930,-677610639.49,13662816.48,20181031.0,1.0,1.0,3.0
601200.SH,20181031,20180930,612119652.79,1619959337.71,20181031.0,1.0,1.0,3.0
601001.SH,20181031,20180930,2565408909.39,1434691810.79,20181031.0,1.0,1.0,3.0
601058.SH,20181031,20180930,705068831.97,567888683.87,20181031.0,1.0,1.0,3.0
601019.SH,20181031,20180930,116077651.9,316152735.27,20181031.0,1.0,1.0,3.0
601012.SH,20181031,20180930,1061007894.67,3665469223.8,20181031.0,1.0,1.0,3.0
603986.SH,20181031,20180930,301290888.24,230807951.72,20181031.0,1.0,1.0,3.0
600996.SH,20181031,20180930,184955836.45,930898409.49,20181031.0,1.0,1.0,3.0
600967.SH,20181031,20180930,1630278150.51,59103292.77,20181031.0,1.0,1.0,3.0
601975.SH,20181031,20180930,629828465.83,25310222.49,20181031.0,1.0,1.0,3.0
600917.SH,20181031,20180930,691094623.37,340541036.89,20181031.0,1.0,1.0,3.0
600885.SH,20181031,20180930,271437046.42,497113227.23,20181031.0,1.0,1.0,3.0
001289.SZ,20181031,20180930,9909500288.99,5220476794.29,20181031.0,1.0,1.0,3.0
002503.SZ,20181031,20180930,-628491379.02,205089301.6,20181031.0,1.0,1.0,3.0
002004.SZ,20181031,20180930,772833872.1,497680026.75,20181031.0,1.0,1.0,3.0
600754.SH,20181031,20180930,2522970446.36,553316671.66,20181031.0,1.0,1.0,3.0
603766.SH,20181031,20180930,577116802.92,502219047.4,20181031.0,1.0,1.0,3.0
603555.SH,20181031,20180930,257780197.85,200625212.74,20181031.0,1.0,1.0,3.0
603658.SH,20181031,20180930,433802021.69,288041435.41,20181031.0,1.0,1.0,3.0
000158.SZ,20181031,20180930,-461914685.35,178491872.71,20181031.0,1.0,1.0,3.0
000758.SZ,20181031,20180930,3147447259.98,43192787.3,20181031.0,1.0,1.0,3.0
000669.SZ,20181031,20180930,628664670.0,532847779.34,20181031.0,1.0,1.0,3.0
000680.SZ,20181031,20180930,94913385.99,14779470.03,20181031.0,1.0,1.0,3.0
603369.SH,20181031,20180930,790580723.75,172786984.74,20181031.0,1.0,1.0,3.0
600000.SH,20181031,20180930,-362079000000.0,3373000000.0,,,,
603228.SH,20181031,20180930,565367582.39,418056698.9,20181031.0,1.0,1.0,3.0
600831.SH,20181031,20180930,164837622.85,559180077.77,20181031.0,1.0,1.0,3.0
000861.SZ,20181031,20180930,117719942.05,341964553.49,20181031.0,1.0,1.0,3.0
000932.SZ,20181031,20180930,8976926473.15,1768317885.98,20181031.0,1.0,1.0,3.0
600787.SH,20181031,20180930,-665034928.95,301115396.98,20181031.0,1.0,1.0,3.0
000938.SZ,20181031,20180930,1092208720.2,1355822536.47,20181031.0,1.0,1.0,3.0
603806.SH,20181031,20180930,-169592079.86,152867158.56,20181031.0,1.0,1.0,3.0
603920.SH,20181031,20180930,171423735.8,358889036.94,20181031.0,1.0,1.0,3.0
000543.SZ,20181031,20180930,1077979347.09,678969473.79,20181031.0,1.0,1.0,3.0
000777.SZ,20181031,20180930,-100575984.02,16608253.65,20181031.0,1.0,1.0,3.0
000429.SZ,20181031,20180930,1434266698.31,509914271.2,20181031.0,1.0,1.0,3.0
000511.SZ,20181031,20180930,169106912.64,8966376.0,20181031.0,1.0,1.0,3.0
000806.SZ,20181031,20180930,-346811525.76,10918847.49,20181031.0,1.0,1.0,3.0
000726.SZ,20181031,20180930,1123152616.75,806532720.12,20181031.0,1.0,1.0,3.0
000627.SZ,20181031,20180930,8779583796.27,93316379.63,20181031.0,1.0,1.0,3.0
000616.SZ,20181031,20180930,583692741.91,9583734.82,20181031.0,1.0,1.0,3.0
000564.SZ,20181031,20180930,1710180014.17,332301641.51,20181031.0,1.0,1.0,3.0
601198.SH,20181031,20180930,-3664575626.27,51277606.89,,,,
600718.SH,20181031,20180930,-1197812193.0,404163154.0,,,,
688122.SH,20181031,20180930,119460988.18,127312666.12,20181031.0,1.0,1.0,3.0
603596.SH,20181031,20180930,138787033.72,77671085.07,20181031.0,1.0,1.0,3.0
000539.SZ,20181031,20180930,5215310557.0,2184056309.0,,,,
603001.SH,20181031,20180930,-69701533.63,101731767.72,20181031.0,1.0,1.0,3.0
000301.SZ,20181031,20180930,80316689.69,1080527626.23,20181031.0,1.0,1.0,3.0
600393.SH,20181031,20180930,887445021.16,7821368.87,20181031,1,1,3
600175.SH,20181031,20180930,57466085.73,280232592.87,20181031,1,1,3
600179.SH,20181031,20180930,666389110.29,1322663634.75,20181031,1,1,3
600219.SH,20181031,20180930,692005050.7,929736947.86,20181031,1,1,3
600236.SH,20181031,20180930,5139277648.2,439102815.97,20181031,1,1,3
600240.SH,20181031,20180930,-62348014.02,69899155.17,20181031,1,1,3
600259.SH,20181031,20180930,-185452400.51,31981261.95,20181031,1,1,3
600289.SH,20181031,20180930,-177893216.17,15076899.84,20181031,1,1,3
600295.SH,20181031,20180930,6331429298.22,705200116.69,20181031,1,1,3
600312.SH,20181031,20180930,-597428822.36,58626449.96,20181031,1,1,3
600320.SH,20181031,20180930,123972718.0,2228216477.0,20181031,1,1,3
600329.SH,20181031,20180930,327732391.3,136429552.02,20181031,1,1,3
600363.SH,20181031,20180930,108918993.01,48632259.77,20181031,1,1,3
600416.SH,20181031,20180930,148271438.48,578351394.83,20181031,1,1,3
600151.SH,20181031,20180930,-483213394.77,879870796.92,20181031,1,1,3
600425.SH,20181031,20180930,242608594.16,57771164.75,20181031,1,1,3
600458.SH,20181031,20180930,-147081143.29,323753068.92,20181031,1,1,3
600500.SH,20181031,20180930,-69562323.44,2047841586.27,20181031,1,1,3
600515.SH,20181031,20180930,8436492236.19,441058486.66,20181031,1,1,3
600521.SH,20181031,20180930,-19930144.63,747830249.15,20181031,1,1,3
600562.SH,20181031,20180930,-217813637.65,11578774.64,20181031,1,1,3
600563.SH,20181031,20180930,389558110.46,81307553.76,20181031,1,1,3
600584.SH,20181031,20180930,1182684369.73,2968561313.64,20181031,1,1,3
600586.SH,20181031,20180930,600332599.58,338308276.96,20181031,1,1,3
600587.SH,20181031,20180930,173724561.54,325944866.04,20181031,1,1,3
600594.SH,20181031,20180930,-98416108.32,165237732.41,20181031,1,1,3
600612.SH,20181031,20180930,179581777.45,31209570.63,20181031,1,1,3
600158.SH,20181031,20180930,289160287.83,10083050.65,20181031,1,1,3
600132.SH,20181031,20180930,863227499.28,141413130.26,20181031,1,1,3
000876.SZ,20181031,20180930,2053074217.43,2573037496.67,,,,
600733.SH,20181031,20180930,-4274531676.44,545735548.87,20181031.0,1.0,1.0,3.0
000503.SZ,20181031,20180930,-13873066.08,26441506.28,,,,
600988.SH,20181031,20180930,286042024.47,119521771.27,20181031.0,1.0,1.0,3.0
000973.SZ,20181031,20180930,760898228.34,49882715.78,20181031.0,1.0,1.0,3.0
600745.SH,20181031,20180930,1868591048.27,132340288.81,20181031.0,1.0,1.0,3.0
600687.SH,20181031,20180930,-454616780.19,5400292.82,20181031.0,1.0,1.0,3.0
600685.SH,20181031,20180930,-2104689739.55,520421951.78,20181031.0,1.0,1.0,3.0
600707.SH,20181031,20180930,217068232.42,8730123330.82,20181031.0,1.0,1.0,3.0
600655.SH,20181031,20180930,1590361896.8,756624065.68,20181031.0,1.0,1.0,3.0
600751.SH,20181031,20180930,7715357000.0,604767000.0,20181031.0,1.0,1.0,3.0
600654.SH,20181031,20180930,291834180.62,29700538.32,20181031.0,1.0,1.0,3.0
600732.SH,20181031,20180930,18923007.95,1467936.05,20181031.0,1.0,1.0,3.0
600651.SH,20181031,20180930,-224277494.53,44289808.11,20181031.0,1.0,1.0,3.0
600640.SH,20181031,20180930,412151609.43,66834209.04,20181031.0,1.0,1.0,3.0
600131.SH,20181031,20180930,205104725.61,53378634.76,20181031,1,1,3
600635.SH,20181031,20180930,89777414.89,484348681.44,20181031.0,1.0,1.0,3.0
603160.SH,20181031,20180930,153905802.72,60514460.49,20181031.0,1.0,1.0,3.0
600628.SH,20181031,20180930,211177827.57,1759526.49,20181031.0,1.0,1.0,3.0
002938.SZ,20181031,20180930,2489627407.59,2398209408.94,20181031.0,1.0,1.0,3.0
002821.SZ,20181031,20180930,273080500.76,416742920.92,20181031.0,1.0,1.0,3.0
002607.SZ,20181031,20180930,-244782158.25,89954556.41,20181031.0,1.0,1.0,3.0
002506.SZ,20181031,20180930,2558235902.94,248281177.76,20181031.0,1.0,1.0,3.0
600823.SH,20181031,20180930,-2788232919.92,415460629.95,20181031.0,1.0,1.0,3.0
600879.SH,20181031,20180930,-1605505411.78,442866892.34,20181031.0,1.0,1.0,3.0
603198.SH,20181031,20180930,184896055.38,252248800.51,20181031.0,1.0,1.0,3.0
600881.SH,20181031,20180930,656091068.22,319912431.24,20181031.0,1.0,1.0,3.0
001872.SZ,20181031,20180930,568714502.5,133985309.58,20181031.0,1.0,1.0,3.0
000553.SZ,20181031,20180930,1454557000.0,2966066000.0,20181031.0,1.0,1.0,3.0
601966.SH,20181031,20180930,1708385774.0,1068996298.0,20181031.0,1.0,1.0,3.0
002194.SZ,20181031,20180930,18515455.11,60299633.31,20181031.0,1.0,1.0,3.0
601398.SH,20181031,20180930,882902000000.0,35048000000.0,,,,
000155.SZ,20181031,20180930,212889989.42,503670424.66,20181031.0,1.0,1.0,3.0
000156.SZ,20181031,20180930,707653952.82,714237596.0,,,,
601231.SH,20181031,20180930,-70822565.22,372735183.12,,,,
000729.SZ,20181031,20180930,1869162109.54,468022395.38,,,,
601800.SH,20181031,20180930,-30425193331.0,26381065689.0,,,,
000425.SZ,20181031,20180930,1920745102.23,761776258.12,,,,
000415.SZ,20181031,20180930,15895120000.0,12828497000.0,,,,
600875.SH,20181031,20180930,3042463054.41,121987161.67,,,,
000402.SZ,20181031,20180930,-10290446410.34,60283738.67,,,,
000800.SZ,20181031,20180930,441659541.61,420240857.51,,,,
601258.SH,20181031,20180930,-10451232661.0,609952471.0,,,,
000418.SZ,20181031,20180930,285503757.43,243267106.03,20181031.0,1.0,1.0,3.0
600157.SH,20181031,20180930,3916884147.23,2281789442.32,,,,
600027.SH,20181031,20180930,13569861000.0,11456455000.0,,,,
600008.SH,20181031,20180930,1620507208.29,5480786790.74,,,,
600783.SH,20181031,20180930,-96133995.83,3769450.52,,,,
601021.SH,20181031,20180930,2543556962.0,2144417465.0,,,,
601808.SH,20181031,20180930,-758180209.0,1406786488.0,,,,
000403.SZ,20181031,20180930,56673138.16,22974816.96,20181031.0,1.0,1.0,3.0
601111.SH,20181031,20180930,24614813000.0,10020140000.0,,,,
000027.SZ,20181031,20180930,4442928014.31,4836424861.14,,,,
601766.SH,20181031,20180930,-731088000.0,4977251000.0,,,,
000066.SZ,20181031,20180930,-447471876.57,574963780.33,20181031.0,1.0,1.0,3.0
601179.SH,20181031,20180930,-2674038878.95,469202945.42,,,,
000333.SZ,20181031,20180930,19589580000.0,3659281000.0,,,,
600900.SH,20181031,20180930,28090292854.7,2214582692.57,,,,
601668.SH,20181031,20180930,-64957000000.0,6769358000.0,,,,
600068.SH,20181031,20180930,-3293024256.72,6142093508.55,,,,
600018.SH,20181031,20180930,4337156470.26,917881999.93,,,,
600642.SH,20181031,20180930,2797461203.38,3207424746.16,,,,
600578.SH,20181031,20180930,1974427733.07,4098094946.94,,,,
601006.SH,20181031,20180930,10735925261.0,2265529294.0,,,,
000338.SZ,20181031,20180930,6491451894.12,2468949254.91,,,,
601377.SH,20181031,20180930,10183047627.15,159957688.34,,,,
000895.SZ,20181031,20180930,3630523520.5,398157364.83,,,,
002018.SZ,20181031,20180930,-60192711.89,298557.41,20181031.0,1.0,1.0,3.0
601390.SH,20181031,20180930,-32679917000.0,8785499000.0,,,,
600352.SH,20181031,20180930,81470267.79,652969268.19,,,,
000157.SZ,20181031,20180930,3053728292.08,382268010.66,,,,
600177.SH,20181031,20180930,2742343271.28,487800887.94,,,,
000917.SZ,20181031,20180930,463612084.06,425923960.67,,,,
600958.SH,20181031,20180930,7782866397.9,230707495.66,,,,
002212.SZ,20181031,20180930,-99560263.76,121519415.26,20181031.0,1.0,1.0,3.0
000021.SZ,20181031,20180930,629184062.16,532652655.72,20181031.0,1.0,1.0,3.0
600739.SH,20181031,20180930,130044026.19,311287798.76,,,,
600221.SH,20181031,20180930,3839117000.0,1777189000.0,,,,
601016.SH,20181031,20180930,965115515.86,1013627673.79,,,,
600170.SH,20181031,20180930,-11686434606.22,1264228505.77,,,,
601888.SH,20181031,20180930,3400688555.13,430875504.57,,,,
601866.SH,20181031,20180930,3933943036.85,15584060171.33,,,,
000046.SZ,20181031,20180930,6528623431.26,236882651.7,,,,
600583.SH,20181031,20180930,-1619330397.08,764810136.57,,,,
600703.SH,20181031,20180930,2955101214.17,4435570308.94,,,,
000825.SZ,20181031,20180930,6467800962.14,464543681.21,,,,
600166.SH,20181031,20180930,-4216328138.27,535300397.74,,,,
601857.SH,20181031,20180930,256937000000.0,156036000000.0,,,,
000630.SZ,20181031,20180930,4107301399.78,1571071680.52,,,,
600887.SH,20181031,20180930,7775597727.16,3234988868.31,,,,
600271.SH,20181031,20180930,-909052796.86,317474902.18,,,,
000792.SZ,20181031,20180930,5118506481.43,423864847.47,,,,
601211.SH,20181031,20180930,42735604946.0,391491571.0,,,,
002024.SZ,20181031,20180930,-13822028000.0,4533363000.0,,,,
601901.SH,20181031,20180930,-7294235271.16,117238216.73,,,,
000728.SZ,20181031,20180930,-1860646671.33,58101264.19,,,,
600010.SH,20181031,20180930,4924711342.85,1836114484.66,,,,
600153.SH,20181031,20180930,-13164119623.39,372439211.22,,,,
601009.SH,20181031,20180930,17862010000.0,1814616000.0,,,,
000651.SZ,20181031,20180930,15073756134.98,2593147650.74,,,,
601169.SH,20181031,20180930,-3244000000.0,4540000000.0,,,,
601117.SH,20181031,20180930,1519436280.26,437750894.8,,,,
600030.SH,20181031,20180930,44631667260.73,273961634.47,,,,
000426.SZ,20181031,20180930,977281179.05,477659969.62,20181031.0,1.0,1.0,3.0
600150.SH,20181031,20180930,617712373.95,170070706.81,,,,
600029.SH,20181031,20180930,16457000000.0,13637000000.0,,,,
600663.SH,20181031,20180930,3221732107.12,2224919691.37,,,,
000893.SZ,20181031,20180930,22043467.41,59062321.21,20181031.0,1.0,1.0,3.0
000839.SZ,20181031,20180930,-438082561.11,886233541.76,20181031.0,1.0,1.0,3.0
000830.SZ,20181031,20180930,3543801534.68,2259907472.97,20181031.0,1.0,1.0,3.0
000829.SZ,20181031,20180930,789557898.52,1004733756.11,20181031.0,1.0,1.0,3.0
002176.SZ,20181031,20180930,-492926962.89,232241427.59,20181031.0,1.0,1.0,3.0
002181.SZ,20181031,20180930,-21686205.61,31763469.69,20181031.0,1.0,1.0,3.0
000807.SZ,20181031,20180930,2389333206.74,2886450399.82,20181031.0,1.0,1.0,3.0
002459.SZ,20181031,20180930,-26776487.85,581008.14,20181031.0,1.0,1.0,3.0
002434.SZ,20181031,20180930,431493107.18,254323760.12,20181031.0,1.0,1.0,3.0
002382.SZ,20181031,20180930,512507957.4,346176834.58,20181031.0,1.0,1.0,3.0
002326.SZ,20181031,20180930,278158457.04,282343041.01,20181031.0,1.0,1.0,3.0
002310.SZ,20181031,20180930,42726528.37,771468540.88,20181031.0,1.0,1.0,3.0
600016.SH,20181031,20180930,-338355000000.0,3580000000.0,,,,
600893.SH,20181031,20180930,-3117907071.38,1200573334.01,,,,
002308.SZ,20181031,20180930,-16135045.53,34742463.69,20181031.0,1.0,1.0,3.0
600690.SH,20181031,20180930,11049179807.06,4448216757.39,,,,
601818.SH,20181031,20180930,103410000000.0,3270000000.0,,,,
600886.SH,20181031,20180930,14375013667.98,7239926593.24,,,,
000413.SZ,20181031,20180930,-515426729.96,2899735048.66,,,,
601088.SH,20181031,20180930,67822000000.0,12542000000.0,,,,
600122.SH,20181031,20180930,-4329028429.81,15648759.04,20181031.0,1.0,1.0,3.0
600827.SH,20181031,20180930,1774428217.17,976977005.48,,,,
601688.SH,20181031,20180930,26304596957.9,610236485.98,,,,
600108.SH,20181031,20180930,-48109816.58,48004213.6,20181031.0,1.0,1.0,3.0
600028.SH,20181031,20180930,137919000000.0,54464000000.0,,,,
601288.SH,20181031,20180930,112387000000.0,7428000000.0,,,,
600004.SH,20181031,20180930,2578877273.71,1338934866.63,20181031.0,1.0,1.0,3.0
600026.SH,20181031,20180930,1067268328.8,2978265395.44,20181031.0,1.0,1.0,3.0
600039.SH,20181031,20180930,-245993499.85,1995856725.99,20181031.0,1.0,1.0,3.0
600074.SH,20181031,20180930,-51032020.22,4279697.06,20181031.0,1.0,1.0,3.0
600086.SH,20181031,20180930,-140165824.33,549180.0,20181031.0,1.0,1.0,3.0
000712.SZ,20181031,20180930,1267397044.08,81092106.76,,,,
600098.SH,20181031,20180930,1320698607.99,481556448.34,20181031.0,1.0,1.0,3.0
600485.SH,20181031,20180930,-72951429.58,3016135.9,,,,
600036.SH,20181031,20180930,-174705000000.0,11069000000.0,,,,
600060.SH,20181031,20180930,394990766.16,269839345.87,,,,
601933.SH,20181031,20180930,2391849420.69,2260259945.11,,,,
601919.SH,20181031,20180930,4474089680.33,14239529279.54,,,,
601727.SH,20181031,20180930,-14269334000.0,1463536000.0,,,,
601669.SH,20181031,20180930,-8005224302.48,35521134710.59,,,,
601186.SH,20181031,20180930,-47638249000.0,20066076000.0,,,,
600015.SH,20181031,20180930,-107750000000.0,1393000000.0,,,,
600369.SH,20181031,20180930,2438191135.29,80237479.61,,,,
601788.SH,20181030,20180930,-5083719250.07,105934650.74,,,,
601618.SH,20181030,20180930,-7305722000.0,3073422000.0,,,,
000878.SZ,20181030,20180930,1372546662.05,2601540295.55,20181030.0,1.0,1.0,3.0
600208.SH,20181030,20180930,-5436984239.64,24768988.57,,,,
002078.SZ,20181030,20180930,3274731035.62,2435052422.05,20181030.0,1.0,1.0,3.0
000060.SZ,20181030,20180930,1314048479.81,952017267.85,,,,
600737.SH,20181030,20180930,3674059674.85,219779326.5,20181030.0,1.0,1.0,3.0
000768.SZ,20181030,20180930,-2916177685.46,526064658.42,,,,
603605.SH,20181030,20180930,186372616.78,154735263.31,20181030.0,1.0,1.0,3.0
002345.SZ,20181030,20180930,294141593.73,187211128.52,20181030.0,1.0,1.0,3.0
000030.SZ,20181030,20180930,155402665.5,419958371.2,20181030.0,1.0,1.0,3.0
000552.SZ,20181030,20180930,333922098.85,28821744.95,20181030.0,1.0,1.0,3.0
600141.SH,20181030,20180930,1018926370.61,1014617140.42,20181030,1,1,3
000919.SZ,20181030,20180930,336547899.9,107780680.41,20181030.0,1.0,1.0,3.0
002180.SZ,20181030,20180930,1059746779.19,396509569.44,20181030.0,1.0,1.0,3.0
002709.SZ,20181030,20180930,-277334288.45,679910098.77,20181030.0,1.0,1.0,3.0
603556.SH,20181030,20180930,355962732.59,106366179.55,20181030.0,1.0,1.0,3.0
601139.SH,20181030,20180930,1507241288.47,725576898.13,20181030.0,1.0,1.0,3.0
603127.SH,20181030,20180930,121738047.54,79643282.52,20181030.0,1.0,1.0,3.0
600804.SH,20181030,20180930,1315272386.24,2508276621.52,,,,
601238.SH,20181030,20180930,-5218387988.0,6436044838.0,,,,
601118.SH,20181030,20180930,207271988.5,364442946.75,,,,
000761.SZ,20181030,20180930,6933467399.98,1261912086.54,20181030.0,1.0,1.0,3.0
000983.SZ,20181030,20180930,5099069280.26,1159284381.53,,,,
600332.SH,20181030,20180930,3355716032.96,222065799.48,,,,
000900.SZ,20181030,20180930,813785681.83,969034568.58,20181030.0,1.0,1.0,3.0
000887.SZ,20181030,20180930,555541159.83,706154796.78,20181030.0,1.0,1.0,3.0
600489.SH,20181030,20180930,1574013263.83,891480392.2,,,,
002373.SZ,20181030,20180930,-343375195.31,143727640.76,20181030.0,1.0,1.0,3.0
000090.SZ,20181030,20180930,-718103606.2,87818075.5,20181030.0,1.0,1.0,3.0
000587.SZ,20181030,20180930,-2447114455.35,3900355.88,20181030.0,1.0,1.0,3.0
002161.SZ,20181030,20180930,-100278072.55,58153763.06,20181030.0,1.0,1.0,3.0
002399.SZ,20181030,20180930,494255748.01,336368133.17,,,,
600757.SH,20181030,20180930,-293363159.42,42755528.4,20181030.0,1.0,1.0,3.0
600547.SH,20181030,20180930,1818281361.52,2121955594.4,,,,
000931.SZ,20181030,20180930,182144245.19,107300783.0,20181030.0,1.0,1.0,3.0
600673.SH,20181030,20180930,1625646878.39,1064051524.38,20181030.0,1.0,1.0,3.0
601515.SH,20181030,20180930,265163303.89,101248991.61,20181030.0,1.0,1.0,3.0
600667.SH,20181030,20180930,351930440.55,638793168.0,20181030.0,1.0,1.0,3.0
600664.SH,20181030,20180930,153760407.12,40163408.47,20181030.0,1.0,1.0,3.0
002791.SZ,20181030,20180930,-496180347.89,88519665.94,20181030.0,1.0,1.0,3.0
002818.SZ,20181030,20180930,773131287.18,607300536.52,20181030.0,1.0,1.0,3.0
600682.SH,20181030,20180930,261935379.01,308538563.33,20181030.0,1.0,1.0,3.0
603025.SH,20181030,20180930,236754675.86,6994841.08,20181030.0,1.0,1.0,3.0
002850.SZ,20181030,20180930,108459917.98,399556863.78,20181030.0,1.0,1.0,3.0
002837.SZ,20181030,20180930,-292889823.49,22831225.57,20181030.0,1.0,1.0,3.0
600645.SH,20181030,20180930,52741574.36,76413432.51,20181030.0,1.0,1.0,3.0
601929.SH,20181030,20180930,112027857.71,1173402079.11,20181030.0,1.0,1.0,3.0
603305.SH,20181030,20180930,274125806.11,336310283.15,20181030.0,1.0,1.0,3.0
601886.SH,20181030,20180930,-753673373.03,143202079.28,20181030.0,1.0,1.0,3.0
601868.SH,20181030,20180930,-7720931624.2,8390421350.17,20181030.0,1.0,1.0,3.0
002851.SZ,20181030,20180930,-90070515.47,41271531.25,20181030.0,1.0,1.0,3.0
603179.SH,20181030,20180930,447259666.95,256307969.55,20181030.0,1.0,1.0,3.0
300296.SZ,20181030,20180930,198099152.67,172384356.46,20181030.0,1.0,1.0,3.0
601126.SH,20181030,20180930,32077586.14,28111385.19,20181030.0,1.0,1.0,3.0
600362.SH,20181030,20180930,4207916624.0,1504624605.0,,,,
000778.SZ,20181030,20180930,4049942480.02,2521450793.21,,,,
002038.SZ,20181030,20180930,377896165.5,133858423.9,,,,
601991.SH,20181030,20180930,17026519000.0,9913299000.0,,,,
002509.SZ,20181030,20180930,-356497843.83,34539145.12,20181030.0,1.0,1.0,3.0
600803.SH,20181030,20180930,440711075.58,1160226026.77,20181030.0,1.0,1.0,3.0
300100.SZ,20181030,20180930,566007328.55,360747367.34,20181030.0,1.0,1.0,3.0
300134.SZ,20181030,20180930,-22991676.7,254670349.38,20181030.0,1.0,1.0,3.0
603338.SH,20181030,20180930,442028125.43,156773440.24,20181030.0,1.0,1.0,3.0
603345.SH,20181030,20180930,35446545.54,343259087.63,20181030.0,1.0,1.0,3.0
300085.SZ,20181030,20180930,-125701684.43,9837657.1,20181030.0,1.0,1.0,3.0
300032.SZ,20181030,20180930,98725841.97,171619853.32,20181030.0,1.0,1.0,3.0
603517.SH,20181030,20180930,516227149.33,250707974.0,20181030.0,1.0,1.0,3.0
300026.SZ,20181030,20180930,367111979.25,196642163.92,20181030.0,1.0,1.0,3.0
601127.SH,20181030,20180930,569819988.04,1878859378.57,20181030.0,1.0,1.0,3.0
601326.SH,20181030,20180930,2527253196.11,361747478.31,20181030.0,1.0,1.0,3.0
600031.SH,20181030,20180930,8731894000.0,879974000.0,,,,
600482.SH,20181030,20180930,-2001709243.93,939655847.28,20181030,1,1,3
600380.SH,20181030,20180930,993368493.92,506749409.13,20181030,1,1,3
600409.SH,20181030,20180930,1270390249.12,332915937.57,20181030,1,1,3
600418.SH,20181030,20180930,-4144648951.04,353693350.81,20181030,1,1,3
600460.SH,20181030,20180930,148326951.28,873154387.85,20181030,1,1,3
600466.SH,20181030,20180930,-3853656109.02,60314912.25,20181030,1,1,3
600468.SH,20181030,20180930,-79034837.26,25233071.75,20181030,1,1,3
600487.SH,20181030,20180930,351122781.07,2456565383.4,20181030,1,1,3
600557.SH,20181030,20180930,432727614.41,196875639.07,20181030,1,1,3
600499.SH,20181030,20180930,-271700022.47,347741266.49,20181030,1,1,3
600522.SH,20181030,20180930,-585127442.16,1892227811.74,20181030,1,1,3
600525.SH,20181030,20180930,33233057.96,401436941.83,20181030,1,1,3
600529.SH,20181030,20180930,313324394.8,195146631.43,20181030,1,1,3
600537.SH,20181030,20180930,206551884.92,162449067.56,20181030,1,1,3
600546.SH,20181030,20180930,1208903133.33,215484112.38,20181030,1,1,3
600348.SH,20181030,20180930,1195384507.9,1217240510.82,20181030,1,1,3
600339.SH,20181030,20180930,4654123539.62,263420551.77,20181030,1,1,3
600335.SH,20181030,20180930,553423099.25,441918246.63,20181030,1,1,3
600307.SH,20181030,20180930,2996596833.53,445506942.29,20181030,1,1,3
600300.SH,20181030,20180930,-264527318.92,183893651.23,20181030,1,1,3
600297.SH,20181030,20180930,-10004420248.77,1356389411.06,20181030,1,1,3
600292.SH,20181030,20180930,-27306746.37,36183521.83,20181030,1,1,3
600291.SH,20181030,20180930,-104479191791.36,167129658.36,20181030,3,1,3
600284.SH,20181030,20180930,-97778522.51,50930379.89,20181030,1,1,3
600282.SH,20181030,20180930,4347749207.54,807194676.56,20181030,1,1,3
600267.SH,20181030,20180930,961728533.85,955301661.07,20181030,1,1,3
600258.SH,20181030,20180930,1426090029.11,508581917.74,20181030,1,1,3
600200.SH,20181030,20180930,175002271.26,75124014.99,20181030,1,1,3
600195.SH,20181030,20180930,-171984218.74,102124115.94,20181030,1,1,3
600183.SH,20181030,20180930,764624768.33,850002977.63,20181030,1,1,3
600180.SH,20181030,20180930,3058860354.56,21953749.29,20181030,1,1,3
600167.SH,20181030,20180930,-597854299.97,279131655.0,20181030,1,1,3
600551.SH,20181030,20180930,-353445525.78,44766530.23,20181030,1,1,3
600580.SH,20181030,20180930,622223869.39,540561539.09,20181030,1,1,3
600995.SH,20181030,20180930,439067680.22,77765723.23,20181030.0,1.0,1.0,3.0
600985.SH,20181030,20180930,5216941936.98,481955420.27,20181030.0,1.0,1.0,3.0
002124.SZ,20181030,20180930,99339555.06,1332987748.72,20181030.0,1.0,1.0,3.0
002312.SZ,20181030,20180930,-118087926.95,5059796.85,20181030.0,1.0,1.0,3.0
603939.SH,20181030,20180930,322006354.79,168947484.26,20181030.0,1.0,1.0,3.0
600694.SH,20181030,20180930,-24033401.01,98787456.71,20181030.0,1.0,1.0,3.0
002505.SZ,20181030,20180930,201005786.1,425807854.9,20181030.0,1.0,1.0,3.0
002701.SZ,20181030,20180930,1482613020.0,251226390.0,20181030.0,1.0,1.0,3.0
601010.SH,20181030,20180930,345785841.87,311495032.55,20181030.0,1.0,1.0,3.0
600582.SH,20181030,20180930,335490148.17,277737366.03,20181030,1,1,3
601005.SH,20181030,20180930,439134000.0,2664000.0,20181030.0,1.0,1.0,3.0
601002.SH,20181030,20180930,-8056370.02,91358846.52,20181030.0,1.0,1.0,3.0
002698.SZ,20181030,20180930,162904542.2,17626466.4,20181030.0,1.0,1.0,3.0
601100.SH,20181030,20180930,371417933.58,240533543.13,20181030.0,1.0,1.0,3.0
601000.SH,20181030,20180930,1381565778.01,1008661087.8,20181030.0,1.0,1.0,3.0
300009.SZ,20181030,20180930,164264675.03,137971523.37,20181030.0,1.0,1.0,3.0
002027.SZ,20181030,20180930,1560799821.5,1160642044.58,20181030.0,1.0,1.0,3.0
000686.SZ,20181030,20180930,1064681202.2,56715239.57,,,,
000540.SZ,20181030,20180930,-5127218524.4,90824646.52,,,,
600981.SH,20181030,20180930,-585996024.23,64317805.95,20181030.0,1.0,1.0,3.0
600704.SH,20181030,20180930,-645142761.91,1323703602.89,20181030.0,1.0,1.0,3.0
000933.SZ,20181030,20180930,552349876.64,510076586.26,20181030.0,1.0,1.0,3.0
000061.SZ,20181030,20180930,961323498.91,411859764.84,,,,
002325.SZ,20181030,20180930,150715335.53,36316171.76,20181030.0,1.0,1.0,3.0
603589.SH,20181030,20180930,398148692.8,244581728.25,20181030.0,1.0,1.0,3.0
601226.SH,20181030,20180930,-245839697.99,9007338.15,20181030.0,1.0,1.0,3.0
601212.SH,20181030,20180930,1307561356.26,716235842.66,20181030.0,1.0,1.0,3.0
002745.SZ,20181030,20180930,553397072.15,1405532039.89,20181030.0,1.0,1.0,3.0
600617.SH,20181030,20180930,450590224.18,1523280742.57,20181030,1,1,3
600598.SH,20181030,20180930,1796332737.59,86015158.18,20181030,1,1,3
600597.SH,20181030,20180930,725560372.0,945638636.0,20181030,1,1,3
600596.SH,20181030,20180930,678758882.11,296928346.03,20181030,1,1,3
601858.SH,20181030,20180930,-1465830414.24,5967559.66,20181030.0,1.0,1.0,3.0
603233.SH,20181030,20180930,497258796.64,458902309.56,20181030.0,1.0,1.0,3.0
002739.SZ,20181030,20180930,1430320417.25,1528662508.81,,,,
601828.SH,20181030,20180930,3191455675.77,2799978133.91,20181030.0,1.0,1.0,3.0
601318.SH,20181030,20180930,177595000000.0,5074000000.0,,,,
300133.SZ,20181030,20180930,-571560872.2,5950277.44,,,,
600959.SH,20181030,20180930,1298017523.23,1504830355.63,,,,
600019.SH,20181030,20180930,36751977541.37,8649613414.46,,,,
300017.SZ,20181030,20180930,274272866.56,916673879.45,,,,
600317.SH,20181030,20180930,1202733240.58,31320714.35,,,,
000100.SZ,20181030,20180930,7556432868.0,24385750710.0,,,,
000969.SZ,20181030,20180930,-95343902.8,83795978.57,20181030.0,1.0,1.0,3.0
000408.SZ,20181030,20180930,226473945.5,265614119.38,20181030.0,1.0,1.0,3.0
600837.SH,20181030,20180930,-2859636319.94,1056183551.92,,,,
300002.SZ,20181030,20180930,-20267348.04,99418895.12,,,,
601988.SH,20181030,20180930,571055000000.0,24390000000.0,,,,
000690.SZ,20181030,20180930,873808531.39,1962220665.74,20181030.0,1.0,1.0,3.0
603613.SH,20181030,20180930,-178306228.03,5096194.01,20181030.0,1.0,1.0,3.0
603699.SH,20181030,20180930,102783301.92,96934044.56,20181030.0,1.0,1.0,3.0
603708.SH,20181030,20180930,688286277.89,540312103.08,20181030.0,1.0,1.0,3.0
603799.SH,20181030,20180930,462278985.83,586223845.47,20181030.0,1.0,1.0,3.0
603816.SH,20181030,20180930,471861115.24,506028155.61,20181030.0,1.0,1.0,3.0
603888.SH,20181030,20180930,-16120070.39,74510056.28,20181030.0,1.0,1.0,3.0
002142.SZ,20181030,20180930,-66369868000.0,2058403000.0,,,,
000598.SZ,20181030,20180930,1387525995.16,1607761282.39,,,,
600863.SH,20181030,20180930,2424670417.63,796883951.61,,,,
002470.SZ,20181030,20180930,205844434.17,398325301.66,,,,
300570.SZ,20181030,20180930,72373846.64,47052005.36,20181030.0,1.0,1.0,3.0
300496.SZ,20181030,20180930,67035138.32,9614434.3,20181030.0,1.0,1.0,3.0
300474.SZ,20181030,20180930,-11338498.93,29147700.47,20181030.0,1.0,1.0,3.0
300459.SZ,20181030,20180930,634518570.37,327988387.51,20181030.0,1.0,1.0,3.0
300458.SZ,20181030,20180930,15875343.68,14901743.74,20181030.0,1.0,1.0,3.0
300438.SZ,20181030,20180930,-190411530.67,280029922.99,20181030.0,1.0,1.0,3.0
300432.SZ,20181030,20180930,-18024829.63,106155258.44,20181030.0,1.0,1.0,3.0
300408.SZ,20181030,20180930,895455223.39,524251175.64,20181030.0,1.0,1.0,3.0
300373.SZ,20181030,20180930,135027926.49,299297056.04,20181030.0,1.0,1.0,3.0
300324.SZ,20181030,20180930,-526420859.8,65356405.0,20200425.0,1.0,1.0,3.0
300308.SZ,20181030,20180930,309580487.91,467738600.39,20181030.0,1.0,1.0,3.0
600398.SH,20181030,20180930,136331666.69,398761557.35,,,,
601106.SH,20181030,20180930,-371941122.71,289052661.05,,,,
601099.SH,20181030,20180930,3911334184.31,27530330.54,,,,
600009.SH,20181030,20180930,3204441873.71,2417211055.12,,,,
000725.SZ,20181030,20180930,18297602412.0,37753522657.0,,,,
002673.SZ,20181030,20180930,1833908969.92,42776520.28,,,,
002594.SZ,20181030,20180930,6650351000.0,12531418000.0,,,,
000783.SZ,20181030,20180930,10974461796.7,109654937.0,,,,
300760.SZ,20181030,20180930,2451550112.0,443275887.0,20181030.0,1.0,1.0,3.0
000528.SZ,20181030,20180930,-522688942.98,154792609.03,20181030.0,1.0,1.0,3.0
600085.SH,20181030,20180930,1513223968.44,419837929.62,,,,
600100.SH,20181030,20180930,-3614981108.75,606972044.6,,,,
600109.SH,20181030,20180930,3409908223.02,36266777.5,,,,
600196.SH,20181030,20180930,2087826458.74,2399855434.16,,,,
600705.SH,20181030,20180930,-46058472033.39,70546522.74,,,,
000536.SZ,20181030,20180930,-259034881.74,2024382253.42,20181030.0,1.0,1.0,3.0
002439.SZ,20181030,20180930,-230455291.09,88719453.8,20181030.0,1.0,1.0,3.0
600535.SH,20181030,20180930,1158959808.55,378800738.05,,,,
000988.SZ,20181030,20180930,-133694334.77,177299945.22,20181030.0,1.0,1.0,3.0
600383.SH,20181030,20180930,-9368054245.19,424872104.6,,,,
000998.SZ,20181030,20180930,-243939988.9,339160791.89,20181030.0,1.0,1.0,3.0
600089.SH,20181030,20180930,-220308620.52,3203378295.71,,,,
600839.SH,20181030,20180930,1123983569.02,914668477.27,,,,
000581.SZ,20181030,20180930,506069810.46,455493121.66,,,,
300104.SZ,20181030,20180930,-958967739.08,190164523.76,,,,
600795.SH,20181030,20180930,13964271031.11,8649029629.29,,,,
300601.SZ,20181030,20180930,158778700.82,260166357.39,20181030.0,1.0,1.0,3.0
601018.SH,20181030,20180930,7795055000.0,1708257000.0,,,,
002429.SZ,20181030,20180930,249301247.43,1022658538.62,20181030.0,1.0,1.0,3.0
002411.SZ,20181030,20180930,283611956.13,1562902054.95,20181030.0,1.0,1.0,3.0
600649.SH,20181030,20180930,-619540237.17,318706.95,,,,
002736.SZ,20181030,20180930,-2056669329.44,210218594.44,,,,
002130.SZ,20181030,20180930,78131943.67,165920625.3,20181030.0,1.0,1.0,3.0
000869.SZ,20181030,20180930,776840794.0,194381509.0,20181030.0,1.0,1.0,3.0
000766.SZ,20181030,20180930,257609017.05,48204749.41,20181030.0,1.0,1.0,3.0
603288.SH,20181030,20180930,2799711275.94,107842647.13,,,,
000625.SZ,20181030,20180930,923849319.05,4609034832.18,,,,
000012.SZ,20181030,20180930,1410826022.0,462402032.0,20181030.0,1.0,1.0,3.0
000078.SZ,20181030,20180930,-395563481.96,135783571.45,20181030.0,1.0,1.0,3.0
601801.SH,20181030,20180930,-106267423.42,242060507.37,20181030.0,1.0,1.0,3.0
002249.SZ,20181030,20180930,418961310.55,288035687.43,20181030.0,1.0,1.0,3.0
600633.SH,20181030,20180930,213767557.48,508559396.95,,,,
300315.SZ,20181030,20180930,740857528.76,69595544.85,,,,
002266.SZ,20181030,20180930,-184760258.79,481155030.54,20181030.0,1.0,1.0,3.0
000025.SZ,20181030,20180930,-25979677.74,22607470.16,20181030.0,1.0,1.0,3.0
000049.SZ,20181030,20180930,328592119.67,132301074.11,20181030.0,1.0,1.0,3.0
002280.SZ,20181030,20180930,-381874118.76,97062690.88,20181030.0,1.0,1.0,3.0
002191.SZ,20181030,20180930,602718625.07,251309356.01,20181030.0,1.0,1.0,3.0
600406.SH,20181030,20180930,-1415370682.66,906816167.96,,,,
000423.SZ,20181030,20180930,-1174451535.33,217674272.6,,,,
300748.SZ,20181030,20180930,63729653.42,73557862.4,20181030.0,1.0,1.0,3.0
600006.SH,20181030,20180930,-763337640.69,63570965.37,20181030.0,1.0,1.0,3.0
002555.SZ,20181030,20180930,1388562844.14,230310887.97,20181030.0,1.0,1.0,3.0
600884.SH,20181030,20180930,-337594153.36,1334987818.0,20181030.0,1.0,1.0,3.0
002551.SZ,20181030,20180930,-132898721.68,112750830.83,20181030.0,1.0,1.0,3.0
300147.SZ,20181030,20180930,-261507905.95,290698764.43,20181030.0,1.0,1.0,3.0
300156.SZ,20181030,20180930,-384382273.43,3841516.83,20181030.0,1.0,1.0,3.0
300166.SZ,20181030,20180930,-292644300.23,302496106.6,20181030.0,1.0,1.0,3.0
300168.SZ,20181030,20180930,-542320943.79,314107351.56,20181030.0,1.0,1.0,3.0
300180.SZ,20181030,20180930,-148703517.67,505886730.63,20181030.0,1.0,1.0,3.0
300197.SZ,20181030,20180930,223362869.26,37269051.78,20181030.0,1.0,1.0,3.0
300253.SZ,20181030,20180930,-222198397.82,133850340.41,20181030.0,1.0,1.0,3.0
000898.SZ,20181030,20180930,7740000000.0,1709000000.0,,,,
603225.SH,20181030,20180930,873161524.87,2752548563.67,20181030.0,1.0,1.0,3.0
601369.SH,20181030,20180930,481516738.62,90256835.01,20181030.0,1.0,1.0,3.0
002635.SZ,20181030,20180930,245921291.2,265199891.11,20181030.0,1.0,1.0,3.0
002663.SZ,20181030,20180930,-190159686.85,20088867.48,20181030.0,1.0,1.0,3.0
601228.SH,20181030,20180930,1329626067.93,742934600.69,20181030.0,1.0,1.0,3.0
600939.SH,20181030,20180930,406534804.39,92369218.33,20181030.0,1.0,1.0,3.0
300267.SZ,20181030,20180930,28795868.91,74515139.68,20181030.0,1.0,1.0,3.0
600315.SH,20181030,20180930,717437484.29,282293549.41,,,,
600755.SH,20181030,20180930,-1721482150.83,479932012.92,20181030.0,1.0,1.0,3.0
002583.SZ,20181030,20180930,-506475029.18,1594613065.88,20181030.0,1.0,1.0,3.0
002603.SZ,20181030,20180930,184587701.55,107591033.23,20181030.0,1.0,1.0,3.0
600764.SH,20181030,20180930,-119497730.16,2604638.41,20181030.0,1.0,1.0,3.0
601728.SH,20181030,20180930,84076787652.41,52075690379.62,20181030.0,1.0,1.0,3.0
601880.SH,20181030,20180930,1345038436.53,279689426.16,20181030.0,1.0,1.0,3.0
300113.SZ,20181030,20180930,423349548.55,13186891.22,20181030.0,1.0,1.0,3.0
000600.SZ,20181030,20180930,1441708523.57,1100096324.72,20181030.0,1.0,1.0,3.0
300273.SZ,20181030,20180930,-763935583.01,38190201.83,20181030.0,1.0,1.0,3.0
002558.SZ,20181030,20180930,-534664000.38,80310307.85,20181030.0,1.0,1.0,3.0
600872.SH,20181030,20180930,617021213.6,247221430.93,20181030.0,1.0,1.0,3.0
600871.SH,20181030,20180930,-3043798000.0,402645000.0,20181030.0,1.0,1.0,3.0
600850.SH,20181030,20180930,-721366858.64,18091039.55,20181030.0,1.0,1.0,3.0
600835.SH,20181030,20180930,-220844288.35,194787493.34,20181030.0,1.0,1.0,3.0
002572.SZ,20181030,20180930,516652330.06,685789682.8,20181030.0,1.0,1.0,3.0
002557.SZ,20181030,20180930,1078459813.28,153942519.46,20181030.0,1.0,1.0,3.0
600825.SH,20181030,20180930,238852577.24,4401287.49,20181030.0,1.0,1.0,3.0
002589.SZ,20181030,20180930,-884046260.77,441450391.49,20181030.0,1.0,1.0,3.0
603056.SH,20181030,20180930,1213864974.49,549545644.22,20181030.0,1.0,1.0,3.0
002600.SZ,20181030,20180930,1699822637.05,1169860841.53,20181030.0,1.0,1.0,3.0
600782.SH,20181030,20180930,5008454553.1,891635801.59,20181030.0,1.0,1.0,3.0
600022.SH,20181030,20180930,2510956094.55,5961978416.97,20181030.0,1.0,1.0,3.0
600126.SH,20181030,20180930,3388729102.15,494383081.35,20181030.0,1.0,1.0,3.0
600895.SH,20181030,20180930,-180694446.54,2369498.0,,,,
001965.SZ,20181030,20180930,2114430398.89,546084204.69,20181030.0,1.0,1.0,3.0
002460.SZ,20181030,20180930,111751982.93,842097940.86,20181030.0,1.0,1.0,3.0
002007.SZ,20181030,20180930,720188318.18,129444820.99,,,,
600104.SH,20181030,20180930,-29335694972.35,23333636607.16,,,,
601989.SH,20181030,20180930,5776972978.5,938149578.18,,,,
600048.SH,20181030,20180930,-10964489609.88,423549312.95,,,,
002029.SZ,20181030,20180930,-179302696.53,73841961.48,20181030.0,1.0,1.0,3.0
000681.SZ,20181030,20180930,163374338.85,7644773.35,20181030.0,1.0,1.0,3.0
601098.SH,20181030,20180930,-30724851.7,54995549.16,,,,
600021.SH,20181030,20180930,3737437045.42,6134185118.73,,,,
002183.SZ,20181030,20180930,1149347843.0,171818519.0,20181030.0,1.0,1.0,3.0
600112.SH,20181030,20180930,-15395282.36,7564261.53,20181030.0,1.0,1.0,3.0
600088.SH,20181030,20180930,66812437.84,10165804.25,20181030.0,1.0,1.0,3.0
600079.SH,20181030,20180930,-345374261.65,966017651.42,20181030.0,1.0,1.0,3.0
600073.SH,20181030,20180930,598722719.5,167383726.2,20181030.0,1.0,1.0,3.0
600058.SH,20181030,20180930,-2082614069.71,81216776.79,20181030.0,1.0,1.0,3.0
600037.SH,20181030,20180930,626936574.34,665956606.97,20181030.0,1.0,1.0,3.0
600025.SH,20181030,20180930,8139900535.99,5304689603.24,20181030.0,1.0,1.0,3.0
000977.SZ,20181030,20180930,-8234772412.67,112693328.92,20181030.0,1.0,1.0,3.0
000826.SZ,20181030,20180930,-1271204988.5,1532550121.87,,,,
601928.SH,20181030,20180930,1469518574.78,460887420.14,,,,
000667.SZ,20181030,20180930,892572774.01,1913648293.44,20181030.0,1.0,1.0,3.0
002005.SZ,20181030,20180930,438894538.06,372146004.67,20181030.0,1.0,1.0,3.0
603993.SH,20181030,20180930,8195409000.0,1354149000.0,,,,
601872.SH,20181030,20180930,1340221415.52,4783390788.86,,,,
000039.SZ,20181030,20180930,23299000.0,2535877000.0,,,,
002375.SZ,20181030,20180930,-1096948600.11,94947224.24,,,,
601992.SH,20181030,20180930,-4831019803.56,3062256978.63,,,,
000717.SZ,20181030,20180930,3105329492.37,956739490.27,20181030.0,1.0,1.0,3.0
000961.SZ,20181030,20180930,8795701276.55,96664302.51,20181030.0,1.0,1.0,3.0
002048.SZ,20181030,20180930,724323129.7,1026722657.87,20181030.0,1.0,1.0,3.0
000099.SZ,20181030,20180930,78379379.18,118443871.75,20181030.0,1.0,1.0,3.0
000967.SZ,20181030,20180930,-651889825.13,183182185.92,20181030.0,1.0,1.0,3.0
002044.SZ,20181030,20180930,86153718.68,961227118.39,20181030.0,1.0,1.0,3.0
000979.SZ,20181030,20180930,789854588.27,81421367.86,20181030.0,1.0,1.0,3.0
002030.SZ,20181030,20180930,190685238.38,57558375.43,20181030.0,1.0,1.0,3.0
600999.SH,20181030,20180930,28435050814.79,186240500.43,,,,
000999.SZ,20181030,20180930,1523986904.77,450372971.87,,,,
002010.SZ,20181030,20180930,-986557603.42,2102304149.89,20181030.0,1.0,1.0,3.0
000009.SZ,20181030,20180930,2056285377.24,950253782.08,,,,
600536.SH,20181029,20180930,-537087920.38,38906417.18,20181029,1,1,3
600572.SH,20181029,20180930,323840464.86,298345801.97,20181029,1,1,3
300271.SZ,20181029,20180930,-489104952.36,155423914.19,20181029.0,1.0,1.0,3.0
002640.SZ,20181029,20180930,149188673.01,265459850.76,20181029.0,1.0,1.0,3.0
002624.SZ,20181029,20180930,-482886998.1,107274084.14,20181029.0,1.0,1.0,3.0
000657.SZ,20181029,20180930,-27053896.98,389776630.97,20181029.0,1.0,1.0,3.0
000568.SZ,20181029,20180930,2262542724.3,506764979.75,,,,
002387.SZ,20181029,20180930,89037188.23,11442259854.91,20181029.0,1.0,1.0,3.0
688223.SH,20181029,20180930,1835349975.28,1273333895.23,20181029.0,1.0,1.0,3.0
600993.SH,20181029,20180930,207345181.83,17330243.59,20181029.0,1.0,1.0,3.0
600989.SH,20181029,20180930,2200560447.09,940509613.13,20181029.0,1.0,1.0,3.0
300010.SZ,20181029,20180930,-336757965.04,21595188.37,20181029.0,1.0,1.0,3.0
002517.SZ,20181029,20180930,651757816.48,136910165.18,20181029.0,1.0,1.0,3.0
600519.SH,20181029,20180930,28221285915.54,1016477926.63,,,,
002602.SZ,20181029,20180930,396666516.38,140195950.81,20181029.0,1.0,1.0,3.0
002573.SZ,20181029,20180930,791837467.35,134157166.6,20181029.0,1.0,1.0,3.0
300014.SZ,20181029,20180930,122204865.01,631437764.2,20181029.0,1.0,1.0,3.0
300088.SZ,20181029,20180930,-45876639.55,403916500.58,20181029.0,1.0,1.0,3.0
300724.SZ,20181029,20180930,31419056.33,33275807.63,20181029.0,1.0,1.0,3.0
002252.SZ,20181029,20180930,218117649.54,103341175.68,,,,
000636.SZ,20181029,20180930,1009836972.18,250644630.84,20181029.0,1.0,1.0,3.0
601068.SH,20181029,20180930,-1146592740.99,138360886.97,20181029.0,1.0,1.0,3.0
000733.SZ,20181029,20180930,-25096936.26,156503626.75,20181029.0,1.0,1.0,3.0
300182.SZ,20181029,20180930,1083640148.5,1449383917.33,20181029.0,1.0,1.0,3.0
300433.SZ,20181029,20180930,2526082577.28,6177006221.23,20181029.0,1.0,1.0,3.0
300413.SZ,20181029,20180930,-937612115.25,31774957.36,20181029.0,1.0,1.0,3.0
300418.SZ,20181029,20180930,1064685636.2,13802674.58,20181029.0,1.0,1.0,3.0
300476.SZ,20181029,20180930,347092057.29,906460996.54,20181029.0,1.0,1.0,3.0
300482.SZ,20181029,20180930,53511061.05,59182257.13,20181029.0,1.0,1.0,3.0
300487.SZ,20181029,20180930,16790466.18,118945709.97,20181029.0,1.0,1.0,3.0
300573.SZ,20181029,20180930,41449389.19,33393164.6,20181029.0,1.0,1.0,3.0
300604.SZ,20181029,20180930,-5313838.37,46523114.68,20181029.0,1.0,1.0,3.0
300677.SZ,20181029,20180930,92329070.19,234279190.06,20181029.0,1.0,1.0,3.0
600062.SH,20181029,20180930,1275861414.59,159436389.86,20181029.0,1.0,1.0,3.0
300718.SZ,20181029,20180930,84161032.77,98933312.66,20181029.0,1.0,1.0,3.0
300297.SZ,20181029,20180930,-927680743.14,983457708.03,20181029.0,1.0,1.0,3.0
300202.SZ,20181029,20180930,-103859812.3,16897352.6,20181029.0,1.0,1.0,3.0
300735.SZ,20181029,20180930,191458212.73,306883685.3,20181029.0,1.0,1.0,3.0
601969.SH,20181029,20180930,8978510.35,79207220.91,,,,
002707.SZ,20181029,20180930,-122276633.51,94727617.54,20181029.0,1.0,1.0,3.0
002050.SZ,20181029,20180930,560424036.33,582387256.04,20181029.0,1.0,1.0,3.0
002002.SZ,20181029,20180930,673730558.97,53243234.39,20181029.0,1.0,1.0,3.0
002152.SZ,20181029,20180930,-235524911.83,106460796.19,20181029.0,1.0,1.0,3.0
002254.SZ,20181029,20180930,100646878.59,256715907.92,20181029.0,1.0,1.0,3.0
603712.SH,20181029,20180930,99468843.76,8161037.4,20181029.0,1.0,1.0,3.0
002340.SZ,20181029,20180930,527377562.22,1344899378.9,20181029.0,1.0,1.0,3.0
600600.SH,20181029,20180930,5446341768.0,541230470.0,,,,
002129.SZ,20181029,20180930,860315201.03,4608239018.84,,,,
002294.SZ,20181029,20180930,1123533015.1,233969065.44,,,,
002432.SZ,20181029,20180930,-123006437.27,156576752.37,20181029.0,1.0,1.0,3.0
600066.SH,20181029,20180930,-1311830176.82,664609958.55,,,,
002422.SZ,20181029,20180930,1898944338.0,721592347.0,,,,
000034.SZ,20181029,20180930,630861175.74,1410658507.81,20181029.0,1.0,1.0,3.0
600637.SH,20181029,20180930,1949061531.2,743280318.4,,,,
000858.SZ,20181029,20180930,3876870034.45,266963573.64,,,,
002065.SZ,20181029,20180930,-1058804373.49,53739830.3,,,,
002267.SZ,20181029,20180930,805550631.87,348008845.85,20181029.0,1.0,1.0,3.0
002128.SZ,20181029,20180930,1112217786.26,1029993244.31,20181029.0,1.0,1.0,3.0
002131.SZ,20181029,20180930,-518746642.78,214619778.81,20181029.0,1.0,1.0,3.0
002831.SZ,20181029,20180930,768362334.92,536845231.78,20181029.0,1.0,1.0,3.0
002354.SZ,20181029,20180930,-108197221.23,25352668.14,20181029.0,1.0,1.0,3.0
002511.SZ,20181029,20180930,-42066807.98,445769050.78,20181029.0,1.0,1.0,3.0
002073.SZ,20181029,20180930,6838323.32,76878311.56,20181029.0,1.0,1.0,3.0
600977.SH,20181027,20180930,1848921373.74,207227912.92,20181027.0,1.0,1.0,3.0
600023.SH,20181027,20180930,6890312061.78,1919437112.23,,,,
002372.SZ,20181027,20180930,482747357.72,102562307.84,20181027.0,1.0,1.0,3.0
000776.SZ,20181027,20180930,27562593243.4,422206687.1,,,,
600340.SH,20181027,20180930,-7660080587.83,2230001141.14,,,,
601336.SH,20181027,20180930,10712000000.0,4546000000.0,,,,
002390.SZ,20181027,20180930,-388536237.63,203754017.03,20181027.0,1.0,1.0,3.0
300001.SZ,20181027,20180930,-129277038.57,450204871.37,20181027.0,1.0,1.0,3.0
300266.SZ,20181027,20180930,155874559.88,1108712624.13,20181027.0,1.0,1.0,3.0
000417.SZ,20181027,20180930,302930325.43,304462039.22,20181027.0,1.0,1.0,3.0
000831.SZ,20181027,20180930,-245408401.04,4725740.75,,,,
002153.SZ,20181027,20180930,275412178.21,146955153.88,,,,
601718.SH,20181027,20180930,313869018.69,583039575.96,,,,
601158.SH,20181027,20180930,1606890085.73,1003396648.68,,,,
002371.SZ,20181027,20180930,53493374.16,216847707.21,20181027.0,1.0,1.0,3.0
002221.SZ,20181027,20180930,2320767024.56,526513412.26,20181027.0,1.0,1.0,3.0
600518.SH,20181027,20180930,1293219643.16,4502085468.99,,,,
300146.SZ,20181027,20180930,914453771.93,190778756.34,,,,
600602.SH,20181027,20180930,-413523083.91,55190648.54,20181027,1,1,3
600160.SH,20181027,20180930,2276963845.27,476827908.4,20181027,1,1,3
600161.SH,20181027,20180930,587081583.71,168998749.28,20181027,1,1,3
600528.SH,20181027,20180930,-595337255.81,833074637.2,20181027,1,1,3
600516.SH,20181027,20180930,4720745107.38,78124108.89,20181027,1,1,3
600509.SH,20181027,20180930,855812007.81,645381158.21,20181027,1,1,3
600478.SH,20181027,20180930,-540127.72,501498769.52,20181027,1,1,3
600456.SH,20181027,20180930,81422796.0,22061214.21,20181027,1,1,3
600438.SH,20181027,20180930,1741028559.98,5179052619.72,20181027,1,1,3
600435.SH,20181027,20180930,-17731720.44,44736989.34,20181027,1,1,3
600433.SH,20181027,20180930,90468796.01,67345302.49,20181027,1,1,3
600395.SH,20181027,20180930,874512700.0,366451800.0,20181027,1,1,3
600378.SH,20181027,20180930,-6079291.73,6281627.67,20181027,1,1,3
600377.SH,20181027,20180930,4246029094.0,2331689603.0,20181027,1,1,3
600361.SH,20181027,20180930,365656569.1,123869429.04,20181027,1,1,3
600351.SH,20181027,20180930,365899379.43,62131285.54,20181027,1,1,3
600338.SH,20181027,20180930,556652680.01,204116287.48,20181027,1,1,3
600614.SH,20181027,20180930,-46111565.07,101550760.69,20181027,1,1,3
600270.SH,20181027,20180930,143385193.72,114152149.22,20181027,1,1,3
600184.SH,20181027,20180930,-394083083.49,65807746.83,20181027,1,1,3
600171.SH,20181027,20180930,90399989.47,4299998.37,20181027,1,1,3
600169.SH,20181027,20180930,19182584.65,493920715.6,20181027,1,1,3
300274.SZ,20181027,20180930,-1883836502.94,662629218.15,20181027.0,1.0,1.0,3.0
300376.SZ,20181027,20180930,390331431.46,924586026.57,20181027.0,1.0,1.0,3.0
002192.SZ,20181027,20180930,-23320150.49,14901332.95,20181027.0,1.0,1.0,3.0
601166.SH,20181027,20180930,-375849000000.0,2961000000.0,,,,
600115.SH,20181027,20180930,21072000000.0,14910000000.0,,,,
600998.SH,20181027,20180930,-4225944026.25,1482237701.2,,,,
600373.SH,20181027,20180930,56025997.54,212959925.37,,,,
002489.SZ,20181027,20180930,480491673.65,37080109.83,20181027.0,1.0,1.0,3.0
600588.SH,20181027,20180930,-120907502.0,353784003.0,,,,
002426.SZ,20181027,20180930,-290344881.15,1233448233.48,20181027.0,1.0,1.0,3.0
001696.SZ,20181027,20180930,-223961791.37,68950415.27,20181027.0,1.0,1.0,3.0
600648.SH,20181027,20180930,57866996.11,158557525.7,,,,
601328.SH,20181027,20180930,126288000000.0,22633000000.0,,,,
600845.SH,20181027,20180930,620684360.21,361164066.47,20181027.0,1.0,1.0,3.0
002202.SZ,20181027,20180930,-1051796448.84,4242638722.72,,,,
002250.SZ,20181027,20180930,156748754.89,444785756.93,20181027.0,1.0,1.0,3.0
600826.SH,20181027,20180930,9054152.31,679701.07,20181027.0,1.0,1.0,3.0
000028.SZ,20181027,20180930,563991295.36,150353192.93,20181027.0,1.0,1.0,3.0
603486.SH,20181027,20180930,-436024245.88,181064492.45,20181027.0,1.0,1.0,3.0
600717.SH,20181027,20180930,1627474015.05,285913109.47,,,,
002185.SZ,20181027,20180930,615329113.07,1361726384.57,20181027.0,1.0,1.0,3.0
002841.SZ,20181027,20180930,1300555719.76,219608054.93,20181027.0,1.0,1.0,3.0
002261.SZ,20181027,20180930,-172701882.88,32617419.45,20181027.0,1.0,1.0,3.0
300043.SZ,20181027,20180930,451621735.16,284145278.67,20181027.0,1.0,1.0,3.0
603728.SH,20181027,20180930,46235763.01,79731308.84,20181027.0,1.0,1.0,3.0
000816.SZ,20181027,20180930,23858600.88,138665380.42,20181027.0,1.0,1.0,3.0
600729.SH,20181027,20180930,1167569096.28,155760973.57,20181027.0,1.0,1.0,3.0
300316.SZ,20181027,20180930,79732486.83,210517441.78,20181027.0,1.0,1.0,3.0
300363.SZ,20181027,20180930,71029182.03,120976478.93,20191030.0,1.0,1.0,3.0
000089.SZ,20181027,20180930,879379406.46,290647830.65,20181027.0,1.0,1.0,3.0
000032.SZ,20181027,20180930,60045035.55,2304801.95,20181027.0,1.0,1.0,3.0
002156.SZ,20181027,20180930,404326622.42,1601487701.56,20181027.0,1.0,1.0,3.0
600056.SH,20181027,20180930,-1784895937.13,136522884.08,20181027.0,1.0,1.0,3.0
300115.SZ,20181027,20180930,910052562.17,662134886.97,20181027.0,1.0,1.0,3.0
002705.SZ,20181027,20180930,134149439.64,625751168.1,20181027.0,1.0,1.0,3.0
002699.SZ,20181027,20180930,-30223407.18,5778332.97,20181027.0,1.0,1.0,3.0
601601.SH,20181027,20180930,73543000000.0,1766000000.0,,,,
002352.SZ,20181027,20180930,4384805316.45,7753488510.97,20181027.0,1.0,1.0,3.0
601899.SH,20181027,20180930,6619580913.0,3435424315.0,,,,
600770.SH,20181027,20180930,6052784.29,75571694.56,20181027.0,1.0,1.0,3.0
600188.SH,20181027,20180930,12653079000.0,5048781000.0,,,,
600851.SH,20181027,20180930,24833375.14,68602837.24,20181027.0,1.0,1.0,3.0
600880.SH,20181027,20180930,-6429043.19,13664962.51,20181027.0,1.0,1.0,3.0
000732.SZ,20181027,20180930,162084665.02,691022111.79,20181027.0,1.0,1.0,3.0
002368.SZ,20181027,20180930,-980665778.34,63541969.49,20181027.0,1.0,1.0,3.0
300223.SZ,20181027,20180930,-9520180.63,7922772.66,20181027.0,1.0,1.0,3.0
300118.SZ,20181027,20180930,105968240.02,1377916935.95,20181027.0,1.0,1.0,3.0
601555.SH,20181027,20180930,3125751760.07,51263777.19,,,,
000166.SZ,20181027,20180930,-29413005350.93,153065079.61,,,,
000750.SZ,20181027,20180930,-557009212.06,64447199.84,,,,
002126.SZ,20181027,20180930,161668570.39,380187025.28,20181027.0,1.0,1.0,3.0
000708.SZ,20181027,20180930,457310787.68,71666945.45,20181027.0,1.0,1.0,3.0
600894.SH,20181027,20180930,21882745.78,46409585.42,20181027.0,1.0,1.0,3.0
000623.SZ,20181027,20180930,315302865.68,210536824.17,,,,
600820.SH,20181027,20180930,66844697.61,702251599.52,,,,
603688.SH,20181027,20180930,81996591.79,81657813.94,20181213.0,1.0,1.0,3.0
002409.SZ,20181027,20180930,108506300.59,70454420.23,20181027.0,1.0,1.0,3.0
300015.SZ,20181027,20180930,1230588579.99,565481503.11,,,,
601633.SH,20181027,20180930,16458677998.74,3475963795.1,,,,
002304.SZ,20181027,20180930,5874472624.63,379481768.17,,,,
600059.SH,20181027,20180930,34568653.26,50527441.72,20181027.0,1.0,1.0,3.0
600067.SH,20181027,20180930,-938197944.39,169740364.7,20181027.0,1.0,1.0,3.0
300454.SZ,20181027,20180930,256778448.52,212787625.71,20181027.0,1.0,1.0,3.0
002041.SZ,20181027,20180930,-109303946.8,52592763.4,20181027.0,1.0,1.0,3.0
000685.SZ,20181027,20180930,375169723.83,425008245.11,20181027.0,1.0,1.0,3.0
601607.SH,20181027,20180930,1733265883.3,1319435502.77,,,,
601811.SH,20181027,20180930,581257170.79,66689472.31,20181027.0,1.0,1.0,3.0
000547.SZ,20181027,20180930,-608434482.74,77162099.37,20181027.0,1.0,1.0,3.0
300741.SZ,20181027,20180930,760791056.0,66446255.0,20181027.0,1.0,1.0,3.0
000596.SZ,20181027,20180930,2537458914.99,236113190.57,20181027.0,1.0,1.0,3.0
601869.SH,20181027,20180930,-150305369.0,927376481.0,20181027.0,1.0,1.0,3.0
000501.SZ,20181027,20180930,1662654850.64,2726861982.8,20181027.0,1.0,1.0,3.0
000591.SZ,20181027,20180930,720546505.77,588019866.4,20181027.0,1.0,1.0,3.0
000538.SZ,20181027,20180930,2070202947.82,345764360.33,,,,
601717.SH,20181027,20180930,359364674.26,431535177.25,20181027.0,1.0,1.0,3.0
000860.SZ,20181027,20180930,711179451.5,196490468.5,20181027.0,1.0,1.0,3.0
002385.SZ,20181027,20180930,292299102.07,896902458.82,,,,
000727.SZ,20181027,20180930,278832776.45,898275146.14,20181027.0,1.0,1.0,3.0
600096.SH,20181027,20180930,2107907835.41,407417825.57,20181027.0,1.0,1.0,3.0
603005.SH,20181027,20180930,67368366.86,72878597.19,20181027.0,1.0,1.0,3.0
000793.SZ,20181027,20180930,-981489306.67,692281436.89,,,,
000785.SZ,20181027,20180930,70183746.74,33766859.27,20181027.0,1.0,1.0,3.0
000813.SZ,20181027,20180930,225776379.62,67251921.21,20181027.0,1.0,1.0,3.0
603000.SH,20181027,20180930,74888028.03,29677740.53,,,,
603169.SH,20181027,20180930,-370047226.53,53888916.49,20181027.0,1.0,1.0,3.0
300003.SZ,20181027,20180930,947165890.62,792061950.96,,,,
002064.SZ,20181027,20180930,456678082.27,113137872.63,20181027.0,1.0,1.0,3.0
300144.SZ,20181027,20180930,1426288887.58,569306808.42,,,,
000883.SZ,20181027,20180930,2424093344.75,2786613472.81,,,,
300058.SZ,20181027,20180930,1126272546.86,45650274.52,,,,
002049.SZ,20181027,20180930,-105234958.22,237014917.32,20181027.0,1.0,1.0,3.0
002081.SZ,20181027,20180930,-935506250.55,116787982.67,,,,
000582.SZ,20181027,20180930,1157515718.83,320984969.09,20181027.0,1.0,1.0,3.0
000572.SZ,20181027,20180930,14764530.09,607448662.15,20181027.0,1.0,1.0,3.0
000958.SZ,20181027,20180930,390035486.73,1299848793.61,20181027.0,1.0,1.0,3.0
000951.SZ,20181027,20180930,2148764382.28,102414539.6,20181027.0,1.0,1.0,3.0
603877.SH,20181027,20180930,-287884922.37,327494353.79,20181027.0,1.0,1.0,3.0
600017.SH,20181027,20180930,1248740132.96,1340220789.85,20181027.0,1.0,1.0,3.0
300618.SZ,20181027,20180930,17272500.63,171808649.38,20181027.0,1.0,1.0,3.0
300627.SZ,20181027,20180930,-226999493.01,11903858.62,20181027.0,1.0,1.0,3.0
300628.SZ,20181027,20180930,472502279.51,17177345.74,20181027.0,1.0,1.0,3.0
300630.SZ,20181027,20180930,147826921.97,336008137.92,20181027.0,1.0,1.0,3.0
300661.SZ,20181027,20180930,34004184.88,26099681.26,20181027.0,1.0,1.0,3.0
000683.SZ,20181027,20180930,1684679036.55,841012481.33,20181027.0,1.0,1.0,3.0
300682.SZ,20181027,20180930,-206300567.28,13029281.31,20181027.0,1.0,1.0,3.0
000612.SZ,20181027,20180930,765520911.51,176032936.11,20181027.0,1.0,1.0,3.0
300676.SZ,20181027,20180930,-154789954.44,458389028.87,20181027.0,1.0,1.0,3.0
300347.SZ,20181027,20180930,344471128.31,61629509.67,20181027.0,1.0,1.0,3.0
600570.SH,20181027,20180930,-103273490.69,120154144.66,,,,
000671.SZ,20181027,20180930,11317960226.79,38670080.36,20181027.0,1.0,1.0,3.0
000930.SZ,20181027,20180930,213364757.32,293761286.75,20181027.0,1.0,1.0,3.0
600790.SH,20181027,20180930,1553873578.51,366118300.81,20181027.0,1.0,1.0,3.0
601918.SH,20181027,20180930,3003502511.99,346907287.24,20181027.0,1.0,1.0,3.0
603899.SH,20181027,20180930,492360502.79,267751832.81,20181027.0,1.0,1.0,3.0
600859.SH,20181027,20180930,873694213.59,541491322.09,20181027.0,1.0,1.0,3.0
600862.SH,20181026,20180930,-1036436566.52,152683934.58,20181026.0,1.0,1.0,3.0
600350.SH,20181026,20180930,1842916460.56,4593658131.08,,,,
603515.SH,20181026,20180930,167908333.68,124126661.18,20181026.0,1.0,1.0,3.0
000400.SZ,20181026,20180930,-447451968.07,67937251.38,,,,
002588.SZ,20181026,20180930,102260909.85,196002700.91,20181026.0,1.0,1.0,3.0
000709.SZ,20181026,20180930,6785844611.22,5393271202.58,,,,
002353.SZ,20181026,20180930,-106916940.29,136882018.33,,,,
300251.SZ,20181026,20180930,-299512204.39,8889118.38,,,,
601699.SH,20181026,20180930,4761806487.36,871842384.24,,,,
600138.SH,20181026,20180930,569006971.44,999810425.71,20181026,1,1,3
600410.SH,20181026,20180930,281361232.55,81462601.69,20181026,1,1,3
600187.SH,20181026,20180930,44329999.6,94737449.98,20181026,1,1,3
600198.SH,20181026,20180930,437201683.53,134136052.63,20181026,1,1,3
600556.SH,20181026,20180930,-28058391.21,339393.91,20181026,1,1,3
600316.SH,20181026,20180930,302138045.67,285568025.77,20181026,1,1,3
600511.SH,20181026,20180930,924639404.21,95241930.39,20181026,1,1,3
600496.SH,20181026,20180930,199646766.38,47440124.5,20181026,1,1,3
600483.SH,20181026,20180930,1342550438.21,863371233.32,20181026,1,1,3
600428.SH,20181026,20180930,191790783.53,805980941.71,20181026,1,1,3
600426.SH,20181026,20180930,3099038602.51,963546597.39,20181026,1,1,3
002251.SZ,20181026,20180930,988283530.47,1908626166.88,20181026.0,1.0,1.0,3.0
600397.SH,20181026,20180930,-99249884.27,214808360.54,20181026,1,1,3
600392.SH,20181026,20180930,79713508.34,30931181.49,20181026,1,1,3
600366.SH,20181026,20180930,8645557.27,151034070.13,20181026,1,1,3
600298.SH,20181026,20180930,550585742.31,568871076.03,20181026,1,1,3
600277.SH,20181026,20180930,2358985428.46,671910880.99,20181026,1,1,3
600260.SH,20181026,20180930,1105383972.6,34373333.9,20181026,1,1,3
600201.SH,20181026,20180930,187882952.19,398387497.61,20181026,1,1,3
000488.SZ,20181026,20180930,9073361847.59,3142851174.29,20181026.0,1.0,1.0,3.0
600618.SH,20181026,20180930,533483225.71,70744369.49,20181026,1,1,3
600956.SH,20181026,20180930,1584904998.38,2680104749.41,20181026.0,1.0,1.0,3.0
002155.SZ,20181026,20180930,289708174.56,280159645.03,20181026.0,1.0,1.0,3.0
600125.SH,20181026,20180930,1035861162.41,497742858.09,20181026.0,1.0,1.0,3.0
600809.SH,20181026,20180930,349381205.91,53743619.66,20181026.0,1.0,1.0,3.0
603156.SH,20181026,20180930,-311942247.45,34549344.48,20181026.0,1.0,1.0,3.0
002292.SZ,20181026,20180930,-63130708.61,48057544.71,,,,
002120.SZ,20181026,20180930,1535602414.43,2002212653.16,20181026.0,1.0,1.0,3.0
600276.SH,20181026,20180930,2050607776.95,331523788.39,,,,
600660.SH,20181026,20180930,4518444511.0,2714458026.0,,,,
002238.SZ,20181026,20180930,214430138.54,188697433.52,20181026.0,1.0,1.0,3.0
600623.SH,20181026,20180930,343858896.57,741901058.58,20181026.0,1.0,1.0,3.0
002241.SZ,20181026,20180930,573071429.85,2787458301.48,,,,
002110.SZ,20181026,20180930,4041539318.71,553030422.17,20181026.0,1.0,1.0,3.0
002063.SZ,20181026,20180930,-441455375.45,28140091.76,20181026.0,1.0,1.0,3.0
300463.SZ,20181026,20180930,40737287.92,382505249.28,20181026.0,1.0,1.0,3.0
002179.SZ,20181026,20180930,-271896799.32,210720708.55,20181026.0,1.0,1.0,3.0
000069.SZ,20181026,20180930,-20689253507.19,1658810471.93,,,,
300257.SZ,20181026,20180930,142989943.59,1125564312.84,20181026.0,1.0,1.0,3.0
002025.SZ,20181026,20180930,-178808554.86,30431326.26,20181026.0,1.0,1.0,3.0
300244.SZ,20181026,20180930,-95444859.06,331778854.95,20181026.0,1.0,1.0,3.0
300212.SZ,20181026,20180930,-522046587.75,351401396.82,20181026.0,1.0,1.0,3.0
002019.SZ,20181026,20180930,911258835.82,370720302.59,20181026.0,1.0,1.0,3.0
002118.SZ,20181026,20180930,-266694327.76,131578652.63,20181026.0,1.0,1.0,3.0
603456.SH,20181026,20180930,219091213.23,101470991.8,20181026.0,1.0,1.0,3.0
002402.SZ,20181026,20180930,64819813.42,179051766.57,20181026.0,1.0,1.0,3.0
002309.SZ,20181026,20180930,631014220.97,224002037.38,20181026.0,1.0,1.0,3.0
300595.SZ,20181026,20180930,139722707.86,35084643.78,20181026.0,1.0,1.0,3.0
300623.SZ,20181026,20180930,128116277.19,161642193.71,20181026.0,1.0,1.0,3.0
603188.SH,20181026,20180930,374494044.55,48722821.79,20181026.0,1.0,1.0,3.0
600038.SH,20181026,20180930,-178112404.3,85009582.7,,,,
000939.SZ,20181026,20180930,-268350278.28,384689945.37,20181026.0,1.0,1.0,3.0
000050.SZ,20181026,20180930,2247508825.01,4185107869.68,20181026.0,1.0,1.0,3.0
000963.SZ,20181026,20180930,1411426304.33,701262416.23,,,,
600801.SH,20181026,20180930,5151088183.0,1417707370.0,20181026.0,1.0,1.0,3.0
601600.SH,20181026,20180930,8981045000.0,4103050000.0,,,,
300287.SZ,20181026,20180930,-659739326.41,13633459.81,20181026.0,1.0,1.0,3.0
000062.SZ,20181026,20180930,-142015776.18,30527467.79,20181026.0,1.0,1.0,3.0
002642.SZ,20181026,20180930,-761662442.78,41928193.74,20181026.0,1.0,1.0,3.0
002653.SZ,20181026,20180930,332624945.67,154450801.51,20181026.0,1.0,1.0,3.0
002657.SZ,20181026,20180930,-331962980.94,34425539.99,20181026.0,1.0,1.0,3.0
600741.SH,20181026,20180930,4419603154.11,7970717344.15,,,,
000629.SZ,20181026,20180930,1259690570.96,19644262.69,,,,
300442.SZ,20181026,20180930,-18944589.55,21752468.36,20181026.0,1.0,1.0,3.0
300567.SZ,20181026,20180930,-90865535.03,134038147.76,20181026.0,1.0,1.0,3.0
000810.SZ,20181026,20180930,-489342492.15,92505183.42,20181026.0,1.0,1.0,3.0
601998.SH,20181026,20180930,177232000000.0,2364000000.0,,,,
002410.SZ,20181026,20180930,-168769014.45,160056089.16,,,,
300750.SZ,20181026,20180930,5603430680.28,4003526664.32,20181026.0,1.0,1.0,3.0
300502.SZ,20181026,20180930,302122578.11,45850103.52,20181026.0,1.0,1.0,3.0
300339.SZ,20181026,20180930,-207624092.07,60214236.1,20181026.0,1.0,1.0,3.0
300395.SZ,20181026,20180930,24502431.07,79573001.5,20181026.0,1.0,1.0,3.0
300383.SZ,20181026,20180930,91690139.89,755043036.06,20181026.0,1.0,1.0,3.0
300679.SZ,20181026,20180930,218363054.24,120846174.4,20181026.0,1.0,1.0,3.0
601225.SH,20181026,20180930,12846696552.81,1678129577.15,,,,
002276.SZ,20181026,20180930,544463516.58,216237674.6,20181026.0,1.0,1.0,3.0
002342.SZ,20181026,20180930,5560285.73,28692211.56,20181026.0,1.0,1.0,3.0
600688.SH,20181026,20180930,3335224000.0,569996000.0,,,,
300159.SZ,20181026,20180930,-99103432.76,160967388.34,20181026.0,1.0,1.0,3.0
601233.SH,20181026,20180930,2145467379.98,1891941778.62,20181026.0,1.0,1.0,3.0
601311.SH,20181026,20180930,353397272.35,173884594.97,20181026.0,1.0,1.0,3.0
601799.SH,20181026,20180930,623934763.11,338950931.87,20181026.0,1.0,1.0,3.0
002146.SZ,20181026,20180930,8758756005.65,896483426.79,,,,
601877.SH,20181026,20180930,1484469766.16,1982903593.22,20181026.0,1.0,1.0,3.0
000519.SZ,20181026,20180930,725496402.78,197941362.5,20181026.0,1.0,1.0,3.0
601777.SH,20181026,20180930,-219454146.11,100236170.33,20181026.0,1.0,1.0,3.0
600118.SH,20181026,20180930,-487631593.72,80668392.76,,,,
000513.SZ,20181026,20180930,626351506.07,382332921.09,20181026.0,1.0,1.0,3.0
002074.SZ,20181026,20180930,-314886368.22,1148390531.44,20181026.0,1.0,1.0,3.0
601985.SH,20181026,20180930,18510722755.69,15906717817.11,,,,
000975.SZ,20181026,20180930,810440281.8,417250177.09,20181026.0,1.0,1.0,3.0
002493.SZ,20181026,20180930,2700802188.11,23139794183.6,20181026.0,1.0,1.0,3.0
000970.SZ,20181026,20180930,221299584.21,161622735.06,20181026.0,1.0,1.0,3.0
002174.SZ,20181026,20180930,119840877.95,201309618.92,20181026.0,1.0,1.0,3.0
300140.SZ,20181026,20180930,-164074034.49,105159475.11,20181026.0,1.0,1.0,3.0
002123.SZ,20181026,20180930,196627357.34,18989759.17,20181026.0,1.0,1.0,3.0
002093.SZ,20181026,20180930,35672317.04,106931299.75,20181026.0,1.0,1.0,3.0
000063.SZ,20181026,20180930,-10222894000.0,3158053000.0,,,,
300070.SZ,20181026,20180930,-1118583699.85,4826570279.36,,,,
002332.SZ,20181026,20180930,237880404.02,225308998.09,20181026.0,1.0,1.0,3.0
300027.SZ,20181026,20180930,350078777.47,112971625.66,,,,
600765.SH,20181026,20180930,209362823.64,255528594.04,20181026.0,1.0,1.0,3.0
601628.SH,20181026,20180930,76433000000.0,10650000000.0,,,,
002477.SZ,20181026,20180930,-697230986.65,132437858.63,20181026.0,1.0,1.0,3.0
000980.SZ,20181026,20180930,57147220.1,549483596.53,20181026.0,1.0,1.0,3.0
300072.SZ,20181026,20180930,-2796528352.65,97303131.97,20181026.0,1.0,1.0,3.0
300024.SZ,20181026,20180930,-485006201.01,266385365.96,,,,
002430.SZ,20181026,20180930,760851162.48,79633503.38,20181026.0,1.0,1.0,3.0
002444.SZ,20181026,20180930,418095411.72,412220119.6,20181026.0,1.0,1.0,3.0
002396.SZ,20181026,20180930,-51798889.44,142533410.43,20181026.0,1.0,1.0,3.0
600777.SH,20181026,20180930,3237345235.82,5058037318.35,20181026.0,1.0,1.0,3.0
600699.SH,20181026,20180930,1359315700.81,2380296399.25,20181026.0,1.0,1.0,3.0
300054.SZ,20181026,20180930,166705001.35,115540341.29,20181026.0,1.0,1.0,3.0
002366.SZ,20181026,20180930,145983899.74,83369390.68,20181026.0,1.0,1.0,3.0
603882.SH,20181026,20180930,259493101.5,248169772.97,20181026.0,1.0,1.0,3.0
300039.SZ,20181026,20180930,180778278.62,22558645.64,20181026.0,1.0,1.0,3.0
600720.SH,20181026,20180930,1021968052.86,60448407.05,20181026.0,1.0,1.0,3.0
300033.SZ,20181026,20180930,249558231.36,62998611.2,20181026.0,1.0,1.0,3.0
002437.SZ,20181026,20180930,633969755.62,110685811.48,20181026.0,1.0,1.0,3.0
000541.SZ,20181026,20180930,510441096.28,136815616.01,20181026.0,1.0,1.0,3.0
002013.SZ,20181026,20180930,-1361356236.1,665858585.51,20181026.0,1.0,1.0,3.0
002311.SZ,20181026,20180930,-47576286.96,1282153909.49,20181026.0,1.0,1.0,3.0
600776.SH,20181026,20180930,-298945977.18,33960672.53,20181026.0,1.0,1.0,3.0
000786.SZ,20181026,20180930,1850002521.68,1068903096.84,20181026.0,1.0,1.0,3.0
600970.SH,20181026,20180930,-2134273034.46,184636680.59,20181026.0,1.0,1.0,3.0
000002.SZ,20181026,20180930,-25731174684.45,8385684825.72,,,,
002236.SZ,20181026,20180930,-1666971869.53,389636120.07,,,,
000739.SZ,20181026,20180930,600477816.44,109260851.59,20181026.0,1.0,1.0,3.0
601216.SH,20181026,20180930,2013940753.02,70841006.41,,,,
002544.SZ,20181026,20180930,-748765850.23,41825901.31,20181026.0,1.0,1.0,3.0
600971.SH,20181026,20180930,1254912214.99,206549329.72,20181026.0,1.0,1.0,3.0
600252.SH,20181026,20180930,660755881.24,177288077.63,,,,
601333.SH,20181026,20180930,2553037108.0,1894916492.0,,,,
000921.SZ,20181026,20180930,1838239707.44,226981894.43,20190329.0,1.0,1.0,3.0
603698.SH,20181026,20180930,-98244019.17,30903856.21,20181026.0,1.0,1.0,3.0
603979.SH,20181026,20180930,-157674289.73,363445066.1,20181026.0,1.0,1.0,3.0
603528.SH,20181026,20180930,39453094.09,46549001.2,20181026.0,1.0,1.0,3.0
603567.SH,20181026,20180930,279128500.88,334581964.09,20181026.0,1.0,1.0,3.0
603638.SH,20181026,20180930,22957821.28,215194746.71,20181026.0,1.0,1.0,3.0
600903.SH,20181026,20180930,155285347.98,284767172.98,20181026.0,1.0,1.0,3.0
603826.SH,20181026,20180930,91011254.5,194329189.04,20181026.0,1.0,1.0,3.0
603833.SH,20181026,20180930,1516974968.12,2136164387.07,20181026.0,1.0,1.0,3.0
603858.SH,20181026,20180930,2223590951.83,988570700.09,20181026.0,1.0,1.0,3.0
600372.SH,20181026,20180930,-562574203.27,412741298.55,,,,
002532.SZ,20181025,20180930,22007743.93,94168118.09,20181025.0,1.0,1.0,3.0
000550.SZ,20181025,20180930,-2288720986.0,869821604.0,20181025.0,1.0,1.0,3.0
002465.SZ,20181025,20180930,-126584414.17,187902393.16,,,,
600585.SH,20181025,20180930,20638241562.0,2613036870.0,,,,
600299.SH,20181025,20180930,738686767.0,916157471.0,20181025,1,1,3
002920.SZ,20181025,20180930,739152320.71,152509043.87,20181025.0,1.0,1.0,3.0
603077.SH,20181025,20180930,598516894.32,144891446.25,20181025.0,1.0,1.0,3.0
601689.SH,20181025,20180930,378068873.07,1048614940.54,20181025.0,1.0,1.0,3.0
002407.SZ,20181025,20180930,97959799.35,493730302.8,20181025.0,1.0,1.0,3.0
002672.SZ,20181025,20180930,539307205.67,659292066.39,20181025.0,1.0,1.0,3.0
002106.SZ,20181025,20180930,280933604.42,34953267.67,20181025.0,1.0,1.0,3.0
000088.SZ,20181025,20180930,106502138.08,508303523.09,20181025.0,1.0,1.0,3.0
002563.SZ,20181025,20180930,29171456.41,408488245.13,20181025.0,1.0,1.0,3.0
000877.SZ,20181025,20180930,1299566151.53,12484647.32,20181025.0,1.0,1.0,3.0
002431.SZ,20181025,20180930,300738625.96,134941940.34,20181025.0,1.0,1.0,3.0
600674.SH,20181025,20180930,349599659.18,8640219.11,,,,
002595.SZ,20181025,20180930,204836067.68,270041145.87,20181025.0,1.0,1.0,3.0
002022.SZ,20181025,20180930,23265162.96,87832417.14,20181025.0,1.0,1.0,3.0
002190.SZ,20181025,20180930,-129542449.06,495683265.64,20181025.0,1.0,1.0,3.0
002646.SZ,20181025,20180930,1794268.22,60025135.79,20181025.0,1.0,1.0,3.0
002315.SZ,20181025,20180930,15904977.48,89627105.65,20181025.0,1.0,1.0,3.0
002665.SZ,20181025,20180930,-319183918.21,1059329065.22,20181025.0,1.0,1.0,3.0
002219.SZ,20181025,20180930,264372611.34,143137058.05,20181025.0,1.0,1.0,3.0
300357.SZ,20181025,20180930,132382655.68,26354142.19,20181025.0,1.0,1.0,3.0
002268.SZ,20181025,20180930,-587078876.37,153545091.57,20181025.0,1.0,1.0,3.0
002424.SZ,20181025,20180930,-359651853.38,66369351.55,20181025.0,1.0,1.0,3.0
300450.SZ,20181025,20180930,-504148846.25,45471671.64,20181025.0,1.0,1.0,3.0
002507.SZ,20181025,20180930,482055012.17,214861687.84,20181025.0,1.0,1.0,3.0
002508.SZ,20181025,20180930,1200660643.73,108113334.1,20181025.0,1.0,1.0,3.0
603129.SH,20181025,20180930,94444848.2,54638822.5,20181025.0,1.0,1.0,3.0
603444.SH,20181025,20180930,610557220.81,267101425.78,20181025.0,1.0,1.0,3.0
603650.SH,20181025,20180930,94230284.52,82789954.57,20181025.0,1.0,1.0,3.0
601965.SH,20181025,20180930,158781226.27,264318134.26,20181025.0,1.0,1.0,3.0
603883.SH,20181025,20180930,587355657.0,563499296.0,20181025.0,1.0,1.0,3.0
600750.SH,20181025,20180930,375362444.88,95208858.1,20181025.0,1.0,1.0,3.0
002317.SZ,20181025,20180930,259908476.62,99405193.0,20181025.0,1.0,1.0,3.0
002400.SZ,20181025,20180930,386412461.98,44628499.21,20181025.0,1.0,1.0,3.0
002468.SZ,20181025,20180930,1089945858.57,1998576034.28,20181025.0,1.0,1.0,3.0
600129.SH,20181025,20180930,12079583.0,316453186.29,20181025,1,1,3
600220.SH,20181025,20180930,157200054.07,312991014.59,20181025,1,1,3
002269.SZ,20181025,20180930,208418632.0,285455175.0,20181025.0,1.0,1.0,3.0
002472.SZ,20181025,20180930,103029892.59,1165622862.18,20181025.0,1.0,1.0,3.0
300055.SZ,20181025,20180930,11753200.37,253404634.7,20181025.0,1.0,1.0,3.0
002299.SZ,20181025,20180930,1402628765.73,815108308.51,20181025.0,1.0,1.0,3.0
002195.SZ,20181025,20180930,-768304522.57,9779573.83,,,,
002428.SZ,20181025,20180930,7553890.54,30567533.55,20181025.0,1.0,1.0,3.0
601608.SH,20181025,20180930,275686026.2,257147259.57,,,,
300199.SZ,20181025,20180930,192694041.67,237858650.32,20181025.0,1.0,1.0,3.0
000566.SZ,20181025,20180930,-5243765.3,438166666.27,20181025.0,1.0,1.0,3.0
002273.SZ,20181025,20180930,125746478.41,421431240.09,20181025.0,1.0,1.0,3.0
600611.SH,20181025,20180930,261450235.13,492944728.91,20181025,1,1,3
002690.SZ,20181025,20180930,290288311.22,35452190.45,20181025.0,1.0,1.0,3.0
600874.SH,20181025,20180930,625617000.0,1220266000.0,20181025.0,1.0,1.0,3.0
600575.SH,20181025,20180930,1154191443.22,319281450.68,20181025,1,1,3
600565.SH,20181025,20180930,3633276211.36,11412600.16,20181025,1,1,3
600545.SH,20181025,20180930,-1790048000.0,571286000.0,20181025,1,1,3
600867.SH,20181025,20180930,715147916.1,690289283.32,,,,
600507.SH,20181025,20180930,2902021687.62,158844126.16,20181025,1,1,3
600446.SH,20181025,20180930,15335390.62,93776213.01,20181025,1,1,3
300558.SZ,20181025,20180930,227397144.8,469668672.13,20181025.0,1.0,1.0,3.0
002681.SZ,20181025,20180930,416390084.41,316448951.31,20181025.0,1.0,1.0,3.0
300568.SZ,20181025,20180930,211691603.37,723653845.25,20181025.0,1.0,1.0,3.0
601003.SH,20181025,20180930,4681580009.96,55292153.43,20181025.0,1.0,1.0,3.0
600761.SH,20181025,20180930,456867133.03,100737479.48,20181025.0,1.0,1.0,3.0
002487.SZ,20181025,20180930,14848857.56,101042901.48,20181025.0,1.0,1.0,3.0
300124.SZ,20181025,20180930,185804020.29,159112989.27,,,,
002414.SZ,20181025,20180930,-54130162.17,55772902.88,20181025.0,1.0,1.0,3.0
002344.SZ,20181025,20180930,673734500.47,334025798.13,20181025.0,1.0,1.0,3.0
603218.SH,20181024,20180930,137429085.65,85021827.43,20181024.0,1.0,1.0,3.0
600216.SH,20181024,20180930,423145480.07,352546528.79,20181024,1,1,3
000738.SZ,20181024,20180930,-298149804.68,223363782.27,,,,
002051.SZ,20181024,20180930,1469749711.47,80576039.99,20181024.0,1.0,1.0,3.0
603866.SH,20181024,20180930,593389101.37,262266174.99,20181024.0,1.0,1.0,3.0
002500.SZ,20181024,20180930,-2135485431.0,45907563.0,,,,
603868.SH,20181024,20180930,286585511.17,171452480.65,20181024.0,1.0,1.0,3.0
603328.SH,20181024,20180930,507872295.96,121722488.52,20181024.0,1.0,1.0,3.0
002230.SZ,20181024,20180930,-693466966.82,1173142673.16,,,,
600388.SH,20181024,20180930,-201227504.85,89312774.83,20181024,1,1,3
600233.SH,20181024,20180930,1434536509.17,2699906945.07,20181024,1,1,3
002302.SZ,20181024,20180930,-1209787799.35,63676050.82,20181024.0,1.0,1.0,3.0
002405.SZ,20181024,20180930,319561376.58,424403486.15,20181024.0,1.0,1.0,3.0
002466.SZ,20181024,20180930,2781656783.01,2674737573.76,20181024.0,1.0,1.0,3.0
000001.SZ,20181024,20180930,-11310000000.0,1518000000.0,,,,
002032.SZ,20181024,20180930,489470049.02,179858793.91,20181024.0,1.0,1.0,3.0
601939.SH,20181024,20180930,744866000000.0,10758000000.0,,,,
002416.SZ,20181024,20180930,3686564854.68,8294933.07,20181024.0,1.0,1.0,3.0
000555.SZ,20181024,20180930,-720667276.64,27867662.4,20181024.0,1.0,1.0,3.0
000652.SZ,20181024,20180930,1496024353.92,335076182.23,20181024.0,1.0,1.0,3.0
300207.SZ,20181024,20180930,809279786.92,1118783603.47,20181024.0,1.0,1.0,3.0
002497.SZ,20181024,20180930,156837664.77,157926934.18,20181024.0,1.0,1.0,3.0
002482.SZ,20181024,20180930,-154546508.85,416274211.46,20181024.0,1.0,1.0,3.0
600436.SH,20181024,20180930,110187337.73,22953371.57,20181024,1,1,3
300529.SZ,20181024,20180930,224305364.17,130039796.16,20181024.0,1.0,1.0,3.0
300498.SZ,20181024,20180930,3787305573.05,6676070646.46,20181024.0,1.0,1.0,3.0
002738.SZ,20181024,20180930,-99597294.18,14729695.64,20181024.0,1.0,1.0,3.0
002901.SZ,20181024,20180930,193975708.73,71478381.6,20181024.0,1.0,1.0,3.0
002683.SZ,20181024,20180930,327185257.61,324168067.51,20181024.0,1.0,1.0,3.0
600011.SH,20181024,20180930,22366262167.0,11809234811.0,,,,
002358.SZ,20181024,20180930,-536474282.7,1088815629.58,20181024.0,1.0,1.0,3.0
002925.SZ,20181024,20180930,686812992.36,110368885.45,20181024.0,1.0,1.0,3.0
002815.SZ,20181024,20180930,612700272.47,431692994.09,20181024.0,1.0,1.0,3.0
002756.SZ,20181024,20180930,213099545.67,272755207.16,20181024.0,1.0,1.0,3.0
002812.SZ,20181024,20180930,-286553283.37,801908301.38,20181024.0,1.0,1.0,3.0
002865.SZ,20181024,20180930,9227658.37,108490529.37,20181024.0,1.0,1.0,3.0
002867.SZ,20181024,20180930,388911830.46,355142487.63,20181024.0,1.0,1.0,3.0
002678.SZ,20181024,20180930,-21113100.69,295202651.95,20181024.0,1.0,1.0,3.0
601898.SH,20181024,20180930,16819927000.0,8501411000.0,,,,
002625.SZ,20181024,20180930,90647368.88,121374699.43,20181024.0,1.0,1.0,3.0
300012.SZ,20181024,20180930,268063578.66,352710347.02,20181024.0,1.0,1.0,3.0
300037.SZ,20181024,20180930,176426914.99,252338901.66,20181024.0,1.0,1.0,3.0
002512.SZ,20181024,20180930,5739501.22,40039404.05,20181024.0,1.0,1.0,3.0
002498.SZ,20181024,20180930,-114640952.23,68604190.68,20181024.0,1.0,1.0,3.0
600486.SH,20181023,20180930,872385351.13,464610538.23,20181023,1,1,3
600273.SH,20181023,20180930,671037329.52,136014887.68,20181023,1,1,3
600567.SH,20181023,20180930,3271221252.74,1070109700.95,20181023,1,1,3
002518.SZ,20181023,20180930,-307721794.49,142761180.14,20181023.0,1.0,1.0,3.0
600143.SH,20181023,20180930,363495008.28,820898730.45,20181023,1,1,3
002262.SZ,20181023,20180930,241125111.31,130924859.3,20181023.0,1.0,1.0,3.0
002168.SZ,20181023,20180930,171251071.59,13285086.96,20181023.0,1.0,1.0,3.0
300142.SZ,20181023,20180930,-91114266.51,139671357.74,20181023.0,1.0,1.0,3.0
001979.SZ,20181023,20180930,-5833921556.34,1039234747.89,,,,
300059.SZ,20181023,20180930,550375291.11,165191433.45,,,,
002335.SZ,20181023,20180930,-8622136.12,497235884.57,20181023.0,1.0,1.0,3.0
002436.SZ,20181023,20180930,235600643.69,200547998.78,20181023.0,1.0,1.0,3.0
603026.SH,20181023,20180930,254681154.63,28056951.56,20181023.0,1.0,1.0,3.0
300699.SZ,20181023,20180930,139060454.86,93984037.26,20181023.0,1.0,1.0,3.0
002293.SZ,20181023,20180930,-204865802.3,60220811.46,20181023.0,1.0,1.0,3.0
002318.SZ,20181023,20180930,410311623.86,117921414.9,20181023.0,1.0,1.0,3.0
000631.SZ,20181023,20180930,1393065896.59,5217591.01,20181023.0,1.0,1.0,3.0
002011.SZ,20181023,20180930,42376884.64,459253084.1,20181023.0,1.0,1.0,3.0
600050.SH,20181023,20180930,83131814206.0,41679670887.0,,,,
600549.SH,20181023,20180930,-799712545.11,938424862.63,,,,
002122.SZ,20181023,20180930,-372513600.1,50799814.75,20181023.0,1.0,1.0,3.0
600760.SH,20181023,20180930,-1156639013.72,424885153.06,20181023.0,1.0,1.0,3.0
601958.SH,20181023,20180930,-411615347.09,139781139.25,,,,
002727.SZ,20181023,20180930,251261504.06,97164769.77,20181023.0,1.0,1.0,3.0
600779.SH,20181023,20180930,146565382.41,86351810.82,20181023.0,1.0,1.0,3.0
002392.SZ,20181023,20180930,-84723722.12,93024922.25,20181023.0,1.0,1.0,3.0
002233.SZ,20181023,20180930,1554451627.59,475806220.19,20181023.0,1.0,1.0,3.0
002277.SZ,20181023,20180930,11924522.62,510573068.91,20181023.0,1.0,1.0,3.0
002916.SZ,20181023,20180930,370137868.46,797188230.35,20181023.0,1.0,1.0,3.0
002217.SZ,20181023,20180930,-877518347.99,2160472439.22,20181023.0,1.0,1.0,3.0
002450.SZ,20181023,20180930,2073670430.54,2588605919.04,,,,
002608.SZ,20181023,20180930,1137725027.9,614790912.41,20181023.0,1.0,1.0,3.0
002479.SZ,20181023,20180930,166927570.03,170877551.68,20181023.0,1.0,1.0,3.0
002461.SZ,20181023,20180930,722297048.16,156225599.96,20181023.0,1.0,1.0,3.0
002531.SZ,20181023,20180930,315296492.08,1450934796.84,20181023.0,1.0,1.0,3.0
002581.SZ,20181023,20180930,31946142.28,373384117.2,20181023.0,1.0,1.0,3.0
300073.SZ,20181023,20180930,189971049.77,17238571.29,20181023.0,1.0,1.0,3.0
002714.SZ,20181023,20180930,720229237.42,3422619696.23,20181023.0,1.0,1.0,3.0
300346.SZ,20181023,20180930,-13780142.38,28118479.53,20181023.0,1.0,1.0,3.0
002601.SZ,20181023,20180930,1101362650.32,216641710.24,20181023.0,1.0,1.0,3.0
002773.SZ,20181023,20180930,205437457.68,329221371.2,20181023.0,1.0,1.0,3.0
601678.SH,20181023,20180930,844260092.72,362317282.13,20181023.0,1.0,1.0,3.0
300390.SZ,20181023,20180930,58687778.18,28169386.18,20181023.0,1.0,1.0,3.0
300394.SZ,20181023,20180930,78808233.85,19041564.67,20181023.0,1.0,1.0,3.0
002648.SZ,20181023,20180930,379011436.36,945414479.92,20181023.0,1.0,1.0,3.0
600399.SH,20181022,20180930,133336555.25,108072694.6,20181022,1,1,3
002008.SZ,20181022,20180930,-634917564.38,867175956.85,,,,
002001.SZ,20181022,20180930,2503119822.83,3102522824.12,20181022.0,1.0,1.0,3.0
002092.SZ,20181022,20180930,3906023960.45,2913159612.38,20181022.0,1.0,1.0,3.0
002028.SZ,20181022,20180930,-349490554.06,36900441.45,20181022.0,1.0,1.0,3.0
002080.SZ,20181022,20180930,515258753.4,1301202351.05,20181022.0,1.0,1.0,3.0
002491.SZ,20181022,20180930,-237400805.37,835595066.53,20181022.0,1.0,1.0,3.0
000960.SZ,20181022,20180930,2176750799.81,2509884141.18,20181022.0,1.0,1.0,3.0
002127.SZ,20181022,20180930,204018095.94,282875.17,20181022.0,1.0,1.0,3.0
000848.SZ,20181020,20180930,139861345.39,8210748.99,20181020.0,1.0,1.0,3.0
000661.SZ,20181020,20180930,301263696.33,420238214.18,20181020.0,1.0,1.0,3.0
600111.SH,20181020,20180930,-906522268.56,90069975.41,,,,
002216.SZ,20181020,20180930,99203368.45,274516084.43,20181020.0,1.0,1.0,3.0
002327.SZ,20181020,20180930,-266878554.89,47659512.29,20181020.0,1.0,1.0,3.0
002456.SZ,20181020,20180930,231073655.31,5311046657.15,,,,
600498.SH,20181020,20180930,-2231622558.68,960868188.42,20181020,1,1,3
002384.SZ,20181020,20180930,1070273185.75,3891532818.2,20181020.0,1.0,1.0,3.0
002475.SZ,20181020,20180930,2074378854.51,3506723785.22,,,,
002281.SZ,20181020,20180930,36722464.44,260218634.88,20181020.0,1.0,1.0,3.0
603568.SH,20181020,20180930,342062148.53,701016418.33,20181020.0,1.0,1.0,3.0
600497.SH,20181020,20180930,1780622919.85,1021015010.0,20181020,1,1,3
600805.SH,20181020,20180930,181234080.6,62172849.08,20181020.0,1.0,1.0,3.0
600566.SH,20181020,20180930,1556946202.05,593196698.31,20181020,1,1,3
600869.SH,20181020,20180930,-426209660.18,412337795.21,20181020.0,1.0,1.0,3.0
000997.SZ,20181020,20180930,239498538.74,421835249.01,20181020.0,1.0,1.0,3.0
000008.SZ,20181020,20180930,-892900315.24,45086143.84,20181020.0,1.0,1.0,3.0
002242.SZ,20181020,20180930,418462966.54,128722563.33,20181020.0,1.0,1.0,3.0
603501.SH,20181020,20180930,-189399431.45,38864138.8,20181020.0,1.0,1.0,3.0
603659.SH,20181020,20180930,179209766.85,547217789.66,20181020.0,1.0,1.0,3.0
002415.SZ,20181020,20180930,2646271297.5,2045279305.07,,,,
600346.SH,20181020,20180930,5680347925.02,27848514294.68,20181020,1,1,3
600415.SH,20181020,20180930,-345553089.44,470033640.08,,,,
601168.SH,20181020,20180930,-416873780.0,2499928422.0,20181020.0,1.0,1.0,3.0
002223.SZ,20181020,20180930,374223632.11,348731425.5,20181020.0,1.0,1.0,3.0
600763.SH,20181020,20180930,335237911.06,224536263.76,20181020.0,1.0,1.0,3.0
601666.SH,20181020,20180930,3573328954.13,1000709696.44,20181020.0,1.0,1.0,3.0
002271.SZ,20181020,20180930,-530684128.0,1288202332.92,20181020.0,1.0,1.0,3.0
002138.SZ,20181020,20180930,468926007.73,415810604.45,20181020.0,1.0,1.0,3.0
002408.SZ,20181020,20180930,581231805.83,238552996.76,20181020.0,1.0,1.0,3.0
002463.SZ,20181020,20180930,606518078.0,251180520.0,20181020.0,1.0,1.0,3.0
000937.SZ,20181020,20180930,2328521237.45,678107896.5,,,,
603606.SH,20181020,20180930,29793028.43,100110032.2,20181020.0,1.0,1.0,3.0
000559.SZ,20181020,20180930,115556825.26,575987596.04,,,,
002056.SZ,20181020,20180930,310138348.13,248952657.8,20181020.0,1.0,1.0,3.0
002265.SZ,20181020,20180930,77529263.97,71754993.03,20181020.0,1.0,1.0,3.0
600176.SH,20181019,20180930,2436727906.63,3190958583.91,20181019,1,1,3
600808.SH,20181019,20180930,8007717333.0,1468171561.0,20181019.0,1.0,1.0,3.0
600251.SH,20181019,20180930,1195182613.44,26420751.36,20181019,1,1,3
600280.SH,20181019,20180930,-148140439.03,72452384.64,20181019,1,1,3
603260.SH,20181019,20180930,1287300322.68,2247526197.9,20181019.0,1.0,1.0,3.0
300122.SZ,20181019,20180930,3790467.7,339752539.56,20181019.0,1.0,1.0,3.0
600422.SH,20181019,20180930,125422952.87,147189780.67,20181019,1,1,3
002440.SZ,20181019,20180930,784291022.37,283534659.79,20181019.0,1.0,1.0,3.0
600256.SH,20181019,20180930,3240747534.22,1104417671.23,,,,
000723.SZ,20181019,20180930,1017213353.4,639251717.25,20181019.0,1.0,1.0,3.0
600309.SH,20181019,20180930,15519427614.9,7115129262.63,,,,
603377.SH,20181019,20180930,586409126.81,1036001240.28,20181019.0,1.0,1.0,3.0
002419.SZ,20181019,20180930,1075598983.0,382006754.76,20181019.0,1.0,1.0,3.0
002085.SZ,20181019,20180930,601089707.65,1072779014.39,20181019.0,1.0,1.0,3.0
000990.SZ,20181019,20180930,917606550.74,977654629.85,20181019.0,1.0,1.0,3.0
300291.SZ,20181019,20180930,374118177.97,82112914.2,20181019.0,1.0,1.0,3.0
603885.SH,20181019,20180930,2069659124.0,1631535394.0,,,,
600481.SH,20181019,20180930,194435222.22,28152555.19,20181019,1,1,3
002568.SZ,20181019,20180930,167082980.93,116344320.7,20181019.0,1.0,1.0,3.0
603737.SH,20181018,20180930,-109271200.44,138225943.17,20181018.0,1.0,1.0,3.0
000959.SZ,20181018,20180930,9025831438.38,4102248521.81,20181018.0,1.0,1.0,3.0
603355.SH,20181018,20180930,581543431.14,120133123.58,20181018.0,1.0,1.0,3.0
002203.SZ,20181018,20180930,2147404925.78,390428245.94,20181018.0,1.0,1.0,3.0
002157.SZ,20181018,20180930,144860430.88,2001052686.4,20181018.0,1.0,1.0,3.0
000401.SZ,20181018,20180930,3283359545.1,365968415.1,20181018.0,1.0,1.0,3.0
300136.SZ,20181018,20180930,424783630.67,1249980819.34,20181018.0,1.0,1.0,3.0
002075.SZ,20181018,20180930,1902798058.34,491478579.29,20181018.0,1.0,1.0,3.0
600812.SH,20181018,20180930,635460806.86,347827797.89,20181018.0,1.0,1.0,3.0
300285.SZ,20181018,20180930,206597623.16,170339150.32,20181018.0,1.0,1.0,3.0
600666.SH,20181018,20180930,-149881810.48,22155747.66,20181018.0,1.0,1.0,3.0
603298.SH,20181018,20180930,393153835.98,506576797.72,20181018.0,1.0,1.0,3.0
000703.SZ,20181016,20180930,1665573819.09,8371089448.81,20181016.0,1.0,1.0,3.0
002458.SZ,20181016,20180930,136400532.21,83669119.93,20181016.0,1.0,1.0,3.0
603569.SH,20181016,20180930,-656905909.17,499491024.91,20181016.0,1.0,1.0,3.0
000818.SZ,20181016,20180930,214674310.77,19947020.35,20181016.0,1.0,1.0,3.0
002240.SZ,20181016,20180930,-197214086.85,280190053.97,20181016.0,1.0,1.0,3.0
300114.SZ,20181016,20180930,6497379.03,34570775.53,20181016.0,1.0,1.0,3.0
603707.SH,20181016,20180930,-26847588.96,43395415.8,20181016.0,1.0,1.0,3.0
002761.SZ,20181016,20180930,-11544166.04,38256579.12,20181016.0,1.0,1.0,3.0
302132.SZ,20181016,20180930,6497379.03,34570775.53,20181016.0,1.0,1.0,3.0
603019.SH,20181015,20180930,-104152061.56,352477665.52,20181015.0,1.0,1.0,3.0
003816.SZ,20181015,20180930,22824425114.12,11166423679.32,20181015.0,1.0,1.0,3.0
600873.SH,20181015,20180930,2131753036.17,1577521039.51,,,,
600601.SH,20181013,20180930,129328206.52,301125979.09,20181013,1,1,3
601636.SH,20181012,20180930,1389730348.11,840091625.6,20181012.0,1.0,1.0,3.0
600728.SH,20181011,20180930,-516179273.25,15092663.38,20181011.0,1.0,1.0,3.0
000697.SZ,20181009,20180930,197522632.0,304973283.38,20181009.0,1.0,1.0,3.0
