ts_code,ann_date,end_date,operate_profit
600188.SH,20190831,20190630,8406762000.0
000969.SZ,20190831,20190630,107856003.8
600521.SH,20190831,20190630,436868187.14
002266.SZ,20190831,20190630,85017470.9
000825.SZ,20190831,20190630,1214028670.81
000951.SZ,20190831,20190630,1098728360.03
000685.SZ,20190831,20190630,540273925.74
600393.SH,20190831,20190630,124959877.13
601727.SH,20190831,20190630,3520985000.0
601019.SH,20190831,20190630,758417044.25
000960.SZ,20190831,20190630,715982191.55
601800.SH,20190831,20190630,11585555026.0
600587.SH,20190831,20190630,760625726.54
601010.SH,20190831,20190630,249359793.18
601618.SH,20190831,20190630,4824301000.0
001872.SZ,20190831,20190630,8068834691.27
002304.SZ,20190831,20190630,7427601122.0
601866.SH,20190831,20190630,990154920.52
002308.SZ,20190831,20190630,68437151.99
600900.SH,20190831,20190630,10380052389.48
000669.SZ,20190831,20190630,-144795853.98
600614.SH,20190831,20190630,-58015736.78
600978.SH,20190831,20190630,156789706.89
601919.SH,20190831,20190630,2559047890.03
000627.SZ,20190831,20190630,1679319577.28
000625.SZ,20190831,20190630,-2133685345.51
000623.SZ,20190831,20190630,915415911.58
600406.SH,20190831,20190630,1460628655.81
601399.SH,20190831,20190630,200018238.68
000792.SZ,20190831,20190630,-91268890.25
601390.SH,20190831,20190630,13980116000.0
000800.SZ,20190831,20190630,-31604111.12
600166.SH,20190831,20190630,49034576.14
600158.SH,20190831,20190630,15232958.99
600115.SH,20190831,20190630,2288000000.0
600112.SH,20190831,20190630,-48788792.29
600098.SH,20190831,20190630,572582474.02
600179.SH,20190831,20190630,-267724776.44
600068.SH,20190831,20190630,3847083525.68
600058.SH,20190831,20190630,173108927.33
600039.SH,20190831,20190630,912055928.05
600004.SH,20190831,20190630,584168771.93
000839.SZ,20190831,20190630,218081828.21
000898.SZ,20190831,20190630,1862000000.0
000861.SZ,20190831,20190630,131511247.32
000858.SZ,20190831,20190630,13062943442.16
000876.SZ,20190831,20190630,2333704245.07
000732.SZ,20190831,20190630,2253336694.97
000729.SZ,20190831,20190630,714308210.18
600485.SH,20190831,20190630,-3681396986.35
601238.SH,20190831,20190630,4487589624.0
600567.SH,20190831,20190630,1056326245.89
601258.SH,20190831,20190630,-1145934177.0
600728.SH,20190831,20190630,245217631.75
601118.SH,20190831,20190630,74857501.21
000930.SZ,20190831,20190630,231638201.55
000806.SZ,20190831,20190630,-108903470.58
001696.SZ,20190831,20190630,271492620.58
000917.SZ,20190831,20190630,56602905.29
600939.SH,20190831,20190630,332950623.16
002408.SZ,20190831,20190630,435440472.86
600582.SH,20190831,20190630,835080222.48
600745.SH,20190831,20190630,276974513.63
603885.SH,20190831,20190630,691366328.44
000939.SZ,20190831,20190630,-976413775.6
000555.SZ,20190831,20190630,124673807.39
000592.SZ,20190831,20190630,12920892.19
600635.SH,20190831,20190630,304224101.94
600754.SH,20190831,20190630,883522684.91
000425.SZ,20190831,20190630,2590559523.27
600651.SH,20190831,20190630,-320578481.89
600291.SH,20190831,20190630,-2020251679.67
000413.SZ,20190831,20190630,1062401638.39
600811.SH,20190831,20190630,274884823.41
603737.SH,20190831,20190630,149968891.44
600664.SH,20190831,20190630,60575391.12
000333.SZ,20190831,20190630,18799531000.0
601991.SH,20190831,20190630,3053380000.0
000301.SZ,20190831,20190630,979886651.09
600177.SH,20190831,20190630,2164977990.62
000157.SZ,20190831,20190630,3100338224.83
002382.SZ,20190831,20190630,267499629.95
600783.SH,20190831,20190630,51623520.38
600751.SH,20190831,20190630,536641000.0
000021.SZ,20190831,20190630,222397591.14
600300.SH,20190831,20190630,108664536.86
600240.SH,20190831,20190630,-1664325257.21
002174.SZ,20190831,20190630,419996138.28
002416.SZ,20190831,20190630,180349822.84
600640.SH,20190831,20190630,61839146.69
000651.SZ,20190831,20190630,16393986037.98
600500.SH,20190831,20190630,1730384822.44
000066.SZ,20190831,20190630,172947567.64
600487.SH,20190831,20190630,824808886.92
000034.SZ,20190831,20190630,492385141.96
600739.SH,20190831,20190630,884006293.86
000009.SZ,20190831,20190630,546034589.18
000426.SZ,20190831,20190630,-67498379.3
601186.SH,20190831,20190630,12790296000.0
002432.SZ,20190831,20190630,-67388735.62
600837.SH,20190831,20190630,7649863911.89
600859.SH,20190831,20190630,969659505.34
600170.SH,20190831,20190630,3036002517.51
600320.SH,20190831,20190630,222448155.0
002506.SZ,20190831,20190630,51704467.9
000543.SZ,20190831,20190630,540711350.86
002181.SZ,20190831,20190630,66714528.43
000539.SZ,20190831,20190630,1180630728.0
600827.SH,20190831,20190630,1273282167.77
601888.SH,20190831,20190630,4951633190.72
002558.SZ,20190831,20190630,564617192.42
002024.SZ,20190831,20190630,1367948000.0
002450.SZ,20190831,20190630,-650003762.62
002440.SZ,20190831,20190630,759292030.93
600875.SH,20190831,20190630,895913145.98
601200.SH,20190830,20190630,405335507.24
600157.SH,20190830,20190630,372186958.95
600685.SH,20190830,20190630,-547853481.65
688008.SH,20190830,20190630,458591015.97
688180.SH,20190830,20190630,-310856046.97
600151.SH,20190830,20190630,-102387543.19
300133.SZ,20190830,20190630,-9879098.94
600580.SH,20190830,20190630,724453595.63
600690.SH,20190830,20190630,7110514514.88
600125.SH,20190830,20190630,364008510.07
601607.SH,20190830,20190630,3502347798.08
600787.SH,20190830,20190630,253945628.54
601021.SH,20190830,20190630,1100721098.0
600221.SH,20190830,20190630,699526000.0
601018.SH,20190830,20190630,2856088000.0
603056.SH,20190830,20190630,130025359.89
000537.SZ,20190830,20190630,2151525977.07
000540.SZ,20190830,20190630,1316358469.33
000547.SZ,20190830,20190630,271160667.2
600362.SH,20190830,20190630,1737172089.0
603025.SH,20190830,20190630,184192329.43
600373.SH,20190830,20190630,972354485.44
603000.SH,20190830,20190630,70949713.46
601212.SH,20190830,20190630,135516779.37
000566.SZ,20190830,20190630,96342647.33
002335.SZ,20190830,20190630,110782121.31
601989.SH,20190830,20190630,1257003426.15
603160.SH,20190830,20190630,1173536243.79
000587.SZ,20190830,20190630,-1255494427.75
000998.SZ,20190830,20190630,143244058.82
002065.SZ,20190830,20190630,401784305.2
600795.SH,20190830,20190630,5340507365.85
600956.SH,20190830,20190630,1510080436.46
300433.SZ,20190830,20190630,-233003900.15
600108.SH,20190830,20190630,52354162.66
300253.SZ,20190830,20190630,128833995.02
300408.SZ,20190830,20190630,552783259.36
300395.SZ,20190830,20190630,108838577.3
300324.SZ,20190830,20190630,171989854.28
300316.SZ,20190830,20190630,279206830.52
300297.SZ,20190830,20190630,187690740.44
300291.SZ,20190830,20190630,82551254.15
300273.SZ,20190830,20190630,71600175.03
300212.SZ,20190830,20190630,219491270.27
600104.SH,20190830,20190630,20519426503.79
300207.SZ,20190830,20190630,320619236.2
300182.SZ,20190830,20190630,215548939.11
300180.SZ,20190830,20190630,52842707.05
300166.SZ,20190830,20190630,85479756.22
300156.SZ,20190830,20190630,-345812015.85
300147.SZ,20190830,20190630,74432499.65
601000.SH,20190830,20190630,1097759865.61
300413.SZ,20190830,20190630,824291928.43
300432.SZ,20190830,20190630,97544934.76
300438.SZ,20190830,20190630,159882737.37
300459.SZ,20190830,20190630,505028783.24
600100.SH,20190830,20190630,432379405.89
600089.SH,20190830,20190630,1379159851.96
600079.SH,20190830,20190630,807526657.72
600074.SH,20190830,20190630,-169723769.16
600037.SH,20190830,20190630,440947626.0
600031.SH,20190830,20190630,8575009000.0
600026.SH,20190830,20190630,700538161.15
600021.SH,20190830,20190630,1415262539.39
600008.SH,20190830,20190630,609591231.23
302132.SZ,20190830,20190630,140124086.77
300782.SZ,20190830,20190630,173631325.83
300682.SZ,20190830,20190630,564566956.44
300679.SZ,20190830,20190630,113808842.1
300677.SZ,20190830,20190630,83040912.58
300487.SZ,20190830,20190630,156572401.8
002030.SZ,20190830,20190630,72683797.72
300134.SZ,20190830,20190630,47916199.16
600887.SH,20190830,20190630,4544286118.48
300122.SZ,20190830,20190630,1377753449.11
603698.SH,20190830,20190630,68999871.4
000089.SZ,20190830,20190630,471016614.71
600289.SH,20190830,20190630,-127080891.34
000338.SZ,20190830,20190630,8277224418.22
000758.SZ,20190830,20190630,260170435.65
000630.SZ,20190830,20190630,715080280.71
601801.SH,20190830,20190630,447225697.78
601811.SH,20190830,20190630,601561511.94
300115.SZ,20190830,20190630,159316463.48
002431.SZ,20190830,20190630,-203404464.91
300114.SZ,20190830,20190630,140124086.77
300113.SZ,20190830,20190630,281840761.43
300100.SZ,20190830,20190630,20433861.42
300088.SZ,20190830,20190630,532118838.06
300043.SZ,20190830,20190630,108044036.34
300027.SZ,20190830,20190630,-395650095.01
002698.SZ,20190830,20190630,199081365.65
002672.SZ,20190830,20190630,335214928.87
603699.SH,20190830,20190630,249003148.57
600276.SH,20190830,20190630,2878008350.08
603501.SH,20190830,20190630,-7065346.16
601766.SH,20190830,20190630,6654056000.0
000158.SZ,20190830,20190630,42969562.12
002326.SZ,20190830,20190630,168947951.41
600522.SH,20190830,20190630,1292373330.81
002261.SZ,20190830,20190630,25579133.16
000816.SZ,20190830,20190630,-32246064.37
601228.SH,20190830,20190630,797967119.65
002249.SZ,20190830,20190630,326998341.67
600547.SH,20190830,20190630,992371008.99
601857.SH,20190830,20190630,65092000000.0
000616.SZ,20190830,20190630,460222.68
000564.SZ,20190830,20190630,142959617.29
000025.SZ,20190830,20190630,51734530.58
000156.SZ,20190830,20190630,438497419.34
600292.SH,20190830,20190630,63764375.87
000408.SZ,20190830,20190630,280632732.81
600808.SH,20190830,20190630,1384597342.0
603486.SH,20190830,20190630,156955074.91
002572.SZ,20190830,20190630,477111385.78
300104.SZ,20190830,20190630,-263603627.11
002430.SZ,20190830,20190630,515186669.96
002005.SZ,20190830,20190630,-110768738.23
002032.SZ,20190830,20190630,1111596433.94
600575.SH,20190830,20190630,345332696.78
002138.SZ,20190830,20190630,234099730.53
002426.SZ,20190830,20190630,-222540283.56
002018.SZ,20190830,20190630,-36388067.01
603077.SH,20190830,20190630,346358476.22
600556.SH,20190830,20190630,-20820303.0
000887.SZ,20190830,20190630,551651488.95
600977.SH,20190830,20190630,1027510066.51
600917.SH,20190830,20190630,226902348.35
600996.SH,20190830,20190630,147291352.8
601126.SH,20190830,20190630,47710762.95
002212.SZ,20190830,20190630,-91698875.48
002123.SZ,20190830,20190630,143840466.1
600611.SH,20190830,20190630,758453554.43
000900.SZ,20190830,20190630,775630887.73
000878.SZ,20190830,20190630,638718069.03
601117.SH,20190830,20190630,2035718113.79
600707.SH,20190830,20190630,-248199701.35
002120.SZ,20190830,20190630,1777299244.57
000977.SZ,20190830,20190630,322321038.37
002118.SZ,20190830,20190630,70502468.75
601908.SH,20190830,20190630,84439241.81
000501.SZ,20190830,20190630,797624900.95
600425.SH,20190830,20190630,176756292.14
601868.SH,20190830,20190630,5508416083.29
000612.SZ,20190830,20190630,-62080408.13
601899.SH,20190830,20190630,3215321240.0
600737.SH,20190830,20190630,356694352.17
600295.SH,20190830,20190630,862419985.06
600645.SH,20190830,20190630,100895785.54
002007.SZ,20190830,20190630,609535288.75
601877.SH,20190830,20190630,2140398067.05
002050.SZ,20190830,20190630,829883079.33
600597.SH,20190830,20190630,748290520.0
600428.SH,20190830,20190630,125056060.8
600825.SH,20190830,20190630,19080037.37
601058.SH,20190829,20190630,574855605.14
002152.SZ,20190829,20190630,496494387.83
600284.SH,20190829,20190630,168596193.29
000538.SZ,20190829,20190630,2490580814.66
000883.SZ,20190829,20190630,1611641185.97
002387.SZ,20190829,20190630,134638653.64
601111.SH,20190829,20190630,4382127000.0
600594.SH,20190829,20190630,126649158.35
603260.SH,20190829,20190630,795460416.33
000541.SZ,20190829,20190630,193202450.93
600096.SH,20190829,20190630,212954666.71
300567.SZ,20190829,20190630,176016674.66
600088.SH,20190829,20190630,90171297.71
300199.SZ,20190829,20190630,81671213.87
300202.SZ,20190829,20190630,22766540.16
600131.SH,20190829,20190630,99569403.52
300476.SZ,20190829,20190630,261993004.04
300251.SZ,20190829,20190630,85622014.93
600153.SH,20190829,20190630,2434697649.64
601699.SH,20190829,20190630,2093203556.72
300315.SZ,20190829,20190630,232540565.44
300760.SZ,20190829,20190630,2732276379.0
300442.SZ,20190829,20190630,21012998.11
002122.SZ,20190829,20190630,-242770977.99
000550.SZ,20190829,20190630,-143196627.0
601669.SH,20190829,20190630,6746462101.15
002512.SZ,20190829,20190630,46362816.57
002608.SZ,20190829,20190630,2394397419.22
603983.SH,20190829,20190630,308237363.29
000008.SZ,20190829,20190630,87925038.23
002761.SZ,20190829,20190630,-5452606.21
002831.SZ,20190829,20190630,346766105.17
601928.SH,20190829,20190630,905885928.05
300001.SZ,20190829,20190630,58179090.45
300010.SZ,20190829,20190630,24059047.35
603883.SH,20190829,20190630,405032792.0
001289.SZ,20190829,20190630,4365440665.0
601668.SH,20190829,20190630,41712224000.0
601872.SH,20190829,20190630,502088792.93
002312.SZ,20190829,20190630,-53668341.43
000591.SZ,20190829,20190630,502403104.78
002153.SZ,20190829,20190630,257198038.39
002074.SZ,20190829,20190630,388089778.79
002251.SZ,20190829,20190630,325177482.07
002532.SZ,20190829,20190630,76150908.56
600879.SH,20190829,20190630,308397460.15
000060.SZ,20190829,20190630,537233262.49
002491.SZ,20190829,20190630,32080938.38
002022.SZ,20190829,20190630,211247494.51
000988.SZ,20190829,20190630,389535161.85
002044.SZ,20190829,20190630,79249878.0
002002.SZ,20190829,20190630,331023593.62
600804.SH,20190829,20190630,8549422.51
601012.SH,20190829,20190630,2445406553.03
603355.SH,20190829,20190630,275613946.72
002063.SZ,20190829,20190630,70459807.2
000090.SZ,20190829,20190630,395183628.93
600881.SH,20190829,20190630,205735419.58
002468.SZ,20190829,20190630,1058598718.39
001965.SZ,20190829,20190630,2708494396.15
002589.SZ,20190829,20190630,873660954.29
601933.SH,20190829,20190630,1483186650.13
601965.SH,20190829,20190630,226762957.81
002460.SZ,20190829,20190630,386223365.05
002463.SZ,20190829,20190630,547216338.0
600478.SH,20190829,20190630,-165376508.33
002250.SZ,20190829,20190630,326368837.16
600260.SH,20190829,20190630,716898986.15
600361.SH,20190829,20190630,52413018.4
002375.SZ,20190829,20190630,228649304.01
600350.SH,20190829,20190630,2185119618.56
600660.SH,20190829,20190630,1686856062.0
600518.SH,20190829,20190630,145762158.7
600339.SH,20190829,20190630,341733563.99
600498.SH,20190829,20190630,451479701.07
002280.SZ,20190829,20190630,36172568.3
002219.SZ,20190829,20190630,6399310.27
600280.SH,20190829,20190630,84416187.09
002156.SZ,20190829,20190630,-113558468.72
000761.SZ,20190829,20190630,528661010.57
000429.SZ,20190829,20190630,1036778626.11
601298.SH,20190829,20190630,2681068290.0
601326.SH,20190829,20190630,701524105.26
000807.SZ,20190829,20190630,202663543.55
000528.SZ,20190829,20190630,828127320.04
601611.SH,20190829,20190630,669688319.13
601006.SH,20190829,20190630,11710823364.0
601179.SH,20190829,20190630,230826146.26
002276.SZ,20190829,20190630,109159679.36
600584.SH,20190829,20190630,-458924658.99
002185.SZ,20190829,20190630,118160552.47
600536.SH,20190829,20190630,-258465533.9
600259.SH,20190829,20190630,86187623.89
600180.SH,20190829,20190630,391928971.11
600233.SH,20190829,20190630,1092400091.13
002203.SZ,20190829,20190630,723188709.13
000568.SZ,20190829,20190630,3665152939.55
600398.SH,20190829,20190630,2804037710.19
600570.SH,20190829,20190630,734392188.27
603979.SH,20190829,20190630,208742304.53
601717.SH,20190829,20190630,987820502.14
002345.SZ,20190829,20190630,165696467.85
600468.SH,20190829,20190630,46198910.31
600460.SH,20190828,20190630,-6994846.58
601869.SH,20190828,20190630,481523089.0
600483.SH,20190828,20190630,613983893.57
601858.SH,20190828,20190630,125849386.67
601106.SH,20190828,20190630,43730765.96
600458.SH,20190828,20190630,25751368.07
600705.SH,20190828,20190630,3156743809.73
601216.SH,20190828,20190630,1590187949.39
688088.SH,20190828,20190630,107691271.34
601799.SH,20190828,20190630,395153029.54
601098.SH,20190828,20190630,733817350.13
002396.SZ,20190828,20190630,151280245.3
600755.SH,20190828,20190630,1819933646.4
601226.SH,20190828,20190630,18740983.65
300763.SZ,20190828,20190630,35206357.41
600122.SH,20190828,20190630,-509579317.2
600086.SH,20190828,20190630,-500103632.3
000680.SZ,20190828,20190630,58234445.65
300136.SZ,20190828,20190630,415391969.92
300140.SZ,20190828,20190630,94050204.82
300376.SZ,20190828,20190630,253592657.18
300482.SZ,20190828,20190630,262470690.56
300529.SZ,20190828,20190630,361982139.63
300573.SZ,20190828,20190630,5664291.14
300595.SZ,20190828,20190630,133199670.47
300676.SZ,20190828,20190630,229329960.28
300724.SZ,20190828,20190630,267263523.54
300735.SZ,20190828,20190630,209717720.02
600006.SH,20190828,20190630,223877853.11
600009.SH,20190828,20190630,3569571720.53
600010.SH,20190828,20190630,1422761740.26
600029.SH,20190828,20190630,2079000000.0
600056.SH,20190828,20190630,1123810272.2
600067.SH,20190828,20190630,430554305.55
002292.SZ,20190828,20190630,114431827.9
002470.SZ,20190828,20190630,478067533.43
002366.SZ,20190828,20190630,-145280303.4
002705.SZ,20190828,20190630,275803501.49
600765.SH,20190828,20190630,158394213.79
600682.SH,20190828,20190630,1381902806.01
601880.SH,20190828,20190630,452715978.04
002078.SZ,20190828,20190630,1030138530.67
600850.SH,20190828,20190630,199439002.74
600871.SH,20190828,20190630,736554000.0
600637.SH,20190828,20190630,1356315220.29
600628.SH,20190828,20190630,55935275.81
600612.SH,20190828,20190630,1294879156.19
601002.SH,20190828,20190630,107056997.87
601016.SH,20190828,20190630,400917700.97
600820.SH,20190828,20190630,1139919453.98
600416.SH,20190828,20190630,-202853893.49
600729.SH,20190828,20190630,800410298.67
603026.SH,20190828,20190630,262707182.64
603589.SH,20190828,20190630,1199459383.27
600759.SH,20190828,20190630,89437877.39
002223.SZ,20190828,20190630,619444770.41
000869.SZ,20190828,20190630,809048029.0
002354.SZ,20190828,20190630,-115481389.69
000963.SZ,20190828,20190630,2007377387.62
002946.SZ,20190828,20190630,115765569.0
002865.SZ,20190828,20190630,-39913382.62
600764.SH,20190828,20190630,18117665.4
603517.SH,20190828,20190630,507357749.98
600410.SH,20190828,20190630,172469853.87
603833.SH,20190828,20190630,737649390.2
601718.SH,20190828,20190630,59007000.91
601728.SH,20190828,20190630,19536355245.92
600482.SH,20190828,20190630,590474414.49
600803.SH,20190828,20190630,862153232.73
600760.SH,20190828,20190630,513811396.06
600307.SH,20190828,20190630,774683698.03
603188.SH,20190828,20190630,57813839.49
603728.SH,20190828,20190630,81102867.93
603799.SH,20190828,20190630,61012917.65
600271.SH,20190828,20190630,1324455446.52
603858.SH,20190828,20190630,1094699265.12
603659.SH,20190828,20190630,302719566.19
603233.SH,20190828,20190630,509102564.15
603650.SH,20190828,20190630,257170862.81
603001.SH,20190828,20190630,126651541.03
603986.SH,20190828,20190630,187893074.46
600378.SH,20190828,20190630,256048805.63
603888.SH,20190828,20190630,96445174.11
601992.SH,20190828,20190630,5264277260.07
600258.SH,20190828,20190630,557491913.03
600395.SH,20190828,20190630,771927838.56
600409.SH,20190828,20190630,558982427.62
002791.SZ,20190828,20190630,140205474.53
300002.SZ,20190828,20190630,-238962665.35
002309.SZ,20190828,20190630,65966780.14
601600.SH,20190828,20190630,1652953000.0
002642.SZ,20190828,20190630,22356748.51
000039.SZ,20190828,20190630,1518517000.0
000030.SZ,20190828,20190630,447020660.67
000785.SZ,20190828,20190630,169118146.12
000063.SZ,20190828,20190630,2343209000.0
002110.SZ,20190828,20190630,2837539805.63
000997.SZ,20190828,20190630,502935408.77
600175.SH,20190828,20190630,-231902150.84
601615.SH,20190828,20190630,315219424.86
002180.SZ,20190828,20190630,532423012.19
601598.SH,20190828,20190630,1772217732.82
000046.SZ,20190828,20190630,2410901172.9
600525.SH,20190828,20190630,90721618.35
601369.SH,20190828,20190630,455388799.97
601001.SH,20190828,20190630,1139984824.28
603993.SH,20190828,20190630,827934803.41
002332.SZ,20190828,20190630,248899757.34
000062.SZ,20190828,20190630,465852676.93
000967.SZ,20190828,20190630,793367711.21
000631.SZ,20190828,20190630,576559421.35
002352.SZ,20190828,20190630,3897514258.56
000559.SZ,20190828,20190630,351448089.64
000723.SZ,20190828,20190630,949782197.18
600515.SH,20190828,20190630,426021662.77
002422.SZ,20190828,20190630,849195477.0
300009.SZ,20190828,20190630,167637134.58
002472.SZ,20190828,20190630,84460355.28
002498.SZ,20190828,20190630,229160739.31
002437.SZ,20190828,20190630,275351508.01
002428.SZ,20190828,20190630,-9090238.6
000727.SZ,20190828,20190630,-1629966692.88
002409.SZ,20190828,20190630,130364496.83
002399.SZ,20190828,20190630,624254184.99
300003.SZ,20190828,20190630,1328897563.87
002503.SZ,20190828,20190630,255157890.86
002563.SZ,20190828,20190630,998783217.38
002581.SZ,20190828,20190630,35111553.73
002595.SZ,20190828,20190630,446802975.32
002555.SZ,20190828,20190630,1290482127.34
002190.SZ,20190828,20190630,679533833.5
002635.SZ,20190828,20190630,-383962840.78
000061.SZ,20190828,20190630,204995611.25
002640.SZ,20190828,20190630,542725277.08
002482.SZ,20190828,20190630,196352390.25
600143.SH,20190827,20190630,588647656.58
600167.SH,20190827,20190630,1070944473.54
688009.SH,20190827,20190630,2871200759.18
300244.SZ,20190827,20190630,462308902.09
300972.SZ,20190827,20190630,33698012.39
600017.SH,20190827,20190630,532809175.85
300168.SZ,20190827,20190630,46039821.25
600023.SH,20190827,20190630,3155166543.65
600085.SH,20190827,20190630,1319026849.21
300197.SZ,20190827,20190630,7043964.47
600073.SH,20190827,20190630,580433179.44
300267.SZ,20190827,20190630,150417875.73
600066.SH,20190827,20190630,765931325.48
300558.SZ,20190827,20190630,111144705.83
002411.SZ,20190827,20190630,421525179.18
600537.SH,20190827,20190630,-59824784.98
000778.SZ,20190827,20190630,1245980633.74
600967.SH,20190827,20190630,390948018.65
600959.SH,20190827,20190630,244096356.08
002010.SZ,20190827,20190630,887052084.87
600790.SH,20190827,20190630,237934870.76
002064.SZ,20190827,20190630,276408885.32
600809.SH,20190827,20190630,1768361891.42
601608.SH,20190827,20190630,120106354.07
600277.SH,20190827,20190630,901585851.91
600617.SH,20190827,20190630,22989614.65
000099.SZ,20190827,20190630,133747457.02
600219.SH,20190827,20190630,985034197.92
600704.SH,20190827,20190630,2792288012.96
601100.SH,20190827,20190630,777286396.02
601633.SH,20190827,20190630,1779024060.6
601698.SH,20190827,20190630,377002985.97
000893.SZ,20190827,20190630,39332907.88
600380.SH,20190827,20190630,1213300940.35
600995.SH,20190827,20190630,350109530.87
600998.SH,20190827,20190630,976812470.53
000980.SZ,20190827,20190630,-298064969.05
000830.SZ,20190827,20190630,986000501.52
000777.SZ,20190827,20190630,41109969.84
601360.SH,20190827,20190630,4933518000.0
600418.SH,20190827,20190630,293149830.62
600546.SH,20190827,20190630,1650170143.79
600601.SH,20190827,20190630,-243865599.45
600733.SH,20190827,20190630,92781438.94
600220.SH,20190827,20190630,74210362.81
603866.SH,20190827,20190630,382959758.54
002106.SZ,20190827,20190630,104192519.47
002130.SZ,20190827,20190630,107344356.84
600273.SH,20190827,20190630,778829792.4
002019.SZ,20190827,20190630,590164825.72
002390.SZ,20190827,20190630,154837930.69
603556.SH,20190827,20190630,318788442.92
000636.SZ,20190827,20190630,342506889.29
002085.SZ,20190827,20190630,518339477.72
603786.SH,20190827,20190630,275246999.18
000078.SZ,20190827,20190630,566700023.54
603555.SH,20190827,20190630,-49364240.15
603267.SH,20190827,20190630,212140149.96
000768.SZ,20190827,20190630,270875941.33
000581.SZ,20190827,20190630,1331572043.53
002358.SZ,20190827,20190630,27160271.87
600335.SH,20190827,20190630,555551368.79
601515.SH,20190827,20190630,427988863.5
601567.SH,20190827,20190630,655243167.18
600596.SH,20190827,20190630,364208194.29
600351.SH,20190827,20190630,186422639.16
002709.SZ,20190827,20190630,73358033.3
002505.SZ,20190827,20190630,-32782061.98
300073.SZ,20190827,20190630,176940090.65
002701.SZ,20190827,20190630,665697817.0
002517.SZ,20190827,20190630,87797386.76
002489.SZ,20190827,20190630,402669928.74
300026.SZ,20190827,20190630,418889511.44
002477.SZ,20190827,20190630,-1495247098.39
002551.SZ,20190827,20190630,80742584.27
002573.SZ,20190827,20190630,252324641.42
002508.SZ,20190827,20190630,801761126.0
002588.SZ,20190827,20190630,113092998.67
002434.SZ,20190827,20190630,268447319.96
002509.SZ,20190827,20190630,-85763707.7
002602.SZ,20190827,20190630,1362276499.67
002603.SZ,20190827,20190630,544274658.83
002837.SZ,20190827,20190630,54278799.71
002714.SZ,20190827,20190630,-166352915.54
002756.SZ,20190827,20190630,316465054.5
002424.SZ,20190827,20190630,279458806.68
002414.SZ,20190827,20190630,153077013.45
300124.SZ,20190827,20190630,439706363.21
002048.SZ,20190827,20190630,647716109.04
600874.SH,20190827,20190630,287080000.0
601828.SH,20190827,20190630,3563246052.39
000961.SZ,20190827,20190630,2260574775.0
000725.SZ,20190827,20190630,1717360481.0
601865.SH,20190827,20190630,302376130.01
002294.SZ,20190827,20190630,734400574.87
002038.SZ,20190827,20190630,402601731.96
000683.SZ,20190827,20190630,781333766.25
600623.SH,20190827,20190630,708634307.6
002192.SZ,20190827,20190630,-31479225.02
000709.SZ,20190827,20190630,1839824713.89
600851.SH,20190827,20190630,94537703.3
600282.SH,20190827,20190630,2689636978.61
600968.SH,20190827,20190630,929475021.79
002318.SZ,20190827,20190630,250077478.6
600655.SH,20190827,20190630,1871980259.37
600981.SH,20190827,20190630,364821769.81
600545.SH,20190827,20190630,430473000.0
600196.SH,20190827,20190630,2217514653.96
000919.SZ,20190827,20190630,312558096.03
000931.SZ,20190827,20190630,60809022.17
600486.SH,20190827,20190630,741896809.14
600598.SH,20190827,20190630,692486948.45
002221.SZ,20190826,20190630,798965552.04
002773.SZ,20190826,20190630,401920435.85
002392.SZ,20190826,20190630,224683074.65
002267.SZ,20190826,20190630,306879540.36
000596.SZ,20190826,20190630,1684680975.56
600886.SH,20190826,20190630,4815182367.48
601929.SH,20190826,20190630,101318030.78
002013.SZ,20190826,20190630,378639184.67
603708.SH,20190826,20190630,292459993.48
603156.SH,20190826,20190630,1576171970.09
600869.SH,20190826,20190630,262650223.58
002583.SZ,20190826,20190630,30533615.11
002531.SZ,20190826,20190630,382803564.28
600565.SH,20190826,20190630,491833942.56
002161.SZ,20190826,20190630,92970372.93
600687.SH,20190826,20190630,-214171909.54
002405.SZ,20190826,20190630,63070167.02
002315.SZ,20190826,20190630,135310479.4
600377.SH,20190826,20190630,2995182354.0
600776.SH,20190826,20190630,58839834.54
603005.SH,20190826,20190630,25262521.52
002600.SZ,20190826,20190630,1260152766.15
002073.SZ,20190826,20190630,48381544.23
600562.SH,20190826,20190630,22550520.24
002646.SZ,20190826,20190630,29695194.66
002738.SZ,20190826,20190630,135903100.18
002487.SZ,20190826,20190630,73591539.13
600028.SH,20190826,20190630,49178000000.0
300618.SZ,20190824,20190630,-116835349.02
300741.SZ,20190824,20190630,665639834.0
300750.SZ,20190824,20190630,2812549873.07
300142.SZ,20190824,20190630,135458048.01
300751.SZ,20190824,20190630,127291269.18
600111.SH,20190824,20190630,361773571.53
600027.SH,20190824,20190630,2685264000.0
600038.SH,20190824,20190630,271725495.7
300287.SZ,20190824,20190630,51851971.25
600132.SH,20190824,20190630,313353314.41
300308.SZ,20190824,20190630,232047767.2
300604.SZ,20190824,20190630,-3491335.65
600372.SH,20190824,20190630,222961758.35
000813.SZ,20190824,20190630,285976670.16
600602.SH,20190824,20190630,150972874.8
603899.SH,20190824,20190630,543485981.71
002176.SZ,20190824,20190630,86152464.85
600667.SH,20190824,20190630,390904049.91
601088.SH,20190824,20190630,36716000000.0
000652.SZ,20190824,20190630,22542417.49
000973.SZ,20190824,20190630,70904238.63
601918.SH,20190824,20190630,1102290352.66
000600.SZ,20190824,20190630,660266268.46
000829.SZ,20190824,20190630,31609646.2
000032.SZ,20190824,20190630,73300418.36
600717.SH,20190824,20190630,728084416.59
600718.SH,20190824,20190630,-54904318.0
600654.SH,20190824,20190630,-77486036.17
600835.SH,20190824,20190630,1020782607.43
600831.SH,20190824,20190630,78701427.74
000503.SZ,20190824,20190630,-112093752.64
000403.SZ,20190824,20190630,83623736.1
000733.SZ,20190824,20190630,251514068.42
603567.SH,20190824,20190630,291578072.32
601898.SH,20190824,20190630,7978968000.0
002191.SZ,20190824,20190630,583564381.32
002265.SZ,20190824,20190630,-9139569.36
002268.SZ,20190824,20190630,-107905193.37
600528.SH,20190824,20190630,995592393.41
600566.SH,20190824,20190630,1087566537.08
600236.SH,20190824,20190630,1689083478.76
002126.SZ,20190824,20190630,243810828.15
002202.SZ,20190824,20190630,1422333573.37
600171.SH,20190824,20190630,161861853.81
000582.SZ,20190824,20190630,597774409.86
600436.SH,20190824,20190630,895338072.82
600187.SH,20190824,20190630,13485393.06
002269.SZ,20190824,20190630,-130468008.0
002273.SZ,20190824,20190630,171111268.78
600297.SH,20190824,20190630,2502700798.65
600893.SH,20190824,20190630,407633013.73
000511.SZ,20190824,20190630,-44911086.82
600496.SH,20190824,20190630,183032629.28
603766.SH,20190824,20190630,465158655.87
600316.SH,20190824,20190630,-39598860.94
300033.SZ,20190824,20190630,307951734.47
601231.SH,20190824,20190630,442730304.06
002179.SZ,20190824,20190630,664804755.85
600993.SH,20190824,20190630,251074994.31
600894.SH,20190824,20190630,295831413.71
300024.SZ,20190824,20190630,240585085.87
000572.SZ,20190824,20190630,-188131635.62
002429.SZ,20190824,20190630,477331501.77
300070.SZ,20190824,20190630,37597318.66
600801.SH,20190824,20190630,4306113714.0
300118.SZ,20190824,20190630,320865131.79
002812.SZ,20190824,20190630,496633075.46
002867.SZ,20190824,20190630,592546290.2
002444.SZ,20190824,20190630,552726271.15
002699.SZ,20190824,20190630,-23486562.9
002665.SZ,20190824,20190630,5467927.13
002841.SZ,20190824,20190630,607081344.38
000400.SZ,20190824,20190630,254577026.91
002925.SZ,20190824,20190630,483858744.9
601985.SH,20190824,20190630,5857469588.23
600509.SH,20190824,20190630,-86524415.5
002277.SZ,20190824,20190630,265799256.49
600348.SH,20190824,20190630,1509400770.29
002281.SZ,20190824,20190630,146695403.31
600397.SH,20190824,20190630,25016498.45
601969.SH,20190824,20190630,75804540.0
600642.SH,20190824,20190630,1694526708.51
002310.SZ,20190824,20190630,-920157908.28
000938.SZ,20190824,20190630,1638042719.23
000028.SZ,20190824,20190630,958387577.12
000860.SZ,20190824,20190630,913221843.97
600761.SH,20190824,20190630,475570184.08
000519.SZ,20190824,20190630,212632789.78
600317.SH,20190823,20190630,761874777.8
601777.SH,20190823,20190630,-1041005403.67
002001.SZ,20190823,20190630,1354312907.01
000958.SZ,20190823,20190630,237523660.9
000921.SZ,20190823,20190630,1053043462.16
600201.SH,20190823,20190630,179761508.31
000999.SZ,20190823,20190630,2067884779.65
600884.SH,20190823,20190630,329215817.28
601068.SH,20190823,20190630,126499663.63
000831.SZ,20190823,20190630,60279545.69
600497.SH,20190823,20190630,817196542.09
002302.SZ,20190823,20190630,412426743.11
600366.SH,20190823,20190630,66669145.06
000012.SZ,20190823,20190630,465824719.0
603225.SH,20190823,20190630,678290295.15
000536.SZ,20190823,20190630,-736607962.04
600332.SH,20190823,20190630,3176811864.6
002690.SZ,20190823,20190630,239777201.08
601333.SH,20190823,20190630,1016816730.0
603129.SH,20190823,20190630,113800031.05
002681.SZ,20190823,20190630,84600667.94
600466.SH,20190823,20190630,2032990623.44
601958.SH,20190823,20190630,398220902.14
002678.SZ,20190823,20190630,126979103.48
300058.SZ,20190823,20190630,596141838.61
000667.SZ,20190823,20190630,94952991.69
600200.SH,20190823,20190630,67996280.35
600198.SH,20190823,20190630,-343073004.43
600161.SH,20190823,20190630,514849131.17
600160.SH,20190823,20190630,868834867.61
600150.SH,20190823,20190630,62760363.03
600118.SH,20190823,20190630,227991458.13
600025.SH,20190823,20190630,3667936873.71
600022.SH,20190823,20190630,947921011.63
600019.SH,20190823,20190630,8717824146.51
603379.SH,20190823,20190630,548887591.26
300630.SZ,20190823,20190630,126707111.8
601311.SH,20190823,20190630,370115984.96
300458.SZ,20190823,20190630,82056468.72
300454.SZ,20190823,20190630,73454271.75
003816.SZ,20190823,20190630,8372461149.31
002327.SZ,20190823,20190630,188293515.52
000810.SZ,20190823,20190630,272955641.48
002466.SZ,20190823,20190630,618251283.68
000703.SZ,20190823,20190630,1967065062.55
300015.SZ,20190823,20190630,1034468375.35
600549.SH,20190823,20190630,200226617.35
002011.SZ,20190823,20190630,507385127.28
300373.SZ,20190823,20190630,98553731.48
300347.SZ,20190823,20190630,432690108.64
300339.SZ,20190823,20190630,103170268.3
002707.SZ,20190823,20190630,152752021.41
688778.SH,20190823,20190630,
002093.SZ,20190823,20190630,83825438.89
603605.SH,20190823,20190630,211712543.35
002051.SZ,20190823,20190630,582252373.42
600586.SH,20190823,20190630,141005334.16
002131.SZ,20190823,20190630,294508034.29
600585.SH,20190823,20190630,20136018320.0
002238.SZ,20190823,20190630,104443940.34
600750.SH,20190823,20190630,309448040.86
000401.SZ,20190823,20190630,3120705515.28
603515.SH,20190823,20190630,492226181.72
002155.SZ,20190823,20190630,100012502.74
603569.SH,20190823,20190630,48072999.49
000155.SZ,20190823,20190630,346567904.13
002029.SZ,20190823,20190630,150492549.94
600823.SH,20190823,20190630,3103800930.05
600252.SH,20190823,20190630,436532981.8
600903.SH,20190823,20190630,152008616.25
603826.SH,20190823,20190630,95554007.99
600741.SH,20190823,20190630,4698537620.16
002168.SZ,20190823,20190630,62057343.31
600732.SH,20190823,20190630,-7639632.84
600839.SH,20190823,20190630,425280018.49
002056.SZ,20190823,20190630,373552011.34
002128.SZ,20190823,20190630,1683272537.37
600872.SH,20190823,20190630,481521606.24
002818.SZ,20190823,20190630,483628540.71
600216.SH,20190823,20190630,310949071.21
603868.SH,20190823,20190630,398799070.51
600176.SH,20190822,20190630,1266344518.26
000027.SZ,20190822,20190630,1360082879.2
600563.SH,20190822,20190630,252956854.13
002004.SZ,20190822,20190630,532044404.8
002092.SZ,20190822,20190630,586161333.04
600970.SH,20190822,20190630,871987371.71
300144.SZ,20190822,20190630,960891270.62
600863.SH,20190822,20190630,1037389336.86
002127.SZ,20190822,20190630,403929351.07
601666.SH,20190822,20190630,868221451.85
601689.SH,20190822,20190630,255369424.86
002594.SZ,20190822,20190630,1789091000.0
600169.SH,20190822,20190630,27693028.58
002941.SZ,20190822,20190630,24452930.32
002407.SZ,20190822,20190630,98907807.06
600195.SH,20190822,20190630,198776323.02
600062.SH,20190822,20190630,761566632.68
600673.SH,20190822,20190630,1315317801.13
002400.SZ,20190822,20190630,157544124.57
600535.SH,20190822,20190630,1101684772.02
601808.SH,20190822,20190630,1403527434.0
002157.SZ,20190822,20190630,-148860780.36
000762.SZ,20190822,20190630,-6778794.51
300039.SZ,20190822,20190630,180445003.99
002041.SZ,20190822,20190630,-8279016.82
002410.SZ,20190822,20190630,128266141.74
688072.SH,20190822,20190630,
688012.SH,20190822,20190630,34385829.53
600511.SH,20190822,20190630,1121362612.27
002385.SZ,20190822,20190630,80659919.39
002216.SZ,20190822,20190630,97421201.82
002129.SZ,20190822,20190630,719609827.53
000553.SZ,20190822,20190630,734380000.0
300502.SZ,20190822,20190630,94882697.99
000423.SZ,20190822,20190630,233330133.17
600703.SH,20190822,20190630,1022567436.93
600572.SH,20190822,20190630,525138071.34
002293.SZ,20190822,20190630,237464636.04
002344.SZ,20190822,20190630,279351170.38
002124.SZ,20190822,20190630,-291964397.78
002461.SZ,20190822,20190630,260924119.25
002230.SZ,20190822,20190630,254403630.07
300769.SZ,20190822,20190630,54459997.55
603528.SH,20190822,20190630,94903113.07
002049.SZ,20190822,20190630,214936675.97
002081.SZ,20190822,20190630,1273415344.92
002080.SZ,20190822,20190630,781028688.54
002027.SZ,20190822,20190630,978465314.81
002479.SZ,20190822,20190630,191231778.24
002368.SZ,20190821,20190630,13786660.56
002475.SZ,20190821,20190630,1888486564.04
603328.SH,20190821,20190630,316258457.44
600618.SH,20190821,20190630,472883238.23
002901.SZ,20190821,20190630,250261630.71
300085.SZ,20190821,20190630,-27367319.35
300474.SZ,20190821,20190630,86657217.41
600309.SH,20190821,20190630,7021592932.11
600578.SH,20190821,20190630,786803109.09
000818.SZ,20190821,20190630,180681939.89
002601.SZ,20190821,20190630,1480243380.2
002241.SZ,20190821,20190630,651234823.02
002625.SZ,20190821,20190630,56151373.41
300498.SZ,20190821,20190630,1717497139.01
600433.SH,20190821,20190630,65905526.58
002739.SZ,20190821,20190630,624182025.87
002727.SZ,20190821,20190630,408766937.47
603920.SH,20190821,20190630,148751281.43
002340.SZ,20190821,20190630,524616705.57
002217.SZ,20190821,20190630,520013752.53
000050.SZ,20190821,20190630,688193578.86
601139.SH,20190821,20190630,718621107.88
600456.SH,20190821,20190630,151077720.57
600312.SH,20190821,20190630,63030408.93
600688.SH,20190821,20190630,1364696000.0
300623.SZ,20190820,20190630,102007234.1
300699.SZ,20190820,20190630,360245091.71
002920.SZ,20190820,20190630,112173270.91
603927.SH,20190820,20190630,144935885.99
603185.SH,20190820,20190630,112601386.66
000708.SZ,20190820,20190630,342820281.96
603613.SH,20190820,20190630,97158364.89
600489.SH,20190820,20190630,445173258.66
300072.SZ,20190820,20190630,9062985.58
600529.SH,20190820,20190630,288039180.4
000877.SZ,20190820,20190630,961937071.01
600694.SH,20190820,20190630,975704961.23
300418.SZ,20190820,20190630,772788202.76
600267.SH,20190820,20190630,333450203.25
603456.SH,20190820,20190630,118726333.41
600674.SH,20190820,20190630,1182565936.54
300271.SZ,20190820,20190630,252365111.23
603877.SH,20190820,20190630,187550547.13
300296.SZ,20190820,20190630,638507739.17
603228.SH,20190820,20190630,482198471.56
600392.SH,20190820,20190630,233635555.38
600757.SH,20190820,20190630,489040443.68
601886.SH,20190820,20190630,439605093.97
603169.SH,20190820,20190630,48865006.2
002025.SZ,20190820,20190630,227791042.88
000826.SZ,20190820,20190630,476910793.4
002544.SZ,20190820,20190630,57946745.73
603939.SH,20190820,20190630,455952998.07
600583.SH,20190820,20190630,-749687988.09
000786.SZ,20190820,20190630,1266769258.63
600845.SH,20190820,20190630,480950540.97
000975.SZ,20190820,20190630,661307679.73
002518.SZ,20190820,20190630,146784804.69
002683.SZ,20190820,20190630,189911844.66
002663.SZ,20190820,20190630,100613137.84
002607.SZ,20190820,20190630,593215428.14
600699.SH,20190820,20190630,1319520007.0
603259.SH,20190820,20190630,1287074331.24
600557.SH,20190820,20190630,294931676.68
600446.SH,20190820,20190630,104176822.54
601678.SH,20190820,20190630,325754963.64
002745.SZ,20190820,20190630,552230454.66
600363.SH,20190820,20190630,111029080.5
000766.SZ,20190820,20190630,146303814.87
000738.SZ,20190820,20190630,208262235.84
601636.SH,20190820,20190630,609798738.78
600782.SH,20190820,20190630,2122424138.91
000717.SZ,20190820,20190630,1092944234.53
300765.SZ,20190819,20190630,170648027.32
301200.SZ,20190819,20190630,
002008.SZ,20190819,20190630,434096387.13
603218.SH,20190819,20190630,245586034.53
000657.SZ,20190819,20190630,135904404.68
002236.SZ,20190817,20190630,1360678823.45
600862.SH,20190817,20190630,336772436.15
000697.SZ,20190817,20190630,-42073244.1
000513.SZ,20190817,20190630,920915129.4
603568.SH,20190817,20190630,543988535.95
000690.SZ,20190817,20190630,367069096.13
600126.SH,20190817,20190630,948055721.39
603806.SH,20190817,20190630,466629100.63
600184.SH,20190817,20190630,28705870.05
600826.SH,20190817,20190630,210407076.72
603688.SH,20190817,20190630,86744903.26
300017.SZ,20190817,20190630,864983411.85
300032.SZ,20190817,20190630,-37582834.52
002254.SZ,20190817,20190630,97635915.67
600588.SH,20190817,20190630,594432866.0
000970.SZ,20190817,20190630,164680319.27
600770.SH,20190817,20190630,46169361.06
000932.SZ,20190817,20190630,3749206644.39
603338.SH,20190817,20190630,309533768.16
600352.SH,20190817,20190630,3337225956.52
600971.SH,20190817,20190630,688405051.59
002459.SZ,20190817,20190630,-39571264.3
300757.SZ,20190817,20190630,35669905.9
000739.SZ,20190816,20190630,342244385.45
601225.SH,20190816,20190630,9794461029.21
300383.SZ,20190816,20190630,445621471.44
603298.SH,20190816,20190630,459093285.63
600666.SH,20190816,20190630,-25102284.16
600507.SH,20190816,20190630,1404499624.59
600315.SH,20190816,20190630,531946537.04
300346.SZ,20190816,20190630,32440524.85
603305.SH,20190816,20190630,101772031.7
000598.SZ,20190816,20190630,711182257.46
000417.SZ,20190816,20190630,319344050.69
601233.SH,20190816,20190630,1819816140.03
002419.SZ,20190816,20190630,643609155.14
603019.SH,20190816,20190630,269222925.51
002402.SZ,20190816,20190630,209156599.53
002075.SZ,20190816,20190630,743533636.89
603712.SH,20190816,20190630,66284722.71
600251.SH,20190816,20190630,111625393.44
300014.SZ,20190816,20190630,506141578.92
300012.SZ,20190816,20190630,169597774.47
002557.SZ,20190816,20190630,259363908.54
002497.SZ,20190816,20190630,168546493.49
002850.SZ,20190816,20190630,102048293.49
300776.SZ,20190816,20190630,174246810.54
300759.SZ,20190816,20190630,182595596.07
300661.SZ,20190816,20190630,67107266.63
300627.SZ,20190816,20190630,50525917.68
601975.SH,20190816,20190630,402996749.09
600138.SH,20190816,20190630,745587408.11
600129.SH,20190816,20190630,172473001.12
600600.SH,20190816,20190630,2308662169.0
300055.SZ,20190816,20190630,84669829.84
688005.SH,20190816,20190630,130887719.69
000488.SZ,20190816,20190630,430055400.79
002815.SZ,20190815,20190630,296593220.22
002371.SZ,20190815,20190630,187498469.74
300274.SZ,20190815,20190630,388944512.92
600050.SH,20190815,20190630,8342539260.0
300628.SZ,20190815,20190630,667656014.26
002465.SZ,20190815,20190630,236864117.07
603816.SH,20190815,20190630,621871111.33
600422.SH,20190815,20190630,289123504.85
600256.SH,20190815,20190630,896986826.23
000088.SZ,20190815,20190630,186578707.14
002242.SZ,20190815,20190630,465188803.69
000937.SZ,20190815,20190630,1003327839.72
600338.SH,20190815,20190630,411350101.83
002657.SZ,20190815,20190630,99397450.42
603288.SH,20190815,20190630,3256523160.96
600438.SH,20190815,20190630,1735275352.02
600720.SH,20190815,20190630,612357362.35
002195.SZ,20190815,20190630,801230254.63
601003.SH,20190815,20190630,1482510352.11
002851.SZ,20190815,20190630,169206305.22
300357.SZ,20190815,20190630,149655296.39
600329.SH,20190815,20190630,396029461.11
002938.SZ,20190814,20190630,768507379.43
601138.SH,20190814,20190630,5902583000.0
002436.SZ,20190814,20190630,168042097.95
603596.SH,20190814,20190630,254239502.04
000895.SZ,20190814,20190630,2999559818.5
300718.SZ,20190813,20190630,69183334.41
688276.SH,20190813,20190630,
600141.SH,20190813,20190630,238753668.76
000933.SZ,20190813,20190630,307312538.55
600183.SH,20190813,20190630,777149560.35
002342.SZ,20190813,20190630,16614946.8
688183.SH,20190813,20190630,
300054.SZ,20190813,20190630,152277131.52
000049.SZ,20190813,20190630,293245322.86
600867.SH,20190813,20190630,619471838.53
300266.SZ,20190813,20190630,32340563.47
300257.SZ,20190813,20190630,67999490.06
300394.SZ,20190813,20190630,92127162.81
300450.SZ,20190813,20190630,450481996.92
601127.SH,20190813,20190630,-158004367.86
000661.SZ,20190813,20190630,1247819160.61
603127.SH,20190813,20190630,47703130.45
000100.SZ,20190813,20190630,2992717000.0
603444.SH,20190813,20190630,692584298.09
601005.SH,20190812,20190630,604736000.0
601158.SH,20190810,20190630,874001482.63
603377.SH,20190810,20190630,94894425.31
002299.SZ,20190810,20190630,1716946431.01
600415.SH,20190810,20190630,875263308.78
002384.SZ,20190810,20190630,460508339.2
002493.SZ,20190810,20190630,1467409255.04
600812.SH,20190810,20190630,111399651.44
600516.SH,20190810,20190630,1714771768.43
002194.SZ,20190810,20190630,72850019.62
600499.SH,20190810,20190630,281369812.1
002624.SZ,20190810,20190630,1077252572.04
601168.SH,20190810,20190630,918529651.0
600346.SH,20190810,20190630,5275091853.38
600298.SH,20190810,20190630,576521255.6
002325.SZ,20190810,20190630,125544093.87
002916.SZ,20190810,20190630,546439026.96
002028.SZ,20190810,20190630,215100112.3
600985.SH,20190810,20190630,2298316624.93
600060.SH,20190809,20190630,91836293.71
688321.SH,20190809,20190630,19986717.28
000552.SZ,20190809,20190630,320774311.08
002373.SZ,20190809,20190630,409182237.55
600989.SH,20190809,20190630,2183139165.91
300496.SZ,20190809,20190630,90084385.51
002271.SZ,20190809,20190630,1088401843.89
603658.SH,20190809,20190630,376682779.58
600551.SH,20190809,20190630,160842507.56
000793.SZ,20190809,20190630,284430858.41
600435.SH,20190808,20190630,35106396.38
603638.SH,20190808,20190630,213134286.5
600481.SH,20190808,20190630,68808750.17
002252.SZ,20190808,20190630,487326181.96
600426.SH,20190808,20190630,1542191467.09
002372.SZ,20190808,20190630,530943121.24
000629.SZ,20190808,20190630,1230292821.73
603198.SH,20190808,20190630,610575611.31
000848.SZ,20190808,20190630,348947530.27
300285.SZ,20190808,20190630,300456678.28
300568.SZ,20190808,20190630,108751470.95
300570.SZ,20190808,20190630,117155880.66
688099.SH,20190807,20190630,102995249.48
300159.SZ,20190807,20190630,65933440.35
688188.SH,20190807,20190630,128573153.15
603606.SH,20190807,20190630,213032292.05
600388.SH,20190807,20190630,336533365.07
000681.SZ,20190806,20190630,159592077.16
002439.SZ,20190806,20190630,-27817234.63
002511.SZ,20190806,20190630,335596215.02
002233.SZ,20190806,20190630,954996983.72
000983.SZ,20190806,20190630,1961234996.98
300748.SZ,20190806,20190630,68409655.87
603345.SH,20190806,20190630,208443989.4
002653.SZ,20190806,20190630,263424529.17
600059.SH,20190806,20190630,135156023.25
600777.SH,20190805,20190630,475605272.16
603317.SH,20190805,20190630,121536955.06
300223.SZ,20190803,20190630,38113183.96
002821.SZ,20190803,20190630,259576515.58
002353.SZ,20190803,20190630,585561302.4
002317.SZ,20190803,20190630,357153385.0
000726.SZ,20190803,20190630,494654074.38
300601.SZ,20190803,20190630,292331668.4
601966.SH,20190802,20190630,752082059.0
600763.SH,20190802,20190630,278409623.53
002183.SZ,20190802,20190630,92348202.0
000671.SZ,20190802,20190630,2583506394.71
600633.SH,20190802,20190630,521678617.35
603882.SH,20190802,20190630,219629047.19
603707.SH,20190801,20190630,321174656.12
600018.SH,20190801,20190630,5790152285.62
002507.SZ,20190731,20190630,371611849.1
300463.SZ,20190731,20190630,367985295.77
600011.SH,20190731,20190630,6222389744.0
300363.SZ,20190731,20190630,77576949.55
002262.SZ,20190731,20190630,374923965.68
300146.SZ,20190731,20190630,1007907314.42
002648.SZ,20190731,20190630,654321938.35
600399.SH,20190731,20190630,118664541.68
600880.SH,20190731,20190630,38454663.77
002456.SZ,20190731,20190630,177712162.22
600805.SH,20190731,20190630,177369097.45
600885.SH,20190731,20190630,582714979.74
603369.SH,20190731,20190630,1438056134.09
002311.SZ,20190730,20190630,864769517.17
300037.SZ,20190730,20190630,158125162.77
300390.SZ,20190730,20190630,33514087.02
603179.SH,20190727,20190630,103688727.76
000990.SZ,20190727,20190630,225567734.85
600988.SH,20190726,20190630,148159674.65
600299.SH,20190725,20190630,929748712.0
002568.SZ,20190725,20190630,176488276.93
600873.SH,20190725,20190630,809644001.12
000959.SZ,20190725,20190630,1503996606.25
002957.SZ,20190725,20190630,121970977.61
002458.SZ,20190725,20190630,908504383.79
002240.SZ,20190724,20190630,66206607.3
600779.SH,20190723,20190630,450740058.34
002415.SZ,20190720,20190630,5127789050.18
688018.SH,20190719,20190630,75877129.08
688019.SH,20190719,20190630,34398771.68
688029.SH,20190719,20190630,180289535.5
688122.SH,20190719,20190630,97972520.36
600519.SH,20190718,20190630,28397996330.73
603256.SH,20190718,20190630,68518460.24
688006.SH,20190717,20190630,203144763.02
688002.SH,20190716,20190630,65472273.62
