ts_code,ann_date,f_ann_date,end_date,operate_profit
001203.SZ,20140504,20140504,20111231,750858692.96
002665.SZ,20120326,20120326,20111231,132035066.23
002678.SZ,20120511,20120511,20111231,171326205.38
002681.SZ,20120515,20120515,20111231,99841904.5
002690.SZ,20120709,20120709,20111231,130045794.69
002698.SZ,20120824,20120824,20111231,165550037.93
002699.SZ,20120824,20120824,20111231,62114117.77
002701.SZ,20120912,20120912,20111231,385949248.0
002707.SZ,20140102,20140102,20111231,59829585.13
002714.SZ,20140109,20140109,20111231,345034417.63
002727.SZ,20140610,20140610,20111231,156325444.47
002739.SZ,20150106,20150106,20111231,387127888.06
002761.SZ,20140425,20140425,20111231,70096489.56
002773.SZ,20140520,20140520,20111231,178315700.0
002791.SZ,20140425,20140425,20111231,133538813.56
002812.SZ,20140609,20140609,20111231,100810968.61
002815.SZ,20140519,20140519,20111231,151909445.72
002818.SZ,20140429,20140429,20111231,266062393.16
002821.SZ,20140507,20140507,20111231,77175600.0
002831.SZ,20140919,20140919,20111231,212008358.52
002837.SZ,20141024,20141024,20111231,4723599.31
002841.SZ,20141114,20141114,20111231,50264514.49
002850.SZ,20141212,20141212,20111231,29418378.2
002851.SZ,20120221,20120221,20111231,121933342.58
002865.SZ,20140627,20140627,20111231,99247856.86
002867.SZ,20141219,20141219,20111231,259423305.76
002916.SZ,20120427,20120427,20111231,77815946.15
002941.SZ,20130108,20130108,20111231,52240943.64
002948.SZ,20120425,20120425,20111231,965448000.0
002958.SZ,20150910,20150910,20111231,1057909236.69
003816.SZ,20150123,20150123,20111231,5161146027.77
300287.SZ,20120322,20120322,20111231,55928674.86
300291.SZ,20120328,20120328,20111231,108004395.13
300308.SZ,20120316,20120316,20111231,58135526.44
300315.SZ,20120420,20120420,20111231,62664032.65
300316.SZ,20120510,20120510,20111231,313623896.57
300339.SZ,20120629,20120629,20111231,44099475.77
300346.SZ,20120720,20120720,20111231,206627172.67
300347.SZ,20120730,20120730,20111231,55063000.54
300357.SZ,20131231,20131231,20111231,41174581.8
300363.SZ,20140103,20140103,20111231,74731524.06
300373.SZ,20140106,20140106,20111231,64078794.16
300376.SZ,20140107,20140107,20111231,120623154.62
300383.SZ,20140110,20140110,20111231,48428419.99
300390.SZ,20140715,20140715,20111231,32376214.65
300394.SZ,20141218,20141218,20111231,51295100.0
300395.SZ,20140820,20140820,20111231,61557035.13
300408.SZ,20141114,20141114,20111231,488309506.44
300413.SZ,20150106,20150106,20111231,101675054.24
300418.SZ,20150106,20150106,20111231,187103137.05
300432.SZ,20141231,20141231,20111231,47306514.03
300433.SZ,20141226,20141226,20111231,1410388527.0
300438.SZ,20141231,20141231,20111231,47977300.0
300442.SZ,20150403,20150403,20111231,64445045.33
300450.SZ,20141231,20141231,20111231,46164496.26
300458.SZ,20140630,20140630,20111231,53280076.37
300459.SZ,20140627,20140627,20111231,52721533.3
300463.SZ,20140425,20140425,20111231,152735549.84
300474.SZ,20140603,20140603,20111231,56419135.67
300476.SZ,20140418,20140418,20111231,68431483.01
300482.SZ,20140604,20140604,20111231,23075700.0
300487.SZ,20140627,20140627,20111231,55031263.25
300496.SZ,20140506,20140506,20111231,4343931.46
300502.SZ,20140625,20140625,20111231,61321022.55
300529.SZ,20140430,20140430,20111231,86240763.56
300558.SZ,20140627,20140627,20111231,-1062174.0
300567.SZ,20141031,20141031,20111231,12695554.11
300570.SZ,20140613,20140613,20111231,45587689.4
300573.SZ,20150206,20150206,20111231,40920590.38
300623.SZ,20140829,20140829,20111231,71433030.93
300682.SZ,20141205,20141205,20111231,22895100.0
600023.SH,20130410,20130410,20111231,3215458317.04
600602.SH,20120323,20120323,20111231,137358151.78
600606.SH,20120321,20120321,20111231,235011234.36
600611.SH,20120329,20120329,20111231,425458833.36
600612.SH,20120426,20120426,20111231,844571642.84
600614.SH,20120418,20120418,20111231,-6183464.66
600617.SH,20120214,20120214,20111231,-23697047.1
600618.SH,20120323,20120323,20111231,82643750.84
600623.SH,20120330,20120330,20111231,75379507.62
600628.SH,20120417,20120417,20111231,284941815.55
600633.SH,20120406,20120406,20111231,248537094.06
600635.SH,20120418,20120418,20111231,754032097.41
600637.SH,20120410,20120410,20111231,399693472.81
600639.SH,20120323,20120323,20111231,675878683.74
600640.SH,20120421,20120421,20111231,5415382.06
600642.SH,20120327,20120327,20111231,2158971976.11
600643.SH,20120330,20120330,20111231,100050002.85
600645.SH,20120218,20120218,20111231,55038452.96
600648.SH,20120428,20120428,20111231,577099016.06
600649.SH,20120330,20120330,20111231,1435344707.51
600651.SH,20120315,20120315,20111231,155264774.92
600654.SH,20120317,20120317,20111231,109437895.33
600655.SH,20120328,20120328,20111231,992338539.81
600657.SH,20120317,20120317,20111231,792740115.39
600660.SH,20120425,20120425,20111231,1709104208.0
600908.SH,20140630,20140630,20111231,977296954.64
600917.SH,20140820,20140820,20111231,324205296.82
600959.SH,20141226,20141226,20111231,443418500.0
600977.SH,20140616,20140616,20111231,661935916.73
601016.SH,20140820,20140820,20111231,207824176.0
601021.SH,20141211,20141211,20111231,146251183.0
601068.SH,20150113,20150113,20111231,1054130044.0
601163.SH,20140627,20140627,20111231,525578849.81
601212.SH,20140516,20140516,20111231,810048588.07
601226.SH,20141114,20141114,20111231,255290432.65
601228.SH,20141219,20141219,20111231,825312000.0
601231.SH,20120324,20120324,20111231,526894360.62
601326.SH,20120907,20120907,20111231,1793686700.0
601512.SH,20140504,20140504,20111231,841995006.64
601515.SH,20120407,20120407,20111231,655937434.82
601608.SH,20120616,20120616,20111231,907847226.11
601611.SH,20140523,20140523,20111231,489664735.15
601615.SH,20120430,20120430,20111231,62868639.45
601658.SH,20150901,20150901,20111231,27756000000.0
601689.SH,20141120,20141120,20111231,236041871.23
601811.SH,20140505,20140505,20111231,448423800.0
601828.SH,20140425,20140425,20111231,1626677656.72
601858.SH,20140627,20140627,20111231,150308988.33
601860.SH,20120308,20120308,20111231,660651971.45
601865.SH,20120706,20120706,20111231,416774051.0
601929.SH,20120406,20120406,20111231,361653714.82
601966.SH,20141209,20141209,20111231,393613974.0
601969.SH,20141114,20141114,20111231,1625799568.92
603000.SH,20120405,20120405,20111231,121961013.56
603005.SH,20140109,20140109,20111231,126253354.61
603019.SH,20141016,20141016,20111231,120586089.1
603025.SH,20141226,20141226,20111231,274457934.76
603026.SH,20140814,20140814,20111231,144872816.68
603056.SH,20120711,20120711,20111231,240705347.57
603077.SH,20120709,20120709,20111231,484954071.87
603087.SH,20140218,20140218,20111231,
603160.SH,20140506,20140506,20111231,28311405.94
603169.SH,20140916,20140916,20111231,120472548.16
603185.SH,20120405,20120405,20111231,129851953.43
603188.SH,20140820,20140820,20111231,228212648.23
603198.SH,20140528,20140528,20111231,589523785.65
603218.SH,20141114,20141114,20111231,125471678.91
603225.SH,20130903,20130903,20111231,779324714.74
603228.SH,20141121,20141121,20111231,124197999.43
603288.SH,20140115,20140115,20111231,1173123730.26
603298.SH,20141011,20141011,20111231,277258844.54
603317.SH,20140515,20140515,20111231,100101330.48
603338.SH,20150109,20150109,20111231,45228548.13
603345.SH,20140620,20140620,20111231,90750732.27
603355.SH,20140422,20140422,20111231,289900107.09
603369.SH,20140611,20140611,20111231,705752828.84
603377.SH,20140527,20140527,20111231,186561270.87
603379.SH,20140416,20140416,20111231,
603444.SH,20140606,20140606,20111231,34694162.26
603515.SH,20140505,20140505,20111231,93737982.14
603517.SH,20140926,20140926,20111231,66401495.64
603528.SH,20140429,20140429,20111231,41300561.15
603555.SH,20140107,20140107,20111231,476863418.6
603556.SH,20140505,20140505,20111231,220782018.38
603567.SH,20141226,20141226,20111231,344886645.12
603568.SH,20141114,20141114,20111231,56918141.57
603589.SH,20140514,20140514,20111231,530969295.87
603606.SH,20140916,20140916,20111231,84154424.8
603638.SH,20141121,20141121,20111231,55197139.99
603658.SH,20140610,20140610,20111231,68122435.26
603688.SH,20141016,20141016,20111231,171143703.04
603698.SH,20150107,20150107,20111231,163760756.02
603699.SH,20131231,20131231,20111231,240143807.26
603708.SH,20140627,20140627,20111231,201408094.24
603737.SH,20140624,20140624,20111231,52720509.56
603766.SH,20120723,20120723,20111231,490816917.47
603799.SH,20150107,20150107,20111231,191612971.54
603806.SH,20140820,20140820,20111231,715180720.58
603816.SH,20140505,20140505,20111231,429945100.0
603833.SH,20141024,20141024,20111231,101709841.65
603858.SH,20140620,20140620,20111231,1393523046.01
603866.SH,20140428,20140428,20111231,193976758.82
603868.SH,20140505,20140505,20111231,188557400.0
603877.SH,20141114,20141114,20111231,157900000.0
603883.SH,20150115,20150115,20111231,162657574.0
603885.SH,20140915,20140915,20111231,602518000.0
603888.SH,20140627,20140627,20111231,103363000.0
603899.SH,20150106,20150106,20111231,152540534.6
603939.SH,20141114,20141114,20111231,74699563.14
603979.SH,20140418,20140418,20111231,257200123.29
603983.SH,20140627,20140627,20111231,201452200.0
603986.SH,20140506,20140506,20111231,25080871.4
605589.SH,20140127,20140127,20111231,528405935.32
688166.SH,20130731,20130731,20111231,9957140.72
688318.SH,20140620,20140620,20111231,65670700.0
688506.SH,20140627,20140627,20111231,40332683.68
688777.SH,20121204,20121204,20111231,
688819.SH,20121016,20121016,20111231,780863882.77
688981.SH,20120329,20120329,20111231,
002925.SZ,20140401,20140401,20111231,
002946.SZ,20140221,20140221,20111231,
003035.SZ,20121017,20121017,20111231,
300765.SZ,20161028,20161028,20111231,
300999.SZ,20130711,20130711,20111231,
301301.SZ,20120621,20120621,20111231,
600032.SH,20161028,20161028,20111231,
600905.SH,20120730,20120730,20111231,
600927.SH,20120430,20120430,20111231,
601127.SH,20140605,20140605,20111231,690491900.0
601155.SH,20140416,20140416,20111231,
601319.SH,20130429,20130429,20111231,9382000000.0
688183.SH,20130316,20130316,20111231,
688276.SH,20121109,20121109,20111231,
688387.SH,20121011,20121011,20111231,
688425.SH,20121101,20121101,20111231,
000009.SZ,20120426,20120426,20111231,490650843.29
000006.SZ,20120418,20120418,20111231,563574868.87
000001.SZ,20120309,20120309,20111231,13132701000.0
000002.SZ,20120313,20120313,20111231,15763216697.19
000008.SZ,20120303,20120303,20111231,-538523.21
000012.SZ,20120327,20120327,20111231,1501575318.0
000027.SZ,20120416,20120416,20111231,978186695.3
000025.SZ,20120414,20120414,20111231,-6828638.97
000028.SZ,20120316,20120316,20111231,387065389.92
000021.SZ,20120330,20120330,20111231,252460003.28
000039.SZ,20120323,20120323,20111231,4735293000.0
000032.SZ,20120421,20120421,20111231,63897195.42
000034.SZ,20120229,20120229,20111231,4221551.13
000031.SZ,20120330,20120330,20111231,1065485503.36
000030.SZ,20120316,20120316,20111231,-6692369.13
000046.SZ,20120421,20120421,20111231,338485286.33
000049.SZ,20120328,20120328,20111231,193045953.71
000050.SZ,20120228,20120228,20111231,-55963692.0
000061.SZ,20120407,20120407,20111231,159542618.23
000060.SZ,20120330,20120330,20111231,1639060109.72
000062.SZ,20120317,20120317,20111231,80042184.53
000063.SZ,20120329,20120329,20111231,429510000.0
000066.SZ,20120413,20120413,20111231,247906939.76
000069.SZ,20120317,20120317,20111231,4324985619.3
000078.SZ,20120410,20120410,20111231,72953347.61
000088.SZ,20120317,20120317,20111231,544833502.03
000089.SZ,20120324,20120324,20111231,849288598.8
000100.SZ,20120228,20120228,20111231,1220280000.0
000099.SZ,20120313,20120313,20111231,185086175.5
000090.SZ,20120410,20120410,20111231,270248455.23
000156.SZ,20120313,20120313,20111231,38971526.6
000155.SZ,20120426,20130423,20111231,-281524118.14
000157.SZ,20120316,20120316,20111231,9514369773.66
000158.SZ,20120425,20120425,20111231,-26951086.02
000166.SZ,20120427,20120427,20111231,2213137137.65
000301.SZ,20120409,20120409,20111231,152351362.61
000333.SZ,20130401,20130401,20111231,7474153510.0
000400.SZ,20120323,20120323,20111231,309458193.74
000338.SZ,20120330,20120330,20111231,7169908374.34
000401.SZ,20120330,20120330,20111231,1747915119.67
000403.SZ,20120427,20120427,20111231,53217972.05
000402.SZ,20120409,20120409,20111231,2873420828.08
000408.SZ,20120427,20120427,20111231,20626913.69
000413.SZ,20120229,20120229,20111231,14866209.15
000415.SZ,20120316,20120316,20111231,452760766.85
000418.SZ,20120302,20120302,20111231,593269277.1
000417.SZ,20120329,20120329,20111231,759949490.4
000423.SZ,20120308,20120308,20111231,1030535026.23
000425.SZ,20120411,20120411,20111231,3898488981.77
000426.SZ,20120329,20120329,20111231,-72883852.84
000488.SZ,20120329,20120329,20111231,376046838.92
000429.SZ,20120330,20120330,20111231,375545209.39
000503.SZ,20120427,20120427,20111231,-8321736.66
000501.SZ,20120427,20120427,20111231,605707323.84
000511.SZ,20120306,20150606,20111231,20542197.99
000517.SZ,20120406,20120406,20111231,406675711.36
000513.SZ,20120324,20120324,20111231,429744753.78
000519.SZ,20120418,20120418,20111231,-15325518.0
000528.SZ,20120327,20120327,20111231,1512380922.59
000536.SZ,20120308,20120308,20111231,542461988.73
000537.SZ,20120218,20120218,20111231,574186743.75
000538.SZ,20120317,20120317,20111231,1372721770.45
000540.SZ,20120426,20120426,20111231,470838860.99
000539.SZ,20120308,20120308,20111231,394403441.0
000541.SZ,20120425,20120425,20111231,361615250.59
000543.SZ,20120323,20120323,20111231,-132073206.88
000547.SZ,20120411,20120411,20111231,141678041.53
000550.SZ,20120316,20120316,20111231,2029194757.0
000552.SZ,20120417,20120417,20111231,95667128.58
000553.SZ,20120316,20120316,20111231,73162206.61
000559.SZ,20120320,20120320,20111231,496156937.25
000555.SZ,20120424,20120424,20111231,614394.16
000564.SZ,20120424,20120424,20111231,73592250.01
000563.SZ,20120427,20120427,20111231,194996914.79
000566.SZ,20120427,20120830,20111231,111969738.41
000568.SZ,20120420,20120420,20111231,4031847143.77
000572.SZ,20120414,20120414,20111231,320287636.74
000582.SZ,20120412,20120412,20111231,48548171.71
000581.SZ,20120418,20120418,20111231,1360766336.48
000587.SZ,20120221,20120221,20111231,188590734.13
000591.SZ,20120317,20120317,20111231,6279084.76
000592.SZ,20120427,20120427,20111231,3631877.37
000598.SZ,20120203,20120203,20111231,677927603.6
000596.SZ,20120329,20120329,20111231,835782955.91
000600.SZ,20120418,20120418,20111231,39273637.86
000612.SZ,20120218,20120218,20111231,377119824.92
000616.SZ,20120301,20120301,20111231,524523735.44
000620.SZ,20120407,20120407,20111231,800230736.7
000617.SZ,20120316,20120316,20111231,-116013830.26
000623.SZ,20120417,20120417,20111231,2374432869.81
000625.SZ,20120426,20120426,20111231,752751808.12
000627.SZ,20120427,20120427,20111231,-113673680.91
000630.SZ,20120329,20120329,20111231,1728789477.44
000629.SZ,20120427,20120427,20111231,321761370.43
000631.SZ,20120326,20120326,20111231,694727158.73
000636.SZ,20120424,20120424,20111231,165763718.86
000651.SZ,20120425,20120425,20111231,4542306424.2
000656.SZ,20120424,20120424,20111231,1324040226.62
000652.SZ,20120331,20130328,20111231,65028313.18
000657.SZ,20120327,20120327,20111231,4889641.44
000661.SZ,20120321,20120321,20111231,198646121.39
000667.SZ,20120417,20120417,20111231,246900461.54
000671.SZ,20120420,20120420,20111231,423791662.73
000680.SZ,20120426,20120426,20111231,636816655.25
000669.SZ,20120317,20120317,20111231,-4444797.4
000681.SZ,20120228,20120228,20111231,-19101734.69
000683.SZ,20120313,20120313,20111231,518005448.27
000690.SZ,20120225,20120225,20111231,238689603.86
000686.SZ,20120301,20120301,20111231,-178357367.5
000685.SZ,20120417,20120417,20111231,1307252929.88
000697.SZ,20120413,20120413,20111231,-51658925.17
000703.SZ,20120221,20120221,20111231,2789133032.68
000712.SZ,20120321,20120321,20111231,30632198.11
000717.SZ,20120328,20120328,20111231,-1005188318.48
000718.SZ,20120427,20120427,20111231,1100095761.17
000723.SZ,20120418,20120418,20111231,29058979.6
000727.SZ,20120330,20120330,20111231,-85414550.87
000725.SZ,20120427,20120427,20111231,156906033.0
000728.SZ,20120320,20120320,20111231,697038873.26
000729.SZ,20120413,20120413,20111231,899562632.95
000732.SZ,20120329,20120329,20111231,434478773.29
000709.SZ,20120427,20120427,20111231,1735178665.14
000708.SZ,20120225,20120225,20111231,555255167.0
000733.SZ,20120427,20120427,20111231,46527226.13
000738.SZ,20120424,20120424,20111231,198428750.39
000739.SZ,20120302,20120302,20111231,-11391417.73
000748.SZ,20120328,20120328,20111231,44489281.75
000750.SZ,20120328,20120328,20111231,150911795.62
000726.SZ,20120323,20120323,20111231,1034827422.6
000758.SZ,20120417,20130416,20111231,687913121.92
000761.SZ,20120418,20120418,20111231,709511856.33
000766.SZ,20120418,20120418,20111231,11486202.14
000762.SZ,20120229,20120229,20111231,26769017.48
000776.SZ,20120417,20120417,20111231,2504091534.16
000768.SZ,20120320,20120320,20111231,107544078.8
000777.SZ,20120306,20120306,20111231,37563491.39
000783.SZ,20120417,20120417,20111231,468853041.84
000778.SZ,20120320,20120320,20111231,1996913335.12
000785.SZ,20120310,20120310,20111231,120380335.06
000786.SZ,20120320,20120320,20111231,747320604.87
000793.SZ,20120308,20120308,20111231,595683153.38
000792.SZ,20120329,20120329,20111231,2715125991.62
000800.SZ,20120427,20160401,20111231,183731922.5
000806.SZ,20120425,20120425,20111231,-200953875.95
000807.SZ,20120331,20120331,20111231,97004188.23
000810.SZ,20120330,20120330,20111231,76180858.04
000813.SZ,20120315,20120315,20111231,-14596753.68
000816.SZ,20120330,20120330,20111231,70810072.5
000818.SZ,20120218,20120218,20111231,52562719.92
000825.SZ,20120427,20120427,20111231,1805400930.62
000826.SZ,20120406,20120406,20111231,360687672.73
000829.SZ,20120421,20120421,20111231,131771174.66
000830.SZ,20120425,20120425,20111231,530995748.92
000831.SZ,20120305,20120305,20111231,-2881174.16
000839.SZ,20120324,20210831,20111231,18142834.43
000848.SZ,20120426,20120426,20111231,253803365.31
000858.SZ,20120328,20120328,20111231,8496941733.63
000860.SZ,20120225,20120225,20111231,378022907.86
000869.SZ,20120420,20120420,20111231,2517894707.0
000861.SZ,20120411,20120411,20111231,524234340.38
000878.SZ,20120328,20120328,20111231,991307208.29
000876.SZ,20120426,20120426,20111231,3575856607.49
000877.SZ,20120301,20120301,20111231,1359284218.2
000887.SZ,20120424,20120424,20111231,353346386.61
000883.SZ,20120427,20120427,20111231,694726837.5
000897.SZ,20120329,20120329,20111231,-349636673.29
000895.SZ,20120302,20130326,20111231,1667262971.94
000893.SZ,20120229,20120229,20111231,-191425564.74
000898.SZ,20120328,20120328,20111231,-3446000000.0
000900.SZ,20120427,20120427,20111231,1050281130.88
000917.SZ,20120421,20120421,20111231,752142787.17
000921.SZ,20120330,20120330,20111231,101397890.42
000919.SZ,20120327,20120327,20111231,261968398.39
000926.SZ,20120417,20120417,20111231,730270486.53
000930.SZ,20120229,20120229,20111231,-144225594.04
000932.SZ,20120405,20120405,20111231,-1008199832.18
000933.SZ,20120228,20120228,20111231,1438662681.75
000931.SZ,20120421,20120421,20111231,7953257.26
000937.SZ,20120424,20120424,20111231,3992869895.14
000938.SZ,20120406,20120406,20111231,55738782.62
000939.SZ,20120228,20120228,20111231,1005199951.37
000958.SZ,20120426,20120426,20111231,-274981999.51
000951.SZ,20120328,20120328,20111231,700733218.36
000959.SZ,20120425,20120425,20111231,-290394288.9
000960.SZ,20120410,20120410,20111231,844559929.17
000961.SZ,20120424,20120424,20111231,1402810150.73
000963.SZ,20120324,20120324,20111231,610437410.86
000967.SZ,20120424,20120424,20111231,97717871.58
000969.SZ,20120310,20120310,20111231,434337660.43
000970.SZ,20120427,20120427,20111231,1104036563.5
000975.SZ,20120308,20120308,20111231,28965267.45
000973.SZ,20120309,20120309,20111231,574807651.38
000977.SZ,20120411,20120411,20111231,26805075.07
000980.SZ,20120316,20120316,20111231,31968389.17
000979.SZ,20120221,20120221,20111231,557320427.01
000988.SZ,20120406,20120406,20111231,248997196.55
000983.SZ,20120317,20120317,20111231,4133532133.8
000987.SZ,20120330,20120330,20111231,482971782.53
000998.SZ,20120420,20120420,20111231,205264025.94
000999.SZ,20120307,20120307,20111231,926837904.22
000990.SZ,20120421,20120421,20111231,-51788823.51
000997.SZ,20120418,20120418,20111231,81274730.03
001227.SZ,20120427,20120427,20111231,885840891.9
001289.SZ,20141113,20141113,20111231,2470962836.9
001872.SZ,20120328,20120328,20111231,816494626.0
001914.SZ,20120310,20120310,20111231,717133397.38
001696.SZ,20120324,20120324,20111231,412696090.68
002001.SZ,20120327,20120327,20111231,1339012697.82
002002.SZ,20120319,20120319,20111231,-43292138.66
002004.SZ,20120410,20120410,20111231,306124588.77
002005.SZ,20120417,20120417,20111231,145743425.88
002007.SZ,20120412,20120412,20111231,453148053.64
002010.SZ,20120327,20120327,20111231,179431071.75
002013.SZ,20120228,20120228,20111231,37908642.85
002008.SZ,20120418,20120418,20111231,574340083.94
002011.SZ,20120313,20120313,20111231,257413820.64
002018.SZ,20120321,20120321,20111231,-89533847.91
002022.SZ,20120323,20120323,20111231,268338945.48
002019.SZ,20120426,20120426,20111231,-230120784.75
002024.SZ,20120331,20120331,20111231,6444081000.0
002025.SZ,20120410,20120410,20111231,146980165.74
002027.SZ,20120425,20120425,20111231,-69390745.66
002029.SZ,20120331,20120331,20111231,484452062.25
002028.SZ,20120418,20120418,20111231,162898809.74
002030.SZ,20120329,20120329,20111231,50850987.15
002032.SZ,20120330,20120330,20111231,592900065.59
002038.SZ,20120421,20120421,20111231,593042950.28
002044.SZ,20120310,20120310,20111231,77688508.07
002048.SZ,20120425,20120425,20111231,411801906.82
002041.SZ,20120421,20120421,20111231,420207478.06
002049.SZ,20120315,20120315,20111231,35512734.71
002050.SZ,20120306,20120306,20111231,504523993.16
002056.SZ,20120316,20120316,20111231,129347010.59
002063.SZ,20120407,20120407,20111231,219175339.34
002051.SZ,20120331,20120331,20111231,576694781.52
002064.SZ,20120229,20120229,20111231,46497299.32
002065.SZ,20120426,20120426,20111231,444015758.44
002073.SZ,20120323,20120323,20111231,521770532.69
002074.SZ,20120424,20120424,20111231,41697736.16
002075.SZ,20120426,20120426,20111231,643689321.7
002078.SZ,20120425,20120425,20111231,353084976.85
002080.SZ,20120324,20120324,20111231,66565507.41
002092.SZ,20120315,20120315,20111231,639352733.25
002081.SZ,20120418,20120418,20111231,902227729.15
002085.SZ,20120320,20120320,20111231,326937766.12
002093.SZ,20120320,20120320,20111231,132602900.51
002106.SZ,20120315,20120315,20111231,526780320.66
002120.SZ,20120412,20120412,20111231,31047192.28
002110.SZ,20120411,20120411,20111231,305553857.94
002118.SZ,20120426,20120426,20111231,193467195.31
002122.SZ,20120320,20120320,20111231,471024467.0
002123.SZ,20120331,20120331,20111231,233228101.38
002127.SZ,20120221,20120221,20111231,80594110.53
002126.SZ,20120424,20120424,20111231,118772028.89
002124.SZ,20120327,20120327,20111231,41533191.91
002128.SZ,20120423,20120423,20111231,1925839859.63
002129.SZ,20120420,20120420,20111231,206745413.15
002130.SZ,20120331,20120331,20111231,88121355.96
002131.SZ,20120313,20120313,20111231,109505457.29
002138.SZ,20120229,20120229,20111231,91294323.49
002142.SZ,20120426,20120426,20111231,3844569000.0
002146.SZ,20120320,20120320,20111231,1972607182.21
002155.SZ,20120327,20120327,20111231,704855446.84
002153.SZ,20120319,20120319,20111231,264707067.49
002152.SZ,20120329,20120329,20111231,502999376.33
002156.SZ,20120406,20120406,20111231,11829124.67
002157.SZ,20120426,20120426,20111231,176066902.49
002168.SZ,20120420,20120420,20111231,54518245.26
002161.SZ,20120323,20120323,20111231,110071007.52
002174.SZ,20120413,20120413,20111231,-5255478.26
002176.SZ,20120410,20120410,20111231,62448631.95
002179.SZ,20120328,20120328,20111231,228887125.64
002180.SZ,20120425,20120425,20111231,18159342.96
002181.SZ,20120424,20120424,20111231,15686053.1
002183.SZ,20120411,20120411,20111231,135623651.0
002185.SZ,20120313,20120313,20111231,49372005.37
002190.SZ,20120412,20120412,20111231,75571475.62
002192.SZ,20120320,20120320,20111231,8519454.46
002191.SZ,20120317,20120317,20111231,537709230.98
002194.SZ,20120315,20120315,20111231,182337298.22
002195.SZ,20120418,20120418,20111231,72238297.16
002202.SZ,20120324,20120324,20111231,697809269.02
002212.SZ,20120426,20120426,20111231,206085004.72
002203.SZ,20120425,20120425,20111231,214838065.01
002216.SZ,20120420,20120420,20111231,121322558.7
002217.SZ,20120329,20120619,20111231,133833217.96
002219.SZ,20120420,20120420,20111231,74364837.76
002221.SZ,20120425,20120425,20111231,82339440.39
002223.SZ,20120405,20120405,20111231,218496852.09
002230.SZ,20120406,20120406,20111231,96423858.37
002233.SZ,20120327,20120327,20111231,818340688.15
002236.SZ,20120224,20120224,20111231,329972737.73
002240.SZ,20120229,20200530,20111231,-41607815.79
002238.SZ,20120329,20120329,20111231,99016035.81
002241.SZ,20120214,20120214,20111231,634627060.96
002242.SZ,20120331,20120331,20111231,700314520.26
002244.SZ,20120331,20120331,20111231,1051254175.77
002250.SZ,20120330,20120330,20111231,342404393.06
002249.SZ,20120322,20120322,20111231,257837947.9
002251.SZ,20120305,20120305,20111231,324811147.82
002252.SZ,20120329,20120329,20111231,234898442.07
002254.SZ,20120426,20120426,20111231,164189063.98
002262.SZ,20120329,20120329,20111231,118656243.16
002261.SZ,20120420,20120420,20111231,73724131.07
002265.SZ,20120321,20120321,20111231,-22492180.9
002266.SZ,20120417,20120417,20111231,204242410.0
002267.SZ,20120426,20120426,20111231,467750288.48
002269.SZ,20120426,20120426,20111231,1445596629.0
002268.SZ,20120327,20120327,20111231,87988434.51
002271.SZ,20120413,20120413,20111231,84104441.72
002273.SZ,20120319,20120319,20111231,141435355.46
002276.SZ,20120229,20120229,20111231,93819547.59
002277.SZ,20120229,20120229,20111231,381231198.24
002280.SZ,20120216,20120216,20111231,47672335.16
002281.SZ,20120426,20120426,20111231,106003495.97
002285.SZ,20120327,20120327,20111231,272492557.66
002292.SZ,20120417,20120417,20111231,143261924.84
002294.SZ,20120320,20120320,20111231,466773573.37
002293.SZ,20120405,20120405,20111231,417242603.87
002299.SZ,20120217,20120217,20111231,477346740.58
002302.SZ,20120412,20120412,20111231,159352322.11
002304.SZ,20120421,20120421,20111231,5524600710.8
002308.SZ,20120418,20120418,20111231,233726513.75
002309.SZ,20120229,20120229,20111231,241512945.78
002310.SZ,20120423,20120423,20111231,579503096.45
002311.SZ,20120418,20120418,20111231,460564054.87
002312.SZ,20120424,20120424,20111231,39041182.45
002315.SZ,20120425,20120425,20111231,169453048.91
002317.SZ,20120320,20120320,20111231,168776298.25
002318.SZ,20120313,20120313,20111231,128373176.74
002325.SZ,20120420,20120420,20111231,178877883.89
002326.SZ,20120424,20120424,20111231,69615194.85
002327.SZ,20120329,20120329,20111231,267321947.29
002332.SZ,20120329,20120329,20111231,163563229.03
002335.SZ,20120426,20120426,20111231,121798907.13
002340.SZ,20120313,20120313,20111231,85753377.09
002342.SZ,20120306,20120306,20111231,173452587.72
002344.SZ,20120418,20120418,20111231,725093668.06
002345.SZ,20120418,20120418,20111231,181652201.82
002352.SZ,20120425,20120425,20111231,38701159.81
002353.SZ,20120317,20120317,20111231,471155173.48
002354.SZ,20120410,20120410,20111231,24995290.81
002358.SZ,20120228,20120228,20111231,135967312.03
002366.SZ,20120421,20120421,20111231,57281134.39
002368.SZ,20120426,20120426,20111231,129811129.7
002371.SZ,20120210,20120210,20111231,185835893.42
002372.SZ,20120316,20120316,20111231,265267450.7
002375.SZ,20120320,20120320,20111231,555467448.94
002373.SZ,20120330,20120330,20111231,10901156.7
002382.SZ,20120420,20120420,20111231,26299704.02
002384.SZ,20120420,20130413,20111231,44046298.89
002385.SZ,20120329,20120329,20111231,604719443.35
002387.SZ,20120425,20120425,20111231,129854864.98
002390.SZ,20120418,20120418,20111231,48595025.48
002392.SZ,20120323,20120323,20111231,129482453.47
002396.SZ,20120323,20120323,20111231,215607456.84
002399.SZ,20120328,20120328,20111231,719571774.98
002402.SZ,20120330,20120330,20111231,21635583.38
002400.SZ,20120328,20120328,20111231,151375326.02
002405.SZ,20120308,20120308,20111231,298576158.6
002407.SZ,20120320,20120320,20111231,104451759.11
002408.SZ,20120418,20120418,20111231,632086991.04
002409.SZ,20120330,20120330,20111231,83484374.4
002410.SZ,20120315,20120315,20111231,232335119.04
002411.SZ,20120412,20120412,20111231,72669401.64
002414.SZ,20120225,20120225,20111231,114909139.08
002415.SZ,20120424,20120424,20111231,1471751171.78
002416.SZ,20120410,20120410,20111231,484846113.15
002419.SZ,20120228,20120228,20111231,784936000.21
002422.SZ,20120327,20120327,20111231,1060225641.0
002423.SZ,20120329,20120329,20111231,83092040.99
002424.SZ,20120417,20120417,20111231,238324596.64
002428.SZ,20120316,20120316,20111231,85219378.05
002426.SZ,20120405,20120405,20111231,70264867.2
002429.SZ,20120322,20120322,20111231,473484817.44
002430.SZ,20120320,20120320,20111231,593312526.77
002431.SZ,20120331,20120331,20111231,339854466.62
002432.SZ,20120424,20120424,20111231,23980551.12
002434.SZ,20120417,20120417,20111231,120784401.55
002436.SZ,20120410,20120410,20111231,146580732.54
002437.SZ,20120322,20120322,20111231,138630565.96
002439.SZ,20120321,20120321,20111231,35655753.4
002440.SZ,20120425,20120425,20111231,566320111.12
002444.SZ,20120417,20120417,20111231,363665237.36
002450.SZ,20120213,20120213,20111231,164222212.74
002456.SZ,20120413,20120413,20111231,10812041.67
002458.SZ,20120309,20120309,20111231,233990770.18
002459.SZ,20120418,20120418,20111231,22175953.33
002460.SZ,20120313,20120313,20111231,56607565.4
002463.SZ,20120306,20120306,20111231,390561128.0
002461.SZ,20120327,20120327,20111231,32499756.25
002465.SZ,20120331,20120331,20111231,215029040.77
002466.SZ,20120326,20120326,20111231,40528192.25
002468.SZ,20120322,20120322,20111231,4538514.76
002470.SZ,20120306,20120306,20111231,539463510.52
002472.SZ,20120407,20120407,20111231,176667320.98
002475.SZ,20120329,20120329,20111231,413335987.41
002477.SZ,20120315,20120315,20111231,423200190.31
002479.SZ,20120119,20120119,20111231,207124534.15
002482.SZ,20120426,20120426,20111231,369849106.81
002487.SZ,20120228,20120228,20111231,49157488.17
002489.SZ,20120317,20120317,20111231,353646239.66
002491.SZ,20120327,20120327,20111231,181392098.15
002493.SZ,20120221,20120221,20111231,2502119787.67
002498.SZ,20120425,20120425,20111231,293880617.23
002497.SZ,20120315,20120315,20111231,234614459.62
002500.SZ,20120424,20120424,20111231,261285975.0
002503.SZ,20120425,20120425,20111231,227559365.57
002505.SZ,20120418,20120418,20111231,57714240.06
002507.SZ,20120329,20120329,20111231,102043579.62
002506.SZ,20120426,20120426,20111231,-43276198.6
002508.SZ,20120313,20120313,20111231,209506268.96
002509.SZ,20120417,20120417,20111231,60002706.86
002511.SZ,20120416,20120416,20111231,97958117.61
002517.SZ,20120417,20120417,20111231,49065586.76
002512.SZ,20120330,20120330,20111231,70810326.77
002518.SZ,20120309,20120309,20111231,92165559.18
002531.SZ,20120411,20120411,20111231,117146772.53
002532.SZ,20120307,20120307,20111231,62356554.78
002544.SZ,20120418,20120418,20111231,69654362.33
002551.SZ,20120424,20120507,20111231,50345262.13
002555.SZ,20120330,20120330,20111231,31316728.19
002557.SZ,20120327,20120327,20111231,281197037.79
002558.SZ,20120323,20120323,20111231,46928824.85
002563.SZ,20120412,20120412,20111231,1617954568.73
002568.SZ,20120328,20120328,20111231,50492681.67
002572.SZ,20120330,20120330,20111231,162725138.95
002573.SZ,20120405,20120405,20111231,112778453.46
002581.SZ,20120227,20120227,20111231,78240081.15
002583.SZ,20120327,20120327,20111231,121230213.29
002588.SZ,20120327,20120327,20111231,288306177.63
002589.SZ,20120425,20120425,20111231,113554585.45
002595.SZ,20120328,20120328,20111231,250121750.65
002594.SZ,20120326,20120326,20111231,1410351000.0
002600.SZ,20120425,20120425,20111231,75885412.41
002601.SZ,20120425,20120425,20111231,423412037.43
002602.SZ,20120424,20120424,20111231,164571636.66
002607.SZ,20120417,20120417,20111231,125937535.89
002603.SZ,20120330,20120330,20111231,489588168.71
002608.SZ,20120413,20120413,20111231,221136563.03
002624.SZ,20120410,20120410,20111231,53405549.76
002625.SZ,20120412,20120412,20111231,41616752.31
002635.SZ,20120328,20120411,20111231,117851762.61
002640.SZ,20120417,20120417,20111231,82257743.12
002646.SZ,20120425,20120425,20111231,269883397.34
002642.SZ,20120323,20120323,20111231,83996776.29
002648.SZ,20120406,20120406,20111231,710674719.05
002653.SZ,20120207,20120207,20111231,287361773.3
002657.SZ,20120208,20120208,20111231,49421605.64
002663.SZ,20120224,20120224,20111231,200577897.91
002670.SZ,20120323,20120323,20111231,78880684.77
002672.SZ,20120406,20120406,20111231,235497123.71
002709.SZ,20140103,20140103,20111231,46978222.43
002673.SZ,20120413,20120413,20111231,301926787.85
002683.SZ,20120522,20120522,20111231,139941377.49
002705.SZ,20131231,20131231,20111231,189249776.93
002736.SZ,20141211,20141211,20111231,2323892300.35
002738.SZ,20141211,20141211,20111231,64766719.67
002745.SZ,20150202,20150202,20111231,125674363.37
002756.SZ,20140630,20140630,20111231,271919042.55
002797.SZ,20140519,20140519,20111231,177989288.06
002807.SZ,20140630,20140630,20111231,1098096000.0
002839.SZ,20140630,20140630,20111231,1087850800.0
002926.SZ,20120424,20120424,20111231,754395135.23
002936.SZ,20120428,20120428,20111231,1273773476.74
002939.SZ,20120427,20120427,20111231,346627886.38
002945.SZ,20120427,20120427,20111231,29661959.24
002966.SZ,20120430,20120430,20111231,1304726049.61
300002.SZ,20120426,20120426,20111231,362023768.24
300009.SZ,20120324,20120324,20111231,69256450.15
300003.SZ,20120228,20120228,20111231,537421058.86
300001.SZ,20120410,20120410,20111231,119393539.43
300010.SZ,20120330,20120330,20111231,86450103.43
300012.SZ,20120327,20120327,20111231,106969931.4
300015.SZ,20120315,20120315,20111231,242274197.99
300014.SZ,20120224,20120224,20111231,94727424.46
300017.SZ,20120320,20120320,20111231,53597562.86
300024.SZ,20120229,20120229,20111231,125449238.95
300032.SZ,20120423,20120423,20111231,47887327.03
300033.SZ,20120417,20120417,20111231,56559009.44
300027.SZ,20120328,20120328,20111231,244781628.53
300026.SZ,20120313,20120313,20111231,168735561.04
300037.SZ,20120320,20120320,20111231,144403434.73
300055.SZ,20120425,20120425,20111231,90576128.03
600000.SH,20120316,20120316,20111231,35756727000.0
600004.SH,20120315,20120315,20111231,954324241.52
600005.SH,20120424,20120424,20111231,1365390168.57
600006.SH,20120327,20130326,20111231,430950582.22
302132.SZ,20120321,20120321,20111231,66418217.15
600007.SH,20120324,20120324,20111231,265041794.0
600008.SH,20120420,20120420,20111231,615045033.06
600009.SH,20120229,20120229,20111231,1944493760.07
600010.SH,20120229,20120229,20111231,673486932.03
600011.SH,20120321,20120321,20111231,1139266585.0
600015.SH,20120327,20120327,20111231,12523510960.26
600016.SH,20120323,20120323,20111231,37285000000.0
600017.SH,20120427,20120427,20111231,625081949.91
600018.SH,20120328,20120328,20111231,7031503277.57
600019.SH,20120331,20120331,20111231,8838897432.68
600021.SH,20120329,20120329,20111231,331621855.33
600022.SH,20120317,20120317,20111231,80167885.88
600025.SH,20120601,20120601,20111231,2139301709.5
600026.SH,20120316,20120316,20111231,1058228565.97
600027.SH,20120329,20120329,20111231,-333662000.0
600028.SH,20120326,20120326,20111231,100966000000.0
600029.SH,20120330,20120330,20111231,5546000000.0
600030.SH,20120330,20120330,20111231,15011239812.29
600031.SH,20120329,20120329,20111231,9847199478.61
600036.SH,20120329,20120329,20111231,46613000000.0
600037.SH,20120414,20120414,20111231,-27692372.84
600038.SH,20120328,20120328,20111231,114776650.86
600039.SH,20120328,20120328,20111231,230818614.96
600048.SH,20120406,20120406,20111231,9964091046.45
600050.SH,20120323,20120323,20111231,4654375869.0
600053.SH,20120417,20120417,20111231,9315080.6
600056.SH,20120327,20120327,20111231,412743302.48
600058.SH,20120331,20120331,20111231,838222948.5
600059.SH,20120328,20120328,20111231,178191501.19
600060.SH,20120410,20120410,20111231,1870551834.02
600061.SH,20120310,20120310,20111231,15845127.28
600062.SH,20120313,20120313,20111231,655223532.71
600064.SH,20120406,20120406,20111231,480199474.85
600066.SH,20120327,20120327,20111231,1331414057.85
600067.SH,20120315,20120315,20111231,1143704807.85
600068.SH,20120324,20120324,20111231,2025580168.0
600073.SH,20120315,20120315,20111231,142016969.7
600074.SH,20120427,20120427,20111231,-60288252.51
600079.SH,20120328,20120328,20111231,495194936.54
600085.SH,20120327,20120327,20111231,789531138.3
600086.SH,20120331,20120331,20111231,99970844.64
600088.SH,20120421,20120421,20111231,98521629.28
600089.SH,20120328,20120328,20111231,1130453405.36
600094.SH,20120119,20120119,20111231,1335926098.84
600095.SH,20120427,20130409,20111231,10332397.05
600096.SH,20120327,20120327,20111231,246386477.71
600098.SH,20120427,20120427,20111231,739509106.1
600100.SH,20120411,20120411,20111231,852310277.65
600104.SH,20120330,20120330,20111231,41697489632.18
600108.SH,20120428,20120428,20111231,191759938.19
600109.SH,20120410,20120410,20111231,306630742.23
600111.SH,20120327,20120327,20111231,7266321641.76
600112.SH,20120425,20120425,20111231,21960761.18
600115.SH,20120326,20120326,20111231,3597685000.0
600118.SH,20120307,20120307,20111231,257494941.23
600120.SH,20120330,20120330,20111231,559830247.53
600122.SH,20120330,20120330,20111231,294700862.8
600125.SH,20120309,20120309,20111231,608133095.94
600126.SH,20120317,20120317,20111231,417872217.89
600129.SH,20120428,20120428,20111231,-91480304.5
600131.SH,20120428,20120428,20111231,134899199.31
600132.SH,20120328,20120328,20111231,175882607.66
600138.SH,20120414,20120414,20111231,638065735.74
600141.SH,20120406,20120406,20111231,330785505.97
600143.SH,20120428,20120428,20111231,980498037.33
600150.SH,20120423,20120423,20111231,2709830630.62
600151.SH,20120426,20120426,20111231,-115134015.67
600153.SH,20120411,20120411,20111231,3616865036.61
600155.SH,20120428,20120428,20111231,-56138778.57
600157.SH,20120323,20120323,20111231,451100623.8
600158.SH,20120324,20120324,20111231,214072110.72
600160.SH,20120324,20120324,20111231,2236229693.09
600161.SH,20120310,20120310,20111231,332023676.86
600166.SH,20120302,20120302,20111231,972429224.89
600167.SH,20120426,20120426,20111231,114124859.52
600169.SH,20120410,20120410,20111231,370715402.8
600170.SH,20120327,20120327,20111231,1425160587.86
600171.SH,20120414,20120414,20111231,-13849363.09
600175.SH,20120420,20120420,20111231,141760414.19
600176.SH,20120319,20120319,20111231,489558913.26
600177.SH,20120327,20120327,20111231,2438419710.02
600179.SH,20120419,20120419,20111231,-359261417.85
600180.SH,20120330,20120330,20111231,-3481938.78
600183.SH,20120329,20120329,20111231,512605658.2
600184.SH,20120301,20120301,20111231,14445530.38
600187.SH,20120329,20120329,20111231,56003263.06
600188.SH,20120326,20120326,20111231,12167121090.0
600195.SH,20120421,20120421,20111231,532453138.37
600196.SH,20120324,20120324,20111231,1580506130.01
600198.SH,20120331,20120331,20111231,-16442403.21
600200.SH,20120328,20120328,20111231,47934329.91
600201.SH,20120413,20120413,20111231,166289840.76
600208.SH,20120421,20120421,20111231,1390549990.43
600216.SH,20120424,20120424,20111231,1193447007.2
600219.SH,20120223,20120223,20111231,1399072935.69
600220.SH,20120418,20120418,20111231,16623077.31
600221.SH,20120331,20120331,20111231,3192191000.0
600233.SH,20120424,20120424,20111231,190484672.07
600236.SH,20120327,20120327,20111231,298434566.27
600240.SH,20120412,20120412,20111231,597149326.17
600251.SH,20120410,20120410,20111231,147381631.73
600252.SH,20120426,20120426,20111231,360180056.16
600258.SH,20120320,20120320,20111231,157834242.81
600256.SH,20120420,20120420,20111231,1136407269.93
600259.SH,20120427,20120427,20111231,277621055.12
600260.SH,20120416,20120416,20111231,118655431.97
600266.SH,20120331,20120331,20111231,1755834779.46
600267.SH,20120327,20120327,20111231,567156520.58
600270.SH,20120322,20120322,20111231,466420651.33
600271.SH,20120322,20120322,20111231,1436584302.43
600273.SH,20120425,20120425,20111231,-289438848.49
600276.SH,20120320,20120320,20111231,1032395071.01
600280.SH,20120420,20120420,20111231,269461325.8
600277.SH,20120410,20120410,20111231,650887951.67
600282.SH,20120327,20120327,20111231,263534539.96
600284.SH,20120306,20120306,20111231,394093041.17
600289.SH,20120328,20120328,20111231,194260147.47
600292.SH,20120323,20120323,20111231,-9737195.98
600291.SH,20120428,20120428,20111231,-36147986.21
600295.SH,20120322,20120322,20111231,1688186426.93
600297.SH,20120330,20120330,20111231,924901.36
600298.SH,20120310,20120310,20111231,276780457.66
600300.SH,20120330,20120330,20111231,246535611.51
600299.SH,20120411,20120411,20111231,-220682884.26
600307.SH,20120327,20120327,20111231,1823809412.75
600309.SH,20120307,20120307,20111231,2730518082.15
600312.SH,20120303,20120303,20111231,3661435.16
600315.SH,20120407,20120407,20111231,435715807.65
600316.SH,20120328,20120328,20111231,70399033.13
600317.SH,20120120,20120120,20111231,351160960.3
600320.SH,20120324,20120324,20111231,-333449159.0
600325.SH,20120228,20120228,20111231,1106489703.24
600329.SH,20120331,20120331,20111231,271534026.1
600332.SH,20120217,20120217,20111231,308925677.42
600335.SH,20120323,20120323,20111231,737622273.42
600338.SH,20120426,20120426,20111231,-32995195.48
600339.SH,20120330,20120330,20111231,52080068.73
600346.SH,20120418,20120418,20111231,-69523973.14
600340.SH,20120229,20120314,20111231,1749283677.36
600348.SH,20120424,20120424,20111231,3759598287.02
600350.SH,20120327,20120327,20111231,2685785510.0
600351.SH,20120204,20120204,20111231,229086653.31
600352.SH,20120428,20120428,20111231,788944094.25
600361.SH,20120424,20120424,20111231,70118165.72
600362.SH,20120328,20120328,20111231,7706974696.0
600363.SH,20120229,20120229,20111231,83095106.81
600366.SH,20120417,20120417,20111231,997661630.5
600369.SH,20120320,20120320,20111231,219455000.45
600372.SH,20120301,20120301,20111231,471237954.68
600373.SH,20120310,20120310,20111231,428658348.06
600376.SH,20120323,20120323,20111231,2358839437.25
600377.SH,20120326,20120326,20111231,3270727227.0
600380.SH,20120327,20120327,20111231,556301912.23
600378.SH,20120317,20120317,20111231,64033956.52
600383.SH,20120425,20120425,20111231,4978509259.53
600388.SH,20120410,20120410,20111231,292788256.93
600390.SH,20120221,20120221,20111231,-103777302.07
600392.SH,20120428,20120801,20111231,-186300779.35
600393.SH,20120410,20120410,20111231,37703752.2
600395.SH,20120421,20120421,20111231,2028908175.44
600397.SH,20120328,20120328,20111231,102963334.43
600398.SH,20120421,20120421,20111231,136687481.44
600399.SH,20120428,20120428,20111231,36912484.43
600406.SH,20120202,20120202,20111231,830154111.36
600409.SH,20120426,20120426,20111231,771582884.97
600410.SH,20120411,20120411,20111231,256972093.24
600415.SH,20120312,20120312,20111231,847092116.38
600416.SH,20120328,20120328,20111231,120123262.0
600418.SH,20120328,20120328,20111231,545063637.93
600422.SH,20120220,20120220,20111231,163189001.24
600425.SH,20120310,20120310,20111231,453907154.58
600426.SH,20120310,20120310,20111231,411031585.32
600428.SH,20120406,20120406,20111231,87429773.82
600433.SH,20120313,20120313,20111231,64205397.33
600435.SH,20120410,20120410,20111231,22474624.29
600436.SH,20120414,20120414,20111231,305336176.12
600438.SH,20120428,20120428,20111231,65192656.2
600446.SH,20120421,20120421,20111231,62664463.55
600456.SH,20120223,20120223,20111231,105644486.3
600458.SH,20120309,20120309,20111231,255030770.79
600460.SH,20120306,20120306,20111231,138638630.26
600466.SH,20120323,20120323,20111231,17018207.92
600468.SH,20120418,20120418,20111231,57008186.83
600481.SH,20120310,20120310,20111231,200534577.0
600478.SH,20120424,20120424,20111231,-16421180.15
600482.SH,20120308,20120308,20111231,73251249.68
600483.SH,20120322,20120322,20111231,20179395.85
600485.SH,20120416,20120416,20111231,-15275636.5
600487.SH,20120320,20120320,20111231,281703769.52
600486.SH,20120410,20120410,20111231,164745335.08
600489.SH,20120416,20120416,20111231,3132277951.37
600496.SH,20120328,20120328,20111231,312136506.55
600497.SH,20120330,20120330,20111231,359737478.63
600498.SH,20120421,20120421,20111231,356936121.88
600499.SH,20120131,20120131,20111231,438571510.15
600500.SH,20120310,20120310,20111231,1037233173.66
600503.SH,20120224,20120224,20111231,835947333.84
600507.SH,20120218,20120218,20111231,855546172.37
600509.SH,20120310,20120310,20111231,531381966.65
600510.SH,20120417,20120417,20111231,295945747.51
600511.SH,20120320,20120320,20111231,240007208.36
600515.SH,20120425,20120425,20111231,-98619184.06
600516.SH,20120306,20120306,20111231,967701125.67
600517.SH,20120308,20120308,20111231,199251588.19
600518.SH,20120425,20120425,20111231,1148149110.31
600519.SH,20120411,20120411,20111231,12336164425.08
600521.SH,20120221,20120221,20111231,274120234.89
600522.SH,20120223,20120308,20111231,404826298.4
600525.SH,20120323,20120323,20111231,747529504.62
600528.SH,20120316,20120316,20111231,823192155.05
600535.SH,20120327,20120327,20111231,741874695.74
600529.SH,20120417,20120417,20111231,148024911.06
600536.SH,20120327,20120327,20111231,-46306803.3
600545.SH,20120414,20120414,20111231,179926182.39
600537.SH,20120416,20120416,20111231,96286607.59
600549.SH,20120329,20120329,20111231,2155078948.7
600547.SH,20120329,20120329,20111231,2717997515.99
600546.SH,20120420,20120420,20111231,2457020884.57
600551.SH,20120330,20120330,20111231,238084432.4
600556.SH,20120428,20120428,20111231,-866474.01
600557.SH,20120407,20120407,20111231,183022533.99
600563.SH,20120323,20120323,20111231,326989832.51
600562.SH,20120224,20120224,20111231,10545596.44
600565.SH,20120306,20120306,20111231,98595979.29
600566.SH,20120328,20120328,20111231,4778229.22
600572.SH,20120418,20120418,20111231,334300665.99
600567.SH,20120324,20120324,20111231,-24284050.18
600570.SH,20120329,20120329,20111231,216711946.13
600575.SH,20120322,20120322,20111231,460183932.64
600578.SH,20120316,20120316,20111231,348603091.22
600582.SH,20120320,20120320,20111231,1903779853.04
600580.SH,20120407,20120407,20111231,86154398.7
600583.SH,20120330,20120330,20111231,244668936.27
600584.SH,20120420,20120420,20111231,6835415.97
600585.SH,20120327,20120327,20111231,14960294176.0
600588.SH,20120310,20120310,20111231,310055512.0
600586.SH,20120427,20120427,20111231,208971633.64
600587.SH,20120426,20120426,20111231,133812785.33
600594.SH,20120329,20120329,20111231,310692488.49
600596.SH,20120424,20120424,20111231,-63242547.49
600600.SH,20120330,20120330,20111231,2141568242.0
600598.SH,20120427,20120427,20111231,379809411.95
600597.SH,20120327,20120327,20111231,200185936.0
600601.SH,20120407,20120407,20111231,66364515.41
600663.SH,20120314,20120314,20111231,1248872598.22
600666.SH,20120317,20120317,20111231,45525668.84
600664.SH,20120428,20120428,20111231,682183514.03
600667.SH,20120424,20120424,20111231,174500363.71
600673.SH,20120313,20120313,20111231,472640189.71
600674.SH,20120328,20120328,20111231,409806075.9
600682.SH,20120406,20120406,20111231,102816758.53
600675.SH,20120316,20120316,20111231,1199799152.95
600685.SH,20120330,20120330,20111231,393766389.62
600687.SH,20120120,20120120,20111231,131014306.39
600688.SH,20120330,20120330,20111231,1260377000.0
600690.SH,20120331,20120331,20111231,4062808064.27
600694.SH,20120407,20120407,20111231,459032301.58
600699.SH,20120214,20120214,20111231,208431311.85
600703.SH,20120222,20120222,20111231,521907422.72
600704.SH,20120417,20120417,20111231,1065646145.4
600705.SH,20120210,20120210,20111231,8215081.58
600707.SH,20120329,20120329,20111231,-578088059.73
600717.SH,20120324,20120324,20111231,1450732334.33
600718.SH,20120331,20120331,20111231,310300179.0
600720.SH,20120306,20120306,20111231,357789132.9
600728.SH,20120327,20120327,20111231,35088475.93
600732.SH,20120410,20120410,20111231,53595989.96
600729.SH,20120328,20120328,20111231,700477599.78
600733.SH,20120315,20120315,20111231,2161731.36
600736.SH,20120328,20120328,20111231,441156953.08
600737.SH,20120320,20120320,20111231,35488619.79
600741.SH,20120324,20120324,20111231,5822722063.41
600739.SH,20120417,20120417,20111231,3009321258.49
600743.SH,20120313,20120313,20111231,773102677.29
600745.SH,20120225,20120225,20111231,86640841.6
600748.SH,20120327,20120327,20111231,481529538.6
600751.SH,20120413,20120413,20111231,-156506290.52
600750.SH,20120410,20120410,20111231,276931976.15
600754.SH,20120329,20120329,20111231,367914961.72
600755.SH,20120419,20120419,20111231,963109426.16
600760.SH,20120421,20120421,20111231,-232179823.58
600759.SH,20120428,20120428,20111231,170739441.39
600757.SH,20120229,20120229,20111231,237708887.17
600761.SH,20120320,20120320,20111231,477054529.07
600763.SH,20120418,20120418,20111231,96449025.52
600764.SH,20120327,20120327,20111231,68400482.7
600765.SH,20120328,20120328,20111231,169031411.42
600770.SH,20120426,20120426,20111231,550608686.41
600773.SH,20120410,20120410,20111231,470102163.84
600776.SH,20120320,20120320,20111231,166196979.39
600779.SH,20120428,20120428,20111231,404516612.2
600777.SH,20120418,20120418,20111231,-74365854.1
600782.SH,20120410,20120410,20111231,118054581.81
600783.SH,20120428,20120428,20111231,775572306.0
600787.SH,20120330,20120330,20111231,511636335.0
600795.SH,20120330,20120330,20111231,4977214321.9
600801.SH,20120322,20120322,20111231,1430656577.0
600790.SH,20120418,20120418,20111231,152406045.02
600803.SH,20120201,20120201,20111231,51804925.51
600804.SH,20120421,20120421,20111231,195117930.74
600805.SH,20120329,20120329,20111231,1140286071.87
600808.SH,20120329,20120329,20111231,158297822.0
600809.SH,20120410,20120410,20111231,1365704220.04
600811.SH,20120428,20120428,20111231,706689858.63
600812.SH,20120428,20120428,20111231,-381839854.17
600816.SH,20120228,20120228,20111231,260852083.25
600823.SH,20120324,20120324,20111231,1680538110.8
600820.SH,20120420,20120420,20111231,499282873.17
600825.SH,20120427,20120427,20111231,205489662.83
600826.SH,20120310,20120310,20111231,54390127.62
600827.SH,20120414,20120414,20111231,2518319074.33
600831.SH,20120420,20120420,20111231,127896575.0
600835.SH,20120323,20120323,20111231,1278677206.76
600837.SH,20120316,20120316,20111231,4167674650.7
600839.SH,20120418,20120418,20111231,288474482.1
600845.SH,20120313,20120313,20111231,243440852.9
600848.SH,20120328,20120328,20111231,-7143856.17
600850.SH,20120328,20120328,20111231,6873779.11
600851.SH,20120425,20120425,20111231,63906418.78
600859.SH,20120324,20120324,20111231,840509148.2
600862.SH,20120327,20120327,20111231,108620524.9
600863.SH,20120425,20120425,20111231,1364099661.47
600864.SH,20120315,20120315,20111231,394582130.4
600867.SH,20120418,20120418,20111231,423122587.45
600869.SH,20120424,20120424,20111231,353702825.98
600872.SH,20120427,20120427,20111231,139699527.7
600871.SH,20120327,20120327,20111231,979056000.0
600873.SH,20120224,20120224,20111231,742311147.23
600874.SH,20120323,20120323,20111231,379288000.0
600875.SH,20120330,20120330,20111231,3356335285.96
600879.SH,20120301,20120301,20111231,162948388.4
600881.SH,20120428,20120428,20111231,1289007037.7
600880.SH,20120303,20120303,20111231,530770920.71
600884.SH,20120330,20120330,20111231,180327505.56
600885.SH,20120310,20120310,20111231,-133442220.87
600886.SH,20120412,20120412,20111231,865559460.5
600893.SH,20120328,20120328,20111231,297246800.99
600887.SH,20120229,20120229,20111231,1746006246.41
600894.SH,20120211,20120211,20111231,-698488522.17
600895.SH,20120420,20120420,20111231,576713583.18
600900.SH,20120427,20120427,20111231,8385489666.04
600901.SH,20120416,20120416,20111231,384179686.62
600906.SH,20120427,20120427,20111231,447778590.16
600909.SH,20140421,20140421,20111231,118917866.12
600918.SH,20120426,20120426,20111231,628430122.96
600919.SH,20140630,20140630,20111231,7567289000.0
600926.SH,20140630,20140630,20111231,3357407000.0
600928.SH,20120428,20120428,20111231,1506274637.37
600939.SH,20141030,20141030,20111231,605864626.94
600956.SH,20120419,20120419,20111231,588117495.89
600958.SH,20141209,20141209,20111231,1050377745.89
600967.SH,20120222,20120222,20111231,143466270.27
600970.SH,20120324,20120324,20111231,1833663525.39
600971.SH,20120320,20120320,20111231,1415768942.93
600981.SH,20120326,20120326,20111231,88285011.73
600985.SH,20120426,20120426,20111231,50198186.73
600978.SH,20120330,20120330,20111231,310954929.21
600988.SH,20120312,20120312,20111231,2402565.43
600989.SH,20120522,20120522,20111231,1165231786.19
600993.SH,20120421,20120421,20111231,153913811.39
600995.SH,20120316,20120316,20111231,132073516.04
600998.SH,20120424,20120424,20111231,349992897.4
600999.SH,20120424,20120424,20111231,2561128062.38
601001.SH,20120416,20120416,20111231,3258403705.15
601000.SH,20120321,20120321,20111231,622852660.35
601002.SH,20120322,20120322,20111231,89763380.25
601003.SH,20120426,20120426,20111231,426412280.48
601005.SH,20120329,20120329,20111231,-1895522000.0
601006.SH,20120427,20120427,20111231,15369234090.0
601009.SH,20120428,20120428,20111231,3909987000.0
601010.SH,20120328,20120328,20111231,555734674.86
601012.SH,20120316,20120316,20111231,294212805.58
601018.SH,20120420,20120420,20111231,2970171000.0
601059.SH,20120418,20120418,20111231,252453103.95
601058.SH,20120427,20120427,20111231,115866128.04
601066.SH,20120424,20120424,20111231,1607079400.98
601077.SH,20120418,20120418,20111231,5425462668.54
601088.SH,20120324,20120324,20111231,65775000000.0
601098.SH,20120410,20120410,20111231,759836157.77
601099.SH,20120427,20120427,20111231,201411223.64
601100.SH,20120417,20120417,20111231,369796566.72
601106.SH,20120426,20120426,20111231,315564294.79
601108.SH,20140217,20140217,20111231,129350033.18
601111.SH,20120328,20120328,20111231,9150184000.0
601117.SH,20120420,20120420,20111231,3034242107.98
601118.SH,20120428,20120428,20111231,724894422.65
601126.SH,20120406,20120406,20111231,170075793.05
601136.SH,20120418,20120418,20111231,307030180.33
601128.SH,20140630,20140630,20111231,922280996.69
601158.SH,20120405,20120405,20111231,1467721748.24
601162.SH,20120427,20120427,20111231,13202711.63
601139.SH,20120330,20120330,20111231,506783381.56
601166.SH,20120320,20120320,20111231,33532000000.0
601168.SH,20120316,20120316,20111231,1108740062.0
601169.SH,20120424,20120424,20111231,11350575000.0
601179.SH,20120423,20120423,20111231,-549819342.4
601186.SH,20120330,20120330,20111231,9929565000.0
601187.SH,20120428,20120428,20111231,513556049.3
601198.SH,20141217,20141217,20111231,500424727.08
601200.SH,20120424,20120424,20111231,85832266.24
601216.SH,20120405,20120405,20111231,577175831.31
601211.SH,20140422,20140422,20111231,3405845779.0
601225.SH,20140108,20140108,20111231,16160000252.49
601229.SH,20140630,20140630,20111231,6672499000.0
601233.SH,20120222,20120222,20111231,1532419652.7
601236.SH,20120416,20120416,20111231,173265677.47
601238.SH,20120327,20120327,20111231,3183994102.0
601258.SH,20120412,20120412,20111231,918848550.0
601288.SH,20120323,20120323,20111231,156738000000.0
601318.SH,20120316,20120316,20111231,29913000000.0
601311.SH,20120411,20120411,20111231,331685508.87
601328.SH,20120329,20120329,20111231,64896000000.0
601333.SH,20120328,20120328,20111231,2506169893.0
601336.SH,20120329,20120329,20111231,3385000000.0
601360.SH,20120313,20120313,20111231,159615361.27
601369.SH,20120302,20120302,20111231,933282758.07
601375.SH,20141212,20141212,20111231,88731708.88
601377.SH,20120417,20120417,20111231,695155244.29
601390.SH,20120331,20120331,20111231,9024406000.0
601398.SH,20120330,20120330,20111231,271000000000.0
601399.SH,20120417,20120417,20111231,-295916294.09
601456.SH,20120427,20120427,20111231,159788604.39
601555.SH,20120424,20120424,20111231,307225620.3
601567.SH,20120424,20120424,20111231,208197625.04
601577.SH,20120622,20120622,20111231,1734143617.04
601598.SH,20120428,20120428,20111231,1165081000.0
601600.SH,20120317,20120317,20111231,617434000.0
601601.SH,20120326,20120326,20111231,9642000000.0
601607.SH,20120330,20120330,20111231,2873728361.29
601618.SH,20120330,20120330,20111231,5322737000.0
601628.SH,20120327,20120327,20111231,20546000000.0
601633.SH,20120317,20120317,20111231,4011853614.92
601636.SH,20120407,20120407,20111231,204029385.84
601665.SH,20130427,20130427,20111231,940106457.0
601666.SH,20120320,20120320,20111231,2458165925.1
601668.SH,20120420,20120420,20111231,25157635000.0
601669.SH,20120420,20120420,20111231,4938221211.68
601678.SH,20120209,20120209,20111231,856352751.68
601688.SH,20120421,20120421,20111231,2438911804.81
601696.SH,20120424,20120424,20111231,495933044.0
601699.SH,20120330,20120330,20111231,4432162817.29
601717.SH,20120208,20120208,20111231,1387127746.82
601718.SH,20120425,20120425,20111231,655877333.1
601727.SH,20120324,20120324,20111231,4730924000.0
601728.SH,20120413,20120413,20111231,17923308144.82
601766.SH,20120331,20120331,20111231,4957113017.0
601777.SH,20120328,20120328,20111231,335194098.66
601788.SH,20120322,20120322,20111231,1987797974.95
601799.SH,20120227,20120227,20111231,185162571.13
601800.SH,20120327,20120327,20111231,13024849890.0
601801.SH,20120329,20120329,20111231,417987345.68
601808.SH,20120321,20120321,20111231,4751905833.0
601818.SH,20120419,20120419,20111231,24147174000.0
601825.SH,20120427,20120427,20111231,2875213000.0
601838.SH,20140630,20140630,20111231,2899562000.0
601857.SH,20120330,20120330,20111231,184517000000.0
601866.SH,20120329,20120329,20111231,-2731511682.86
601872.SH,20120423,20120423,20111231,173573070.0
601877.SH,20120303,20120303,20111231,1086266001.13
601880.SH,20120330,20120330,20111231,821351061.11
601878.SH,20140620,20140620,20111231,392732752.51
601886.SH,20120327,20120327,20111231,379377513.48
601881.SH,20140829,20140829,20111231,2245671600.0
601888.SH,20120426,20120426,20111231,1081323235.45
601898.SH,20120328,20120328,20111231,13477533000.0
601899.SH,20120329,20120329,20111231,9608097077.0
601908.SH,20120328,20120328,20111231,489292158.57
601901.SH,20120405,20120405,20111231,331982609.81
601916.SH,20120427,20120427,20111231,3773917000.0
601918.SH,20120328,20120328,20111231,1833347735.11
601919.SH,20120330,20120330,20111231,-6805546745.86
601928.SH,20120410,20120410,20111231,596033939.99
688336.SH,20120629,20120629,20111231,183154355.06
300039.SZ,20120329,20120329,20111231,182482734.17
300043.SZ,20120313,20120313,20111231,93842957.31
300054.SZ,20120412,20120412,20111231,47244310.9
300058.SZ,20120301,20120301,20111231,174346255.58
300059.SZ,20120228,20120228,20111231,109702689.35
300070.SZ,20120309,20120309,20111231,409105644.65
300072.SZ,20120320,20120320,20111231,112549896.86
300073.SZ,20120425,20120425,20111231,-2271021.6
300085.SZ,20120320,20120320,20111231,16735078.6
300088.SZ,20120330,20120330,20111231,170290078.57
300100.SZ,20120412,20120412,20111231,157561015.32
300104.SZ,20120315,20120315,20111231,161361770.12
300113.SZ,20120323,20120323,20111231,65773094.69
300114.SZ,20120321,20120321,20111231,66418217.15
300115.SZ,20120321,20120321,20111231,177836090.64
300118.SZ,20120420,20120420,20111231,55449305.32
300122.SZ,20120328,20120328,20111231,191166124.47
300124.SZ,20120327,20120327,20111231,352220911.4
300133.SZ,20120323,20120323,20111231,194530387.75
300134.SZ,20120418,20120418,20111231,165451450.01
300136.SZ,20120310,20120310,20111231,82996031.15
300140.SZ,20120316,20120316,20111231,37975876.27
300142.SZ,20120314,20120314,20111231,237977252.16
300144.SZ,20120228,20120228,20111231,280687584.04
300146.SZ,20120201,20120201,20111231,217420607.68
300147.SZ,20120306,20120306,20111231,97193983.63
300156.SZ,20120425,20120425,20111231,88344829.6
300159.SZ,20120310,20120310,20111231,74866862.78
300166.SZ,20120120,20120120,20111231,58602900.26
300168.SZ,20120317,20120317,20111231,88364709.4
300180.SZ,20120421,20120421,20111231,85431096.44
300182.SZ,20120117,20120117,20111231,99739015.61
300197.SZ,20120313,20120313,20111231,164290984.78
300199.SZ,20120410,20120410,20111231,80918828.96
300202.SZ,20120328,20120328,20111231,52332188.49
300207.SZ,20120419,20120419,20111231,85763276.5
300212.SZ,20120331,20120331,20111231,58788762.32
300223.SZ,20120407,20120407,20111231,46202863.8
300244.SZ,20120409,20120409,20111231,46424585.4
300251.SZ,20120315,20120315,20111231,210931061.63
300253.SZ,20120425,20120425,20111231,33392138.13
300257.SZ,20120405,20120405,20111231,364850044.54
300266.SZ,20120329,20120329,20111231,45759252.19
300267.SZ,20120310,20120310,20111231,135578646.57
300271.SZ,20120229,20120229,20111231,78005002.22
300273.SZ,20120423,20120423,20111231,84089648.74
300274.SZ,20120228,20120228,20111231,176827490.16
300285.SZ,20120329,20120329,20111231,43509878.16
300296.SZ,20120222,20120222,20111231,54676234.58
300297.SZ,20120223,20120223,20111231,46865750.07
300324.SZ,20120514,20120514,20111231,49136866.79
300498.SZ,20120427,20120427,20111231,4918338580.17
300803.SZ,20120427,20120427,20111231,1550519.0
601933.SH,20120412,20120412,20111231,588394361.84
601939.SH,20120326,20120326,20111231,217672000000.0
601958.SH,20120320,20120320,20111231,866692089.52
601965.SH,20120515,20120515,20111231,240044945.59
601975.SH,20120412,20120412,20111231,-854782753.51
601985.SH,20140504,20140504,20111231,3412476692.09
601988.SH,20120330,20120330,20111231,168539000000.0
601989.SH,20120411,20120411,20111231,4889212536.59
601990.SH,20120426,20120426,20111231,263922242.35
601991.SH,20120326,20120326,20111231,3201739000.0
601992.SH,20120329,20120329,20111231,3581567399.96
601995.SH,20120427,20120427,20111231,154212909.0
601997.SH,20140630,20140630,20111231,1481007000.0
601998.SH,20120331,20120331,20111231,41425000000.0
603001.SH,20120410,20120410,20111231,534224045.33
603328.SH,20140610,20140610,20111231,336420514.29
603456.SH,20140916,20140916,20111231,127961955.71
603569.SH,20140505,20140505,20111231,156837859.42
603786.SH,20120429,20120429,20111231,61710399.27
603927.SH,20120313,20120313,20111231,75416588.88
603993.SH,20120910,20120910,20111231,1517510914.75
688029.SH,20120428,20120428,20111231,32850228.38
688122.SH,20120320,20120320,20111231,106063968.37
688187.SH,20120425,20120425,20111231,1270104728.0
688223.SH,20120426,20120426,20111231,55229958.5
