date,ts_code,name,category,shares,cost_price,current_price,market_value,weight,profit_pct,cash,total_value
2015-06-26,511880.SH,银华日利,现金管理,9600,102.181,102.079,979959.04,98.19,-0.1,18080.06,998039.1
2015-09-25,511880.SH,银华日利,现金管理,2600,102.181,102.73,267097.59,26.69,0.54,3303.81,1000669.41
2015-09-25,601398.SH,工商银行,弱周期红利,20800,4.454,4.45,92560.0,9.25,-0.1,3303.81,1000669.41
2015-09-25,601988.SH,中国银行,弱周期红利,20100,3.834,3.83,76983.0,7.69,-0.1,3303.81,1000669.41
2015-09-25,000651.SZ,格力电器,消费成长红利,11200,16.106,16.09,180208.0,18.01,-0.1,3303.81,1000669.41
2015-09-25,600690.SH,海尔智家,消费成长红利,5300,9.439,9.43,49979.0,4.99,-0.1,3303.81,1000669.41
2015-09-25,601088.SH,中国神华,周期资源红利,3300,14.925,14.91,49203.0,4.92,-0.1,3303.81,1000669.41
2015-09-25,601939.SH,建设银行,弱周期红利,17500,5.295,5.29,92575.0,9.25,-0.1,3303.81,1000669.41
2015-09-25,601288.SH,农业银行,弱周期红利,44600,3.113,3.11,138706.0,13.86,-0.1,3303.81,1000669.41
2015-09-25,600011.SH,华能国际,周期资源红利,5800,8.639,8.63,50054.0,5.0,-0.1,3303.81,1000669.41
2015-12-25,511880.SH,银华日利,现金管理,3400,102.494,103.409,351588.94,31.64,0.89,16937.35,1111069.3
2015-12-25,601398.SH,工商银行,弱周期红利,28600,4.509,4.65,132990.0,11.97,3.13,16937.35,1111069.3
2015-12-25,601988.SH,中国银行,弱周期红利,13700,3.834,4.06,55622.0,5.01,5.9,16937.35,1111069.3
2015-12-25,000651.SZ,格力电器,消费成长红利,8800,16.106,23.0,202400.0,18.22,42.8,16937.35,1111069.3
2015-12-25,600690.SH,海尔智家,消费成长红利,5300,9.439,9.92,52576.0,4.73,5.09,16937.35,1111069.3
2015-12-25,601088.SH,中国神华,周期资源红利,3300,14.925,15.11,49863.0,4.49,1.24,16937.35,1111069.3
2015-12-25,601939.SH,建设银行,弱周期红利,17500,5.295,5.9,103250.0,9.29,11.42,16937.35,1111069.3
2015-12-25,601288.SH,农业银行,弱周期红利,44600,3.113,3.27,145842.0,13.13,5.04,16937.35,1111069.3
2016-03-25,511880.SH,银华日利,现金管理,2100,102.494,104.069,218544.03,21.34,1.54,3540.73,1024199.76
2016-03-25,601398.SH,工商银行,弱周期红利,28600,4.509,4.28,122408.0,11.95,-5.08,3540.73,1024199.76
2016-03-25,601988.SH,中国银行,弱周期红利,22100,3.655,3.36,74256.0,7.25,-8.07,3540.73,1024199.76
2016-03-25,000651.SZ,格力电器,消费成长红利,8800,16.106,19.22,169136.0,16.51,19.33,3540.73,1024199.76
2016-03-25,600690.SH,海尔智家,消费成长红利,5300,9.439,8.5,45050.0,4.4,-9.95,3540.73,1024199.76
2016-03-25,601088.SH,中国神华,周期资源红利,3300,14.925,14.0,46200.0,4.51,-6.2,3540.73,1024199.76
2016-03-25,601939.SH,建设银行,弱周期红利,23100,5.186,4.84,111804.0,10.92,-6.67,3540.73,1024199.76
2016-03-25,601288.SH,农业银行,弱周期红利,23600,3.113,3.16,74576.0,7.28,1.51,3540.73,1024199.76
2016-03-25,600011.SH,华能国际,周期资源红利,7800,7.788,7.78,60684.0,5.93,-0.1,3540.73,1024199.76
2016-03-25,600886.SH,国投电力,弱周期红利,5500,6.747,6.74,37070.0,3.62,-0.1,3540.73,1024199.76
2016-03-25,600027.SH,华电国际,周期资源红利,10900,5.596,5.59,60931.0,5.95,-0.1,3540.73,1024199.76
2016-06-24,511880.SH,银华日利,现金管理,1500,102.494,104.71,157065.1,15.37,2.16,5417.81,1022115.91
2016-06-24,601398.SH,工商银行,弱周期红利,18600,4.509,4.4,81840.0,8.01,-2.42,5417.81,1022115.91
2016-06-24,601988.SH,中国银行,弱周期红利,22100,3.655,3.16,69836.0,6.83,-13.54,5417.81,1022115.91
2016-06-24,000651.SZ,格力电器,消费成长红利,8800,16.106,19.22,169136.0,16.55,19.33,5417.81,1022115.91
2016-06-24,600690.SH,海尔智家,消费成长红利,5300,9.439,8.63,45739.0,4.47,-8.57,5417.81,1022115.91
2016-06-24,601088.SH,中国神华,周期资源红利,3300,14.925,13.7,45210.0,4.42,-8.21,5417.81,1022115.91
2016-06-24,601939.SH,建设银行,弱周期红利,23100,5.186,4.96,114576.0,11.21,-4.36,5417.81,1022115.91
2016-06-24,601288.SH,农业银行,弱周期红利,23600,3.113,3.17,74812.0,7.32,1.83,5417.81,1022115.91
2016-06-24,600011.SH,华能国际,周期资源红利,7800,7.788,7.31,57018.0,5.58,-6.13,5417.81,1022115.91
2016-06-24,600886.SH,国投电力,弱周期红利,5500,6.747,6.5,35750.0,3.5,-3.66,5417.81,1022115.91
2016-06-24,600027.SH,华电国际,周期资源红利,21400,5.291,4.97,106358.0,10.41,-6.07,5417.81,1022115.91
2016-06-24,000333.SZ,美的集团,消费成长红利,2600,22.853,22.83,59358.0,5.81,-0.1,5417.81,1022115.91
2016-09-30,511880.SH,银华日利,现金管理,2700,103.861,105.463,284750.39,25.55,1.54,18473.31,1114467.71
2016-09-30,601398.SH,工商银行,弱周期红利,18600,4.509,4.43,82398.0,7.39,-1.75,18473.31,1114467.71
2016-09-30,601988.SH,中国银行,弱周期红利,29400,3.585,3.37,99078.0,8.89,-6.0,18473.31,1114467.71
2016-09-30,000651.SZ,格力电器,消费成长红利,6100,16.106,22.22,135542.0,12.16,37.96,18473.31,1114467.71
2016-09-30,601939.SH,建设银行,弱周期红利,23100,5.186,5.18,119658.0,10.74,-0.12,18473.31,1114467.71
2016-09-30,601288.SH,农业银行,弱周期红利,31600,3.118,3.13,98908.0,8.87,0.38,18473.31,1114467.71
2016-09-30,600011.SH,华能国际,周期资源红利,19000,7.351,7.04,133760.0,12.0,-4.23,18473.31,1114467.71
2016-09-30,600886.SH,国投电力,弱周期红利,5500,6.747,6.54,35970.0,3.23,-3.06,18473.31,1114467.71
2016-09-30,600027.SH,华电国际,周期资源红利,21400,5.291,4.95,105930.0,9.5,-6.45,18473.31,1114467.71
2016-12-30,511880.SH,银华日利,现金管理,3000,104.091,106.054,318163.01,27.96,1.89,19830.69,1137724.7
2016-12-30,601398.SH,工商银行,弱周期红利,30900,4.471,4.41,136269.0,11.98,-1.37,19830.69,1137724.7
2016-12-30,601988.SH,中国银行,弱周期红利,19900,3.585,3.44,68456.0,6.02,-4.05,19830.69,1137724.7
2016-12-30,000651.SZ,格力电器,消费成长红利,6100,16.106,24.62,150182.0,13.2,52.86,19830.69,1137724.7
2016-12-30,601939.SH,建设银行,弱周期红利,12600,5.186,5.44,68544.0,6.02,4.9,19830.69,1137724.7
2016-12-30,601288.SH,农业银行,弱周期红利,44000,3.114,3.1,136400.0,11.99,-0.45,19830.69,1137724.7
2016-12-30,600011.SH,华能国际,周期资源红利,19000,7.351,7.05,133950.0,11.77,-4.1,19830.69,1137724.7
2016-12-30,600027.SH,华电国际,周期资源红利,21400,5.291,4.95,105930.0,9.31,-6.45,19830.69,1137724.7
2017-03-31,511880.SH,银华日利,现金管理,6500,105.642,106.865,694620.94,56.89,1.16,10917.45,1221022.39
2017-03-31,601398.SH,工商银行,弱周期红利,12700,4.471,4.84,61468.0,5.03,8.24,10917.45,1221022.39
2017-03-31,601988.SH,中国银行,弱周期红利,19900,3.585,3.7,73630.0,6.03,3.21,10917.45,1221022.39
2017-03-31,601939.SH,建设银行,弱周期红利,12600,5.186,5.94,74844.0,6.13,14.54,10917.45,1221022.39
2017-03-31,601288.SH,农业银行,弱周期红利,18400,3.114,3.34,61456.0,5.03,7.26,10917.45,1221022.39
2017-03-31,600011.SH,华能国际,周期资源红利,19000,7.351,7.17,136230.0,11.16,-2.46,10917.45,1221022.39
2017-03-31,600027.SH,华电国际,周期资源红利,21400,5.291,5.04,107856.0,8.83,-4.75,10917.45,1221022.39
2017-06-30,511880.SH,银华日利,现金管理,7400,105.92,107.821,797878.2,64.06,1.8,15761.91,1245450.12
2017-06-30,601398.SH,工商银行,弱周期红利,12700,4.471,5.25,66675.0,5.35,17.41,15761.91,1245450.12
2017-06-30,601988.SH,中国银行,弱周期红利,19900,3.585,3.7,73630.0,5.91,3.21,15761.91,1245450.12
2017-06-30,601939.SH,建设银行,弱周期红利,12600,5.186,6.15,77490.0,6.22,18.59,15761.91,1245450.12
2017-06-30,601288.SH,农业银行,弱周期红利,18400,3.114,3.52,64768.0,5.2,13.04,15761.91,1245450.12
2017-06-30,600027.SH,华电国际,周期资源红利,30900,5.151,4.83,149247.0,11.98,-6.23,15761.91,1245450.12
2017-09-29,511880.SH,银华日利,现金管理,8900,106.444,108.919,969378.16,75.37,2.33,10766.93,1286135.09
2017-09-29,601988.SH,中国银行,弱周期红利,19900,3.585,4.12,81988.0,6.37,14.92,10766.93,1286135.09
2017-09-29,601288.SH,农业银行,弱周期红利,18400,3.114,3.82,70288.0,5.47,22.67,10766.93,1286135.09
2017-09-29,600900.SH,长江电力,弱周期红利,10200,15.085,15.07,153714.0,11.95,-0.1,10766.93,1286135.09
2017-12-29,511880.SH,银华日利,现金管理,8900,106.444,109.902,978125.01,75.42,3.25,13694.33,1296986.34
2017-12-29,601988.SH,中国银行,弱周期红利,19900,3.585,3.97,79003.0,6.09,10.74,13694.33,1296986.34
2017-12-29,601288.SH,农业银行,弱周期红利,18400,3.114,3.83,70472.0,5.43,23.0,13694.33,1296986.34
2017-12-29,600011.SH,华能国际,周期资源红利,12600,6.176,6.17,77742.0,5.99,-0.1,13694.33,1296986.34
2017-12-29,600900.SH,长江电力,弱周期红利,5000,15.085,15.59,77950.0,6.01,3.35,13694.33,1296986.34
2018-03-30,511880.SH,银华日利,现金管理,9600,106.784,111.003,1065631.82,80.85,3.95,22139.01,1318021.83
2018-03-30,601988.SH,中国银行,弱周期红利,19900,3.585,3.93,78207.0,5.93,9.62,22139.01,1318021.83
2018-03-30,601288.SH,农业银行,弱周期红利,18400,3.114,3.91,71944.0,5.46,25.56,22139.01,1318021.83
2018-03-30,600900.SH,长江电力,弱周期红利,5000,15.085,16.02,80100.0,6.08,6.2,22139.01,1318021.83
2018-06-29,511880.SH,银华日利,现金管理,7800,106.784,112.052,874007.75,66.25,4.93,3577.17,1319299.91
2018-06-29,601398.SH,工商银行,弱周期红利,12300,5.325,5.32,65436.0,4.96,-0.1,3577.17,1319299.91
2018-06-29,601988.SH,中国银行,弱周期红利,19900,3.585,3.61,71839.0,5.45,0.7,3577.17,1319299.91
2018-06-29,601939.SH,建设银行,弱周期红利,10000,6.557,6.55,65500.0,4.96,-0.1,3577.17,1319299.91
2018-06-29,601288.SH,农业银行,弱周期红利,46000,3.312,3.44,158240.0,11.99,3.88,3577.17,1319299.91
2018-06-29,600900.SH,长江电力,弱周期红利,5000,15.085,16.14,80700.0,6.12,6.99,3577.17,1319299.91
2018-09-28,511880.SH,银华日利,现金管理,8700,107.439,113.001,983112.07,71.65,5.18,20803.61,1372067.68
2018-09-28,601398.SH,工商银行,弱周期红利,12300,5.325,5.77,70971.0,5.17,8.35,20803.61,1372067.68
2018-09-28,601988.SH,中国银行,弱周期红利,19900,3.585,3.72,74028.0,5.4,3.76,20803.61,1372067.68
2018-09-28,601939.SH,建设银行,弱周期红利,10000,6.557,7.24,72400.0,5.28,10.42,20803.61,1372067.68
2018-09-28,601288.SH,农业银行,弱周期红利,17700,3.312,3.89,68853.0,5.02,17.46,20803.61,1372067.68
2018-09-28,600900.SH,长江电力,弱周期红利,5000,15.085,16.38,81900.0,5.97,8.58,20803.61,1372067.68
2018-12-28,511880.SH,银华日利,现金管理,7000,107.439,113.707,795946.14,58.84,5.83,1171.23,1352773.37
2018-12-28,601398.SH,工商银行,弱周期红利,12300,5.325,5.29,65067.0,4.81,-0.66,1171.23,1352773.37
2018-12-28,601988.SH,中国银行,弱周期红利,19900,3.585,3.61,71839.0,5.31,0.7,1171.23,1352773.37
2018-12-28,000651.SZ,格力电器,消费成长红利,2200,35.726,35.69,78518.0,5.8,-0.1,1171.23,1352773.37
2018-12-28,601088.SH,中国神华,周期资源红利,3700,17.978,17.96,66452.0,4.91,-0.1,1171.23,1352773.37
2018-12-28,601939.SH,建设银行,弱周期红利,10000,6.557,6.37,63700.0,4.71,-2.85,1171.23,1352773.37
2018-12-28,601288.SH,农业银行,弱周期红利,17700,3.312,3.6,63720.0,4.71,8.71,1171.23,1352773.37
2018-12-28,600900.SH,长江电力,弱周期红利,5000,15.085,15.88,79400.0,5.87,5.27,1171.23,1352773.37
2018-12-28,601225.SH,陕西煤业,周期资源红利,9000,7.447,7.44,66960.0,4.95,-0.1,1171.23,1352773.37
2019-03-29,511880.SH,银华日利,现金管理,9100,109.092,114.485,1041809.03,73.23,4.94,17432.37,1422646.4
2019-03-29,601398.SH,工商银行,弱周期红利,12300,5.325,5.57,68511.0,4.82,4.59,17432.37,1422646.4
2019-03-29,601988.SH,中国银行,弱周期红利,19900,3.585,3.77,75023.0,5.27,5.16,17432.37,1422646.4
2019-03-29,601939.SH,建设银行,弱周期红利,10000,6.557,6.95,69500.0,4.89,6.0,17432.37,1422646.4
2019-03-29,601288.SH,农业银行,弱周期红利,17700,3.312,3.73,66021.0,4.64,12.63,17432.37,1422646.4
2019-03-29,600900.SH,长江电力,弱周期红利,5000,15.085,16.87,84350.0,5.93,11.83,17432.37,1422646.4
2019-06-28,511880.SH,银华日利,现金管理,10000,109.651,115.189,1151886.09,79.66,5.05,13625.49,1446042.58
2019-06-28,601398.SH,工商银行,弱周期红利,12300,5.325,5.89,72447.0,5.01,10.6,13625.49,1446042.58
2019-06-28,601988.SH,中国银行,弱周期红利,38600,3.662,3.74,144364.0,9.98,2.13,13625.49,1446042.58
2019-06-28,601288.SH,农业银行,弱周期红利,17700,3.312,3.6,63720.0,4.41,8.71,13625.49,1446042.58
2019-09-27,511880.SH,银华日利,现金管理,8500,109.651,115.847,984701.91,68.23,5.65,902.29,1443157.2
2019-09-27,601398.SH,工商银行,弱周期红利,12300,5.325,5.54,68142.0,4.72,4.03,902.29,1443157.2
2019-09-27,601988.SH,中国银行,弱周期红利,48100,3.65,3.6,173160.0,12.0,-1.38,902.29,1443157.2
2019-09-27,601939.SH,建设银行,弱周期红利,10200,7.077,7.07,72114.0,5.0,-0.1,902.29,1443157.2
2019-09-27,601288.SH,农业银行,弱周期红利,41300,3.416,3.49,144137.0,9.99,2.18,902.29,1443157.2
2019-12-27,511880.SH,银华日利,现金管理,7300,109.651,116.542,850758.79,57.94,6.29,3498.6,1468324.39
2019-12-27,601398.SH,工商银行,弱周期红利,12300,5.325,5.9,72570.0,4.94,10.79,3498.6,1468324.39
2019-12-27,601988.SH,中国银行,弱周期红利,39900,3.65,3.69,147231.0,10.03,1.08,3498.6,1468324.39
2019-12-27,601088.SH,中国神华,周期资源红利,4100,17.838,17.82,73062.0,4.98,-0.1,3498.6,1468324.39
2019-12-27,601939.SH,建设银行,弱周期红利,10200,7.077,7.25,73950.0,5.04,2.44,3498.6,1468324.39
2019-12-27,601288.SH,农业银行,弱周期红利,19700,3.416,3.73,73481.0,5.0,9.21,3498.6,1468324.39
2019-12-27,000408.SZ,藏格矿业,周期资源红利,12000,7.307,7.3,87600.0,5.97,-0.1,3498.6,1468324.39
2019-12-27,600566.SH,济川药业,消费成长红利,3700,23.313,23.29,86173.0,5.87,-0.1,3498.6,1468324.39
2020-03-27,511880.SH,银华日利,现金管理,4500,109.651,117.24,527578.51,37.39,6.92,11002.91,1411141.42
2020-03-27,601398.SH,工商银行,弱周期红利,24000,5.272,5.21,125040.0,8.86,-1.17,11002.91,1411141.42
2020-03-27,601988.SH,中国银行,弱周期红利,39900,3.65,3.52,140448.0,9.95,-3.57,11002.91,1411141.42
2020-03-27,601088.SH,中国神华,周期资源红利,4100,17.838,16.27,66707.0,4.73,-8.79,11002.91,1411141.42
2020-03-27,601939.SH,建设银行,弱周期红利,10200,7.077,6.47,65994.0,4.68,-8.58,11002.91,1411141.42
2020-03-27,601288.SH,农业银行,弱周期红利,44400,3.403,3.39,150516.0,10.67,-0.39,11002.91,1411141.42
2020-03-27,600900.SH,长江电力,弱周期红利,4400,16.927,16.91,74404.0,5.27,-0.1,11002.91,1411141.42
2020-03-27,000408.SZ,藏格矿业,周期资源红利,29400,6.389,5.75,169050.0,11.98,-10.0,11002.91,1411141.42
2020-03-27,600566.SH,济川药业,消费成长红利,3700,23.313,21.73,80401.0,5.7,-6.79,11002.91,1411141.42
2020-06-26,511880.SH,银华日利,现金管理,4300,109.651,117.695,506087.99,35.39,7.34,7899.0,1429992.99
2020-06-26,601398.SH,工商银行,弱周期红利,24000,5.272,5.22,125280.0,8.76,-0.98,7899.0,1429992.99
2020-06-26,601988.SH,中国银行,弱周期红利,39900,3.65,3.46,138054.0,9.65,-5.22,7899.0,1429992.99
2020-06-26,601088.SH,中国神华,周期资源红利,11600,15.806,14.68,170288.0,11.91,-7.12,7899.0,1429992.99
2020-06-26,601939.SH,建设银行,弱周期红利,20500,6.7,6.32,129560.0,9.06,-5.67,7899.0,1429992.99
2020-06-26,601288.SH,农业银行,弱周期红利,44400,3.403,3.37,149628.0,10.46,-0.98,7899.0,1429992.99
2020-06-26,000408.SZ,藏格矿业,周期资源红利,19800,6.389,5.8,114840.0,8.03,-9.22,7899.0,1429992.99
2020-06-26,600566.SH,济川药业,消费成长红利,3700,23.313,23.88,88356.0,6.18,2.43,7899.0,1429992.99
2020-09-25,511880.SH,银华日利,现金管理,3800,109.651,118.204,449173.86,30.61,7.8,10821.22,1467323.07
2020-09-25,601398.SH,工商银行,弱周期红利,24000,5.272,4.89,117360.0,8.0,-7.24,10821.22,1467323.07
2020-09-25,601988.SH,中国银行,弱周期红利,55100,3.524,3.19,175769.0,11.98,-9.49,10821.22,1467323.07
2020-09-25,601088.SH,中国神华,周期资源红利,11600,15.806,16.33,189428.0,12.91,3.32,10821.22,1467323.07
2020-09-25,601939.SH,建设银行,弱周期红利,20500,6.7,6.14,125870.0,8.58,-8.36,10821.22,1467323.07
2020-09-25,601288.SH,农业银行,弱周期红利,55800,3.352,3.15,175770.0,11.98,-6.03,10821.22,1467323.07
2020-09-25,000408.SZ,藏格矿业,周期资源红利,19800,6.389,7.16,141768.0,9.66,12.07,10821.22,1467323.07
2020-09-25,600566.SH,济川药业,消费成长红利,3700,23.313,21.99,81363.0,5.54,-5.68,10821.22,1467323.07
2020-12-25,511880.SH,银华日利,现金管理,2000,109.651,118.867,237734.51,15.83,8.41,3778.28,1501354.59
2020-12-25,601398.SH,工商银行,弱周期红利,24000,5.272,4.97,119280.0,7.94,-5.72,3778.28,1501354.59
2020-12-25,601988.SH,中国银行,弱周期红利,55100,3.524,3.18,175218.0,11.67,-9.77,3778.28,1501354.59
2020-12-25,601088.SH,中国神华,周期资源红利,7800,15.806,18.47,144066.0,9.6,16.86,3778.28,1501354.59
2020-12-25,601939.SH,建设银行,弱周期红利,20500,6.7,6.27,128535.0,8.56,-6.42,3778.28,1501354.59
2020-12-25,601288.SH,农业银行,弱周期红利,55800,3.352,3.15,175770.0,11.71,-6.03,3778.28,1501354.59
2020-12-25,600027.SH,华电国际,周期资源红利,20600,3.463,3.46,71276.0,4.75,-0.1,3778.28,1501354.59
2020-12-25,000408.SZ,藏格矿业,周期资源红利,11200,6.389,7.68,86016.0,5.73,20.21,3778.28,1501354.59
2020-12-25,600566.SH,济川药业,消费成长红利,8800,21.637,20.4,179520.0,11.96,-5.72,3778.28,1501354.59
2020-12-25,515180.SH,易方达红利ETF,ETF红利,162600,1.109,1.108,180160.8,12.0,-0.1,3778.28,1501354.59
2021-03-26,511880.SH,银华日利,现金管理,2800,112.515,119.556,334756.02,21.39,6.26,16170.18,1564714.99
2021-03-26,601398.SH,工商银行,弱周期红利,24000,5.272,5.35,128400.0,8.21,1.49,16170.18,1564714.99
2021-03-26,601988.SH,中国银行,弱周期红利,76800,3.451,3.26,250368.0,16.0,-5.52,16170.18,1564714.99
2021-03-26,601088.SH,中国神华,周期资源红利,7800,15.806,18.13,141414.0,9.04,14.71,16170.18,1564714.99
2021-03-26,601939.SH,建设银行,弱周期红利,9900,6.7,7.09,70191.0,4.49,5.82,16170.18,1564714.99
2021-03-26,601288.SH,农业银行,弱周期红利,55800,3.352,3.33,185814.0,11.88,-0.66,16170.18,1564714.99
2021-03-26,600027.SH,华电国际,周期资源红利,20600,3.463,3.5,72100.0,4.61,1.06,16170.18,1564714.99
2021-03-26,600566.SH,济川药业,消费成长红利,8800,21.637,20.23,178024.0,11.38,-6.5,16170.18,1564714.99
2021-03-26,515180.SH,易方达红利ETF,ETF红利,162600,1.109,1.153,187477.8,11.98,3.96,16170.18,1564714.99
2021-06-25,511880.SH,银华日利,现金管理,5400,116.256,120.164,648884.53,41.24,3.36,14981.07,1573350.8
2021-06-25,601398.SH,工商银行,弱周期红利,24000,5.272,5.23,125520.0,7.98,-0.79,14981.07,1573350.8
2021-06-25,601988.SH,中国银行,弱周期红利,63300,3.451,3.09,195597.0,12.43,-10.45,14981.07,1573350.8
2021-06-25,601088.SH,中国神华,周期资源红利,7800,15.806,20.32,158496.0,10.07,28.56,14981.07,1573350.8
2021-06-25,601939.SH,建设银行,弱周期红利,16100,6.718,6.74,108514.0,6.9,0.33,14981.07,1573350.8
2021-06-25,601288.SH,农业银行,弱周期红利,55800,3.352,3.07,171306.0,10.89,-8.42,14981.07,1573350.8
2021-06-25,600027.SH,华电国际,周期资源红利,20600,3.463,3.46,71276.0,4.53,-0.1,14981.07,1573350.8
2021-06-25,515180.SH,易方达红利ETF,ETF红利,61400,1.109,1.283,78776.2,5.01,15.68,14981.07,1573350.8
2021-09-24,511880.SH,银华日利,现金管理,2100,116.256,120.772,253620.95,15.63,3.88,6942.61,1622623.56
2021-09-24,601398.SH,工商银行,弱周期红利,24000,5.272,4.64,111360.0,6.86,-11.98,6942.61,1622623.56
2021-09-24,601988.SH,中国银行,弱周期红利,38800,3.451,3.05,118340.0,7.29,-11.61,6942.61,1622623.56
2021-09-24,000651.SZ,格力电器,消费成长红利,7700,37.948,37.91,291907.0,17.99,-0.1,6942.61,1622623.56
2021-09-24,601088.SH,中国神华,周期资源红利,7800,15.806,21.9,170820.0,10.53,38.56,6942.61,1622623.56
2021-09-24,601939.SH,建设银行,弱周期红利,16100,6.718,5.93,95473.0,5.88,-11.73,6942.61,1622623.56
2021-09-24,601288.SH,农业银行,弱周期红利,40300,3.352,2.94,118482.0,7.3,-12.29,6942.61,1622623.56
2021-09-24,600027.SH,华电国际,周期资源红利,20600,3.463,5.23,107738.0,6.64,51.01,6942.61,1622623.56
2021-09-24,601225.SH,陕西煤业,周期资源红利,3200,14.655,14.64,46848.0,2.89,-0.1,6942.61,1622623.56
2021-09-24,515180.SH,易方达红利ETF,ETF红利,61400,1.109,1.38,84732.0,5.22,24.42,6942.61,1622623.56
2021-09-24,601318.SH,中国平安,弱周期红利,4500,48.128,48.08,216360.0,13.33,-0.1,6942.61,1622623.56
2021-12-31,511880.SH,银华日利,现金管理,1200,116.256,121.443,145731.02,8.96,4.46,3902.18,1625588.8
2021-12-31,601398.SH,工商银行,弱周期红利,24000,5.272,4.63,111120.0,6.84,-12.17,3902.18,1625588.8
2021-12-31,601988.SH,中国银行,弱周期红利,38800,3.451,3.05,118340.0,7.28,-11.61,3902.18,1625588.8
2021-12-31,000651.SZ,格力电器,消费成长红利,7700,37.948,37.03,285131.0,17.54,-2.42,3902.18,1625588.8
2021-12-31,601088.SH,中国神华,周期资源红利,6200,15.806,22.52,139624.0,8.59,42.48,3902.18,1625588.8
2021-12-31,601939.SH,建设银行,弱周期红利,16100,6.718,5.86,94346.0,5.8,-12.77,3902.18,1625588.8
2021-12-31,601288.SH,农业银行,弱周期红利,40300,3.352,2.94,118482.0,7.29,-12.29,3902.18,1625588.8
2021-12-31,600027.SH,华电国际,周期资源红利,20600,3.463,5.35,110210.0,6.78,54.47,3902.18,1625588.8
2021-12-31,601225.SH,陕西煤业,周期资源红利,6300,13.453,12.2,76860.0,4.73,-9.31,3902.18,1625588.8
2021-12-31,515180.SH,易方达红利ETF,ETF红利,153300,1.208,1.272,194997.6,12.0,5.34,3902.18,1625588.8
2021-12-31,601318.SH,中国平安,弱周期红利,4500,48.128,50.41,226845.0,13.95,4.74,3902.18,1625588.8
2022-03-25,511880.SH,银华日利,现金管理,100,116.256,121.999,12199.93,0.77,4.94,7175.31,1587472.74
2022-03-25,601398.SH,工商银行,弱周期红利,24000,5.272,4.62,110880.0,6.98,-12.36,7175.31,1587472.74
2022-03-25,601988.SH,中国银行,弱周期红利,38800,3.451,3.16,122608.0,7.72,-8.42,7175.31,1587472.74
2022-03-25,000651.SZ,格力电器,消费成长红利,7700,37.948,31.52,242704.0,15.29,-16.94,7175.31,1587472.74
2022-03-25,601088.SH,中国神华,周期资源红利,3300,15.806,27.18,89694.0,5.65,71.96,7175.31,1587472.74
2022-03-25,601939.SH,建设银行,弱周期红利,16100,6.718,6.09,98049.0,6.18,-9.35,7175.31,1587472.74
2022-03-25,601288.SH,农业银行,弱周期红利,40300,3.352,2.98,120094.0,7.57,-11.1,7175.31,1587472.74
2022-03-25,600027.SH,华电国际,周期资源红利,45800,3.497,3.52,161216.0,10.16,0.67,7175.31,1587472.74
2022-03-25,601225.SH,陕西煤业,周期资源红利,3000,13.453,15.3,45900.0,2.89,13.73,7175.31,1587472.74
2022-03-25,515180.SH,易方达红利ETF,ETF红利,153300,1.208,1.255,192391.5,12.12,3.93,7175.31,1587472.74
2022-03-25,601318.SH,中国平安,弱周期红利,4500,48.128,47.63,214335.0,13.5,-1.03,7175.31,1587472.74
2022-03-25,000538.SZ,云南白药,消费成长红利,2100,81.141,81.06,170226.0,10.72,-0.1,7175.31,1587472.74
2022-06-24,511880.SH,银华日利,现金管理,500,121.393,122.555,61277.45,3.77,0.96,22850.65,1623510.7
2022-06-24,601398.SH,工商银行,弱周期红利,24000,5.272,4.74,113760.0,7.01,-10.08,22850.65,1623510.7
2022-06-24,601988.SH,中国银行,弱周期红利,38800,3.451,3.25,126100.0,7.77,-5.81,22850.65,1623510.7
2022-06-24,000651.SZ,格力电器,消费成长红利,7700,37.948,33.9,261030.0,16.08,-10.67,22850.65,1623510.7
2022-06-24,601088.SH,中国神华,周期资源红利,3300,15.806,31.2,102960.0,6.34,97.4,22850.65,1623510.7
2022-06-24,601939.SH,建设银行,弱周期红利,16100,6.718,6.01,96761.0,5.96,-10.54,22850.65,1623510.7
2022-06-24,601288.SH,农业银行,弱周期红利,40300,3.352,3.01,121303.0,7.47,-10.21,22850.65,1623510.7
2022-06-24,600027.SH,华电国际,周期资源红利,37300,3.497,3.93,146589.0,9.03,12.4,22850.65,1623510.7
2022-06-24,515180.SH,易方达红利ETF,ETF红利,153300,1.208,1.262,193464.6,11.92,4.51,22850.65,1623510.7
2022-06-24,601318.SH,中国平安,弱周期红利,4500,48.128,46.76,210420.0,12.96,-2.84,22850.65,1623510.7
2022-06-24,601919.SH,中远海控,周期资源红利,7100,13.684,13.67,97057.0,5.98,-0.1,22850.65,1623510.7
2022-06-24,601728.SH,中国电信,弱周期红利,18700,3.744,3.74,69938.0,4.31,-0.1,22850.65,1623510.7
2022-09-30,511880.SH,银华日利,现金管理,300,121.393,123.095,36928.42,2.19,1.4,5898.42,1683000.14
2022-09-30,601398.SH,工商银行,弱周期红利,24000,5.272,4.35,104400.0,6.2,-17.48,5898.42,1683000.14
2022-09-30,601988.SH,中国银行,弱周期红利,38800,3.451,3.09,119892.0,7.12,-10.45,5898.42,1683000.14
2022-09-30,000651.SZ,格力电器,消费成长红利,9200,37.054,32.43,298356.0,17.73,-12.48,5898.42,1683000.14
2022-09-30,601088.SH,中国神华,周期资源红利,3300,15.806,31.64,104412.0,6.2,100.18,5898.42,1683000.14
2022-09-30,601939.SH,建设银行,弱周期红利,16100,6.718,5.52,88872.0,5.28,-17.83,5898.42,1683000.14
2022-09-30,601288.SH,农业银行,弱周期红利,40300,3.352,2.86,115258.0,6.85,-14.68,5898.42,1683000.14
2022-09-30,600027.SH,华电国际,周期资源红利,10100,3.497,5.95,60095.0,3.57,70.17,5898.42,1683000.14
2022-09-30,000333.SZ,美的集团,消费成长红利,2000,49.359,49.31,98620.0,5.86,-0.1,5898.42,1683000.14
2022-09-30,601225.SH,陕西煤业,周期资源红利,1800,22.793,22.77,40986.0,2.44,-0.1,5898.42,1683000.14
2022-09-30,000408.SZ,藏格矿业,周期资源红利,2600,28.528,28.5,74100.0,4.4,-0.1,5898.42,1683000.14
2022-09-30,515180.SH,易方达红利ETF,ETF红利,153300,1.208,1.261,193311.3,11.49,4.43,5898.42,1683000.14
2022-09-30,601318.SH,中国平安,弱周期红利,4500,48.128,41.58,187110.0,11.12,-13.61,5898.42,1683000.14
2022-09-30,601919.SH,中远海控,周期资源红利,7100,13.684,11.02,78242.0,4.65,-19.47,5898.42,1683000.14
2022-09-30,601728.SH,中国电信,弱周期红利,6800,3.744,3.83,26044.0,1.55,2.3,5898.42,1683000.14
2022-09-30,600036.SH,招商银行,弱周期红利,1500,33.684,33.65,50475.0,3.0,-0.1,5898.42,1683000.14
2022-12-30,511880.SH,银华日利,现金管理,1700,123.232,123.503,209954.99,12.28,0.22,13948.5,1709618.5
2022-12-30,601398.SH,工商银行,弱周期红利,24000,5.272,4.34,104160.0,6.09,-17.67,13948.5,1709618.5
2022-12-30,601988.SH,中国银行,弱周期红利,38800,3.451,3.16,122608.0,7.17,-8.42,13948.5,1709618.5
2022-12-30,000651.SZ,格力电器,消费成长红利,9200,37.054,32.32,297344.0,17.39,-12.77,13948.5,1709618.5
2022-12-30,601088.SH,中国神华,周期资源红利,3300,15.806,27.62,91146.0,5.33,74.75,13948.5,1709618.5
2022-12-30,601939.SH,建设银行,弱周期红利,16100,6.718,5.63,90643.0,5.3,-16.19,13948.5,1709618.5
2022-12-30,601288.SH,农业银行,弱周期红利,40300,3.352,2.91,117273.0,6.86,-13.19,13948.5,1709618.5
2022-12-30,600027.SH,华电国际,周期资源红利,10100,3.497,5.88,59388.0,3.47,68.17,13948.5,1709618.5
2022-12-30,000333.SZ,美的集团,消费成长红利,2000,49.359,51.8,103600.0,6.06,4.94,13948.5,1709618.5
2022-12-30,601225.SH,陕西煤业,周期资源红利,1800,22.793,18.58,33444.0,1.96,-18.48,13948.5,1709618.5
2022-12-30,000408.SZ,藏格矿业,周期资源红利,2600,28.528,25.97,67522.0,3.95,-8.97,13948.5,1709618.5
2022-12-30,515180.SH,易方达红利ETF,ETF红利,70400,1.208,1.215,85536.0,5.0,0.62,13948.5,1709618.5
2022-12-30,601318.SH,中国平安,弱周期红利,4500,48.128,47.0,211500.0,12.37,-2.34,13948.5,1709618.5
2022-12-30,601919.SH,中远海控,周期资源红利,7100,13.684,10.29,73059.0,4.27,-24.8,13948.5,1709618.5
2022-12-30,601728.SH,中国电信,弱周期红利,6800,3.744,4.19,28492.0,1.67,11.92,13948.5,1709618.5
2023-03-31,511880.SH,银华日利,现金管理,2100,123.411,124.046,260496.29,14.42,0.51,16345.83,1806065.32
2023-03-31,601398.SH,工商银行,弱周期红利,24000,5.272,4.46,107040.0,5.93,-15.4,16345.83,1806065.32
2023-03-31,601988.SH,中国银行,弱周期红利,38800,3.451,3.38,131144.0,7.26,-2.04,16345.83,1806065.32
2023-03-31,000651.SZ,格力电器,消费成长红利,9200,37.054,36.75,338100.0,18.72,-0.82,16345.83,1806065.32
2023-03-31,601088.SH,中国神华,周期资源红利,3300,15.806,28.17,92961.0,5.15,78.23,16345.83,1806065.32
2023-03-31,601939.SH,建设银行,弱周期红利,16100,6.718,5.94,95634.0,5.3,-11.58,16345.83,1806065.32
2023-03-31,601288.SH,农业银行,弱周期红利,40300,3.352,3.11,125333.0,6.94,-7.22,16345.83,1806065.32
2023-03-31,600027.SH,华电国际,周期资源红利,10100,3.497,5.79,58479.0,3.24,65.59,16345.83,1806065.32
2023-03-31,000333.SZ,美的集团,消费成长红利,2000,49.359,53.81,107620.0,5.96,9.02,16345.83,1806065.32
2023-03-31,601225.SH,陕西煤业,周期资源红利,1800,22.793,20.34,36612.0,2.03,-10.76,16345.83,1806065.32
2023-03-31,000408.SZ,藏格矿业,周期资源红利,2600,28.528,24.16,62816.0,3.48,-15.31,16345.83,1806065.32
2023-03-31,515180.SH,易方达红利ETF,ETF红利,70400,1.208,1.278,89971.2,4.98,5.84,16345.83,1806065.32
2023-03-31,601318.SH,中国平安,弱周期红利,4500,48.128,45.6,205200.0,11.36,-5.25,16345.83,1806065.32
2023-03-31,601919.SH,中远海控,周期资源红利,7100,13.684,11.03,78313.0,4.34,-19.39,16345.83,1806065.32
2023-06-30,511880.SH,银华日利,现金管理,1700,123.411,124.612,211840.76,11.2,0.97,4937.03,1891857.98
2023-06-30,601398.SH,工商银行,弱周期红利,24000,5.272,4.82,115680.0,6.11,-8.57,4937.03,1891857.98
2023-06-30,601988.SH,中国银行,弱周期红利,25300,3.451,3.91,98923.0,5.23,13.32,4937.03,1891857.98
2023-06-30,000651.SZ,格力电器,消费成长红利,9200,37.054,36.51,335892.0,17.75,-1.47,4937.03,1891857.98
2023-06-30,601088.SH,中国神华,周期资源红利,3300,15.806,30.75,101475.0,5.36,94.55,4937.03,1891857.98
2023-06-30,601939.SH,建设银行,弱周期红利,16100,6.718,6.26,100786.0,5.33,-6.82,4937.03,1891857.98
2023-06-30,601288.SH,农业银行,弱周期红利,28000,3.352,3.53,98840.0,5.22,5.31,4937.03,1891857.98
2023-06-30,000333.SZ,美的集团,消费成长红利,3800,53.916,58.92,223896.0,11.83,9.28,4937.03,1891857.98
2023-06-30,601225.SH,陕西煤业,周期资源红利,1800,22.793,18.19,32742.0,1.73,-20.19,4937.03,1891857.98
2023-06-30,000408.SZ,藏格矿业,周期资源红利,4500,26.022,22.57,101565.0,5.37,-13.27,4937.03,1891857.98
2023-06-30,515180.SH,易方达红利ETF,ETF红利,70400,1.208,1.288,90675.2,4.79,6.66,4937.03,1891857.98
2023-06-30,601318.SH,中国平安,弱周期红利,4500,48.128,46.4,208800.0,11.04,-3.59,4937.03,1891857.98
2023-06-30,601919.SH,中远海控,周期资源红利,7100,13.684,9.4,66740.0,3.53,-31.3,4937.03,1891857.98
2023-06-30,600036.SH,招商银行,弱周期红利,1600,32.793,32.76,52416.0,2.77,-0.1,4937.03,1891857.98
2023-06-30,600941.SH,中国移动,弱周期红利,500,93.393,93.3,46650.0,2.47,-0.1,4937.03,1891857.98
2023-09-29,511880.SH,银华日利,现金管理,900,123.411,125.172,112655.16,5.78,1.43,13167.89,1947763.05
2023-09-29,601398.SH,工商银行,弱周期红利,24000,5.272,4.68,112320.0,5.77,-11.22,13167.89,1947763.05
2023-09-29,601988.SH,中国银行,弱周期红利,25300,3.451,3.77,95381.0,4.9,9.26,13167.89,1947763.05
2023-09-29,000651.SZ,格力电器,消费成长红利,6500,37.054,36.3,235950.0,12.11,-2.03,13167.89,1947763.05
2023-09-29,601088.SH,中国神华,周期资源红利,3300,15.806,31.2,102960.0,5.29,97.4,13167.89,1947763.05
2023-09-29,601939.SH,建设银行,弱周期红利,16100,6.718,6.3,101430.0,5.21,-6.22,13167.89,1947763.05
2023-09-29,601288.SH,农业银行,弱周期红利,28000,3.352,3.6,100800.0,5.18,7.39,13167.89,1947763.05
2023-09-29,000333.SZ,美的集团,消费成长红利,6300,54.559,55.48,349524.0,17.94,1.69,13167.89,1947763.05
2023-09-29,601225.SH,陕西煤业,周期资源红利,4500,20.204,18.46,83070.0,4.26,-8.63,13167.89,1947763.05
2023-09-29,000408.SZ,藏格矿业,周期资源红利,4500,26.022,22.82,102690.0,5.27,-12.31,13167.89,1947763.05
2023-09-29,515180.SH,易方达红利ETF,ETF红利,70400,1.208,1.345,94688.0,4.86,11.39,13167.89,1947763.05
2023-09-29,601318.SH,中国平安,弱周期红利,4500,48.128,48.3,217350.0,11.16,0.36,13167.89,1947763.05
2023-09-29,601919.SH,中远海控,周期资源红利,7100,13.684,9.81,69651.0,3.58,-28.31,13167.89,1947763.05
2023-09-29,600036.SH,招商银行,弱周期红利,1600,32.793,32.97,52752.0,2.71,0.54,13167.89,1947763.05
2023-09-29,600941.SH,中国移动,弱周期红利,500,93.393,96.82,48410.0,2.49,3.67,13167.89,1947763.05
2023-09-29,600938.SH,中国海油,周期资源红利,2600,21.161,21.14,54964.0,2.82,-0.1,13167.89,1947763.05
2023-12-29,601398.SH,工商银行,弱周期红利,24000,5.272,4.78,114720.0,6.01,-9.33,-157.47,1909541.53
2023-12-29,601988.SH,中国银行,弱周期红利,25300,3.451,3.99,100947.0,5.29,15.63,-157.47,1909541.53
2023-12-29,000651.SZ,格力电器,消费成长红利,8400,35.956,32.17,270228.0,14.15,-10.53,-157.47,1909541.53
2023-12-29,601088.SH,中国神华,周期资源红利,2100,15.806,31.35,65835.0,3.45,98.35,-157.47,1909541.53
2023-12-29,601939.SH,建设银行,弱周期红利,16100,6.718,6.51,104811.0,5.49,-3.09,-157.47,1909541.53
2023-12-29,601288.SH,农业银行,弱周期红利,28000,3.352,3.64,101920.0,5.34,8.59,-157.47,1909541.53
2023-12-29,600027.SH,华电国际,周期资源红利,12400,5.145,5.14,63736.0,3.34,-0.1,-157.47,1909541.53
2023-12-29,000333.SZ,美的集团,消费成长红利,5000,54.559,54.63,273150.0,14.3,0.13,-157.47,1909541.53
2023-12-29,601225.SH,陕西煤业,周期资源红利,4500,20.204,20.89,94005.0,4.92,3.39,-157.47,1909541.53
2023-12-29,000408.SZ,藏格矿业,周期资源红利,2600,26.022,25.34,65884.0,3.45,-2.62,-157.47,1909541.53
2023-12-29,515180.SH,易方达红利ETF,ETF红利,222500,1.218,1.222,271895.0,14.24,0.31,-157.47,1909541.53
2023-12-29,601318.SH,中国平安,弱周期红利,4500,48.128,40.3,181350.0,9.5,-16.27,-157.47,1909541.53
2023-12-29,601919.SH,中远海控,周期资源红利,7100,13.684,9.58,68018.0,3.56,-29.99,-157.47,1909541.53
2023-12-29,600036.SH,招商银行,弱周期红利,3000,30.485,27.82,83460.0,4.37,-8.74,-157.47,1909541.53
2023-12-29,600941.SH,中国移动,弱周期红利,500,93.393,99.48,49740.0,2.6,6.52,-157.47,1909541.53
2024-03-29,511880.SH,银华日利,现金管理,600,126.403,126.276,75765.8,3.48,-0.1,23030.19,2180257.99
2024-03-29,601398.SH,工商银行,弱周期红利,24000,5.272,5.28,126720.0,5.81,0.16,23030.19,2180257.99
2024-03-29,601988.SH,中国银行,弱周期红利,25300,3.451,4.4,111320.0,5.11,27.52,23030.19,2180257.99
2024-03-29,000651.SZ,格力电器,消费成长红利,6500,35.956,39.31,255515.0,11.72,9.33,23030.19,2180257.99
2024-03-29,601088.SH,中国神华,周期资源红利,2100,15.806,39.09,82089.0,3.77,147.32,23030.19,2180257.99
2024-03-29,601939.SH,建设银行,弱周期红利,16100,6.718,6.87,110607.0,5.07,2.26,23030.19,2180257.99
2024-03-29,601288.SH,农业银行,弱周期红利,28000,3.352,4.23,118440.0,5.43,26.19,23030.19,2180257.99
2024-03-29,000333.SZ,美的集团,消费成长红利,4000,54.559,64.22,256880.0,11.78,17.71,23030.19,2180257.99
2024-03-29,601225.SH,陕西煤业,周期资源红利,4500,20.204,25.09,112905.0,5.18,24.18,23030.19,2180257.99
2024-03-29,000408.SZ,藏格矿业,周期资源红利,2600,26.022,31.53,81978.0,3.76,21.17,23030.19,2180257.99
2024-03-29,515180.SH,易方达红利ETF,ETF红利,222500,1.218,1.324,294590.0,13.51,8.68,23030.19,2180257.99
2024-03-29,601318.SH,中国平安,弱周期红利,6300,46.049,40.81,257103.0,11.79,-11.38,23030.19,2180257.99
2024-03-29,601919.SH,中远海控,周期资源红利,7100,13.684,10.35,73485.0,3.37,-24.36,23030.19,2180257.99
2024-03-29,600036.SH,招商银行,弱周期红利,3000,30.485,32.2,96600.0,4.43,5.63,23030.19,2180257.99
2024-03-29,600329.SH,达仁堂,消费成长红利,3700,27.928,27.9,103230.0,4.73,-0.1,23030.19,2180257.99
2024-06-28,601398.SH,工商银行,弱周期红利,24000,5.272,5.7,136800.0,5.95,8.13,1448.0,2299926.0
2024-06-28,601988.SH,中国银行,弱周期红利,25300,3.451,4.62,116886.0,5.08,33.89,1448.0,2299926.0
2024-06-28,000651.SZ,格力电器,消费成长红利,6500,35.956,39.22,254930.0,11.08,9.08,1448.0,2299926.0
2024-06-28,601088.SH,中国神华,周期资源红利,2100,15.806,44.37,93177.0,4.05,180.72,1448.0,2299926.0
2024-06-28,601939.SH,建设银行,弱周期红利,16100,6.718,7.4,119140.0,5.18,10.15,1448.0,2299926.0
2024-06-28,601288.SH,农业银行,弱周期红利,28000,3.352,4.36,122080.0,5.31,30.07,1448.0,2299926.0
2024-06-28,000333.SZ,美的集团,消费成长红利,5200,56.868,64.5,335400.0,14.58,13.42,1448.0,2299926.0
2024-06-28,601225.SH,陕西煤业,周期资源红利,2100,20.204,25.77,54117.0,2.35,27.55,1448.0,2299926.0
2024-06-28,000408.SZ,藏格矿业,周期资源红利,7000,24.81,24.07,168490.0,7.33,-2.98,1448.0,2299926.0
2024-06-28,515180.SH,易方达红利ETF,ETF红利,222500,1.218,1.358,302155.0,13.14,11.47,1448.0,2299926.0
2024-06-28,601318.SH,中国平安,弱周期红利,6300,46.049,41.36,260568.0,11.33,-10.18,1448.0,2299926.0
2024-06-28,000538.SZ,云南白药,消费成长红利,2100,51.201,51.15,107415.0,4.67,-0.1,1448.0,2299926.0
2024-06-28,600036.SH,招商银行,弱周期红利,3000,30.485,34.19,102570.0,4.46,12.15,1448.0,2299926.0
2024-06-28,600941.SH,中国移动,弱周期红利,700,107.607,107.5,75250.0,3.27,-0.1,1448.0,2299926.0
2024-06-28,600938.SH,中国海油,周期资源红利,1500,33.033,33.0,49500.0,2.15,-0.1,1448.0,2299926.0
2024-09-27,511880.SH,银华日利,现金管理,600,127.32,127.193,76315.58,2.98,-0.1,14468.13,2560009.71
2024-09-27,601398.SH,工商银行,弱周期红利,24000,5.272,6.01,144240.0,5.63,14.01,14468.13,2560009.71
2024-09-27,601988.SH,中国银行,弱周期红利,25300,3.451,4.87,123211.0,4.81,41.14,14468.13,2560009.71
2024-09-27,000651.SZ,格力电器,消费成长红利,4100,35.956,44.4,182040.0,7.11,23.48,14468.13,2560009.71
2024-09-27,601939.SH,建设银行,弱周期红利,16100,6.718,7.65,123165.0,4.81,13.87,14468.13,2560009.71
2024-09-27,601288.SH,农业银行,弱周期红利,28000,3.352,4.7,131600.0,5.14,40.21,14468.13,2560009.71
2024-09-27,000333.SZ,美的集团,消费成长红利,3800,56.868,73.0,277400.0,10.84,28.37,14468.13,2560009.71
2024-09-27,000408.SZ,藏格矿业,周期资源红利,8900,25.301,27.08,241012.0,9.41,7.03,14468.13,2560009.71
2024-09-27,600566.SH,济川药业,消费成长红利,2600,28.498,28.47,74022.0,2.89,-0.1,14468.13,2560009.71
2024-09-27,515180.SH,易方达红利ETF,ETF红利,222500,1.218,1.392,309720.0,12.1,14.26,14468.13,2560009.71
2024-09-27,601318.SH,中国平安,弱周期红利,6300,46.049,51.9,326970.0,12.77,12.71,14468.13,2560009.71
2024-09-27,000538.SZ,云南白药,消费成长红利,2100,51.201,56.47,118587.0,4.63,10.29,14468.13,2560009.71
2024-09-27,600036.SH,招商银行,弱周期红利,4500,32.212,35.63,160335.0,6.26,10.61,14468.13,2560009.71
2024-09-27,600941.SH,中国移动,弱周期红利,700,107.607,104.29,73003.0,2.85,-3.08,14468.13,2560009.71
2024-09-27,600938.SH,中国海油,周期资源红利,1500,33.033,27.77,41655.0,1.63,-15.93,14468.13,2560009.71
2024-09-27,600329.SH,达仁堂,消费成长红利,2300,32.302,32.27,74221.0,2.9,-0.1,14468.13,2560009.71
2024-09-27,000568.SZ,泸州老窖,消费成长红利,500,136.226,136.09,68045.0,2.66,-0.1,14468.13,2560009.71
2024-12-27,511880.SH,银华日利,现金管理,800,127.423,127.605,102083.75,3.77,0.14,23545.52,2706827.77
2024-12-27,601398.SH,工商银行,弱周期红利,24000,5.272,6.92,166080.0,6.14,31.27,23545.52,2706827.77
2024-12-27,601988.SH,中国银行,弱周期红利,25300,3.451,5.48,138644.0,5.12,58.82,23545.52,2706827.77
2024-12-27,000651.SZ,格力电器,消费成长红利,4100,35.956,45.06,184746.0,6.83,25.32,23545.52,2706827.77
2024-12-27,601939.SH,建设银行,弱周期红利,16100,6.718,8.77,141197.0,5.22,30.55,23545.52,2706827.77
2024-12-27,601288.SH,农业银行,弱周期红利,28000,3.352,5.31,148680.0,5.49,58.41,23545.52,2706827.77
2024-12-27,000333.SZ,美的集团,消费成长红利,3000,56.868,75.42,226260.0,8.36,32.62,23545.52,2706827.77
2024-12-27,601225.SH,陕西煤业,周期资源红利,5500,22.813,22.79,125345.0,4.63,-0.1,23545.52,2706827.77
2024-12-27,000408.SZ,藏格矿业,周期资源红利,8900,25.301,27.73,246797.0,9.12,9.6,23545.52,2706827.77
2024-12-27,515180.SH,易方达红利ETF,ETF红利,222500,1.218,1.369,304602.5,11.25,12.37,23545.52,2706827.77
2024-12-27,601318.SH,中国平安,弱周期红利,6300,46.049,53.27,335601.0,12.4,15.68,23545.52,2706827.77
2024-12-27,000538.SZ,云南白药,消费成长红利,2100,51.201,59.87,125727.0,4.64,16.93,23545.52,2706827.77
2024-12-27,600036.SH,招商银行,弱周期红利,4500,32.212,39.34,177030.0,6.54,22.13,23545.52,2706827.77
2024-12-27,600941.SH,中国移动,弱周期红利,700,107.607,114.6,80220.0,2.96,6.5,23545.52,2706827.77
2024-12-27,600938.SH,中国海油,周期资源红利,1500,33.033,28.88,43320.0,1.6,-12.57,23545.52,2706827.77
2024-12-27,600329.SH,达仁堂,消费成长红利,2300,32.302,31.38,72174.0,2.67,-2.86,23545.52,2706827.77
2024-12-27,000568.SZ,泸州老窖,消费成长红利,500,136.226,129.55,64775.0,2.39,-4.9,23545.52,2706827.77
2025-03-28,511880.SH,银华日利,现金管理,2300,127.885,128.003,294406.35,10.67,0.09,12856.74,2760252.58
2025-03-28,601398.SH,工商银行,弱周期红利,24000,5.272,6.88,165120.0,5.98,30.51,12856.74,2760252.58
2025-03-28,601988.SH,中国银行,弱周期红利,25300,3.451,5.5,139150.0,5.04,59.4,12856.74,2760252.58
2025-03-28,000651.SZ,格力电器,消费成长红利,4100,35.956,45.28,185648.0,6.73,25.93,12856.74,2760252.58
2025-03-28,600690.SH,海尔智家,消费成长红利,2900,27.187,27.16,78764.0,2.85,-0.1,12856.74,2760252.58
2025-03-28,601088.SH,中国神华,周期资源红利,3400,37.868,37.83,128622.0,4.66,-0.1,12856.74,2760252.58
2025-03-28,601939.SH,建设银行,弱周期红利,16100,6.718,8.52,137172.0,4.97,26.83,12856.74,2760252.58
2025-03-28,601288.SH,农业银行,弱周期红利,28000,3.352,5.1,142800.0,5.17,52.14,12856.74,2760252.58
2025-03-28,000333.SZ,美的集团,消费成长红利,2100,56.868,76.87,161427.0,5.85,35.17,12856.74,2760252.58
2025-03-28,601225.SH,陕西煤业,周期资源红利,5500,22.813,19.87,109285.0,3.96,-12.9,12856.74,2760252.58
2025-03-28,000408.SZ,藏格矿业,周期资源红利,4500,25.301,35.81,161145.0,5.84,41.54,12856.74,2760252.58
2025-03-28,515180.SH,易方达红利ETF,ETF红利,222500,1.218,1.349,300152.5,10.87,10.73,12856.74,2760252.58
2025-03-28,601318.SH,中国平安,弱周期红利,6300,46.049,51.96,327348.0,11.86,12.84,12856.74,2760252.58
2025-03-28,000538.SZ,云南白药,消费成长红利,2100,51.201,56.35,118335.0,4.29,10.06,12856.74,2760252.58
2025-03-28,600036.SH,招商银行,弱周期红利,2800,32.212,43.22,121016.0,4.38,34.17,12856.74,2760252.58
2025-03-28,600941.SH,中国移动,弱周期红利,1300,107.099,106.4,138320.0,5.01,-0.65,12856.74,2760252.58
2025-03-28,600938.SH,中国海油,周期资源红利,1500,33.033,25.79,38685.0,1.4,-21.93,12856.74,2760252.58
2025-06-27,511880.SH,银华日利,现金管理,4100,128.156,128.375,526339.23,18.04,0.17,13227.95,2917677.68
2025-06-27,601398.SH,工商银行,弱周期红利,24000,5.272,7.5,180000.0,6.17,42.27,13227.95,2917677.68
2025-06-27,601988.SH,中国银行,弱周期红利,25300,3.451,5.6,141680.0,4.86,62.29,13227.95,2917677.68
2025-06-27,000651.SZ,格力电器,消费成长红利,2600,35.956,45.22,117572.0,4.03,25.76,13227.95,2917677.68
2025-06-27,600690.SH,海尔智家,消费成长红利,2900,27.187,24.84,72036.0,2.47,-8.63,13227.95,2917677.68
2025-06-27,601088.SH,中国神华,周期资源红利,3400,37.868,39.93,135762.0,4.65,5.45,13227.95,2917677.68
2025-06-27,601939.SH,建设银行,弱周期红利,16100,6.718,9.37,150857.0,5.17,39.48,13227.95,2917677.68
2025-06-27,000333.SZ,美的集团,消费成长红利,2100,56.868,72.28,151788.0,5.2,27.1,13227.95,2917677.68
2025-06-27,601225.SH,陕西煤业,周期资源红利,5500,22.813,19.3,106150.0,3.64,-15.4,13227.95,2917677.68
2025-06-27,000408.SZ,藏格矿业,周期资源红利,1700,25.301,43.74,74358.0,2.55,72.88,13227.95,2917677.68
2025-06-27,515180.SH,易方达红利ETF,ETF红利,222500,1.218,1.377,306382.5,10.5,13.03,13227.95,2917677.68
2025-06-27,601318.SH,中国平安,弱周期红利,5200,46.049,56.96,296192.0,10.15,23.69,13227.95,2917677.68
2025-06-27,000538.SZ,云南白药,消费成长红利,2100,51.201,55.88,117348.0,4.02,9.14,13227.95,2917677.68
2025-06-27,601919.SH,中远海控,周期资源红利,14200,15.055,15.04,213568.0,7.32,-0.1,13227.95,2917677.68
2025-06-27,600036.SH,招商银行,弱周期红利,2800,32.212,46.22,129416.0,4.44,43.49,13227.95,2917677.68
2025-06-27,600941.SH,中国移动,弱周期红利,1300,107.099,112.17,145821.0,5.0,4.73,13227.95,2917677.68
2025-06-27,600938.SH,中国海油,周期资源红利,1500,33.033,26.12,39180.0,1.34,-20.93,13227.95,2917677.68
2025-09-26,511880.SH,银华日利,现金管理,4100,128.156,128.716,527733.8,18.09,0.44,23609.98,2917358.28
2025-09-26,601398.SH,工商银行,弱周期红利,24000,5.272,7.41,177840.0,6.1,40.56,23609.98,2917358.28
2025-09-26,601988.SH,中国银行,弱周期红利,25300,3.451,5.24,132572.0,4.54,51.86,23609.98,2917358.28
2025-09-26,000651.SZ,格力电器,消费成长红利,2600,35.956,39.85,103610.0,3.55,10.83,23609.98,2917358.28
2025-09-26,601088.SH,中国神华,周期资源红利,3400,37.868,38.76,131784.0,4.52,2.36,23609.98,2917358.28
2025-09-26,601939.SH,建设银行,弱周期红利,16100,6.718,8.66,139426.0,4.78,28.91,23609.98,2917358.28
2025-09-26,000333.SZ,美的集团,消费成长红利,2100,56.868,74.2,155820.0,5.34,30.48,23609.98,2917358.28
2025-09-26,601225.SH,陕西煤业,周期资源红利,5500,22.813,20.32,111760.0,3.83,-10.93,23609.98,2917358.28
2025-09-26,600566.SH,济川药业,消费成长红利,5600,24.905,24.88,139328.0,4.78,-0.1,23609.98,2917358.28
2025-09-26,515180.SH,易方达红利ETF,ETF红利,222500,1.218,1.407,313057.5,10.73,15.49,23609.98,2917358.28
2025-09-26,601318.SH,中国平安,弱周期红利,5200,46.049,55.22,287144.0,9.84,19.92,23609.98,2917358.28
2025-09-26,000538.SZ,云南白药,消费成长红利,2100,51.201,57.11,119931.0,4.11,11.54,23609.98,2917358.28
2025-09-26,601919.SH,中远海控,周期资源红利,14200,15.055,14.36,203912.0,6.99,-4.62,23609.98,2917358.28
2025-09-26,600036.SH,招商银行,弱周期红利,2800,32.212,40.8,114240.0,3.92,26.66,23609.98,2917358.28
2025-09-26,600941.SH,中国移动,弱周期红利,1300,107.099,105.8,137540.0,4.71,-1.21,23609.98,2917358.28
2025-09-26,600938.SH,中国海油,周期资源红利,3700,29.164,26.5,98050.0,3.36,-9.14,23609.98,2917358.28
2025-12-26,511880.SH,银华日利,现金管理,5300,128.39,129.059,684011.43,22.01,0.52,20667.73,3107539.96
2025-12-26,601988.SH,中国银行,弱周期红利,25300,3.451,5.61,141933.0,4.57,62.58,20667.73,3107539.96
2025-12-26,000651.SZ,格力电器,消费成长红利,2600,35.956,40.76,105976.0,3.41,13.36,20667.73,3107539.96
2025-12-26,600690.SH,海尔智家,消费成长红利,3900,26.767,26.74,104286.0,3.36,-0.1,20667.73,3107539.96
2025-12-26,601088.SH,中国神华,周期资源红利,3400,37.868,40.07,136238.0,4.38,5.82,20667.73,3107539.96
2025-12-26,601939.SH,建设银行,弱周期红利,16100,6.718,9.09,146349.0,4.71,35.31,20667.73,3107539.96
2025-12-26,600027.SH,华电国际,周期资源红利,22300,5.255,5.25,117075.0,3.77,-0.1,20667.73,3107539.96
2025-12-26,000333.SZ,美的集团,消费成长红利,2100,56.868,78.87,165627.0,5.33,38.69,20667.73,3107539.96
2025-12-26,601225.SH,陕西煤业,周期资源红利,5500,22.813,21.58,118690.0,3.82,-5.4,20667.73,3107539.96
2025-12-26,515180.SH,易方达红利ETF,ETF红利,271900,1.246,1.372,373046.8,12.0,10.07,20667.73,3107539.96
2025-12-26,601318.SH,中国平安,弱周期红利,3700,46.049,71.16,263292.0,8.47,54.53,20667.73,3107539.96
2025-12-26,000538.SZ,云南白药,消费成长红利,2100,51.201,56.7,119070.0,3.83,10.74,20667.73,3107539.96
2025-12-26,601919.SH,中远海控,周期资源红利,14200,15.055,15.24,216408.0,6.96,1.23,20667.73,3107539.96
2025-12-26,601728.SH,中国电信,弱周期红利,22900,6.426,6.42,147018.0,4.73,-0.1,20667.73,3107539.96
2025-12-26,600036.SH,招商银行,弱周期红利,2800,32.212,41.7,116760.0,3.76,29.46,20667.73,3107539.96
2025-12-26,600941.SH,中国移动,弱周期红利,1300,107.099,100.84,131092.0,4.22,-5.84,20667.73,3107539.96
2026-03-27,511880.SH,银华日利,现金管理,4500,128.39,129.397,582288.65,19.06,0.78,13288.21,3054840.77
2026-03-27,601398.SH,工商银行,弱周期红利,14900,7.407,7.4,110260.0,3.61,-0.1,13288.21,3054840.77
2026-03-27,601988.SH,中国银行,弱周期红利,25300,3.451,5.57,140921.0,4.61,61.42,13288.21,3054840.77
2026-03-27,000651.SZ,格力电器,消费成长红利,2600,35.956,37.88,98488.0,3.22,5.35,13288.21,3054840.77
2026-03-27,600690.SH,海尔智家,消费成长红利,3900,26.767,22.23,86697.0,2.84,-16.95,13288.21,3054840.77
2026-03-27,601939.SH,建设银行,弱周期红利,16100,6.718,9.42,151662.0,4.96,40.22,13288.21,3054840.77
2026-03-27,000333.SZ,美的集团,消费成长红利,2100,56.868,74.78,157038.0,5.14,31.5,13288.21,3054840.77
2026-03-27,600566.SH,济川药业,消费成长红利,5400,25.656,25.63,138402.0,4.53,-0.1,13288.21,3054840.77
2026-03-27,515180.SH,易方达红利ETF,ETF红利,271900,1.246,1.431,389088.9,12.74,14.81,13288.21,3054840.77
2026-03-27,601318.SH,中国平安,弱周期红利,3700,46.049,56.95,210715.0,6.9,23.67,13288.21,3054840.77
2026-03-27,000538.SZ,云南白药,消费成长红利,2100,51.201,54.4,114240.0,3.74,6.25,13288.21,3054840.77
2026-03-27,601919.SH,中远海控,周期资源红利,21900,15.101,15.17,332223.0,10.88,0.46,13288.21,3054840.77
2026-03-27,601728.SH,中国电信,弱周期红利,22900,6.426,5.7,130530.0,4.27,-11.3,13288.21,3054840.77
2026-03-27,600036.SH,招商银行,弱周期红利,2800,32.212,39.44,110432.0,3.61,22.44,13288.21,3054840.77
2026-03-27,600941.SH,中国移动,弱周期红利,2100,101.924,93.42,196182.0,6.42,-8.34,13288.21,3054840.77
2026-03-27,000858.SZ,五粮液,消费成长红利,900,102.753,102.65,92385.0,3.02,-0.1,13288.21,3054840.77
