ts_code,trade_date,close,adj_factor,adj_close
301236.SZ,20220315,60.6,1.0,60.6
301236.SZ,20220316,70.49,1.0,70.49
301236.SZ,20220317,64.05,1.0,64.05
301236.SZ,20220318,63.77,1.0,63.77
301236.SZ,20220321,62.3,1.0,62.3
301236.SZ,20220322,59.9,1.0,59.9
301236.SZ,20220323,58.7,1.0,58.7
301236.SZ,20220324,56.64,1.0,56.64
301236.SZ,20220325,56.6,1.0,56.6
301236.SZ,20220328,58.72,1.0,58.72
301236.SZ,20220329,54.91,1.0,54.91
301236.SZ,20220330,55.08,1.0,55.08
301236.SZ,20220331,54.22,1.0,54.22
301236.SZ,20220401,54.5,1.0,54.5
301236.SZ,20220406,54.44,1.0,54.44
301236.SZ,20220407,51.9,1.0,51.9
301236.SZ,20220408,49.44,1.0,49.44
301236.SZ,20220411,46.05,1.0,46.05
301236.SZ,20220412,46.62,1.0,46.62
301236.SZ,20220413,46.59,1.0,46.59
301236.SZ,20220414,46.8,1.0,46.8
301236.SZ,20220415,44.38,1.0,44.38
301236.SZ,20220418,44.88,1.0,44.88
301236.SZ,20220419,45.87,1.0,45.87
301236.SZ,20220420,45.81,1.0,45.81
301236.SZ,20220421,43.97,1.0,43.97
301236.SZ,20220422,45.7,1.0,45.7
301236.SZ,20220425,42.9,1.0,42.9
301236.SZ,20220426,40.02,1.0,40.02
301236.SZ,20220427,41.08,1.0,41.08
301236.SZ,20220428,39.8,1.0,39.8
301236.SZ,20220429,42.15,1.0,42.15
301236.SZ,20220505,42.46,1.0,42.46
301236.SZ,20220506,44.93,1.0,44.93
301236.SZ,20220509,45.31,1.0,45.31
301236.SZ,20220510,45.58,1.0,45.58
301236.SZ,20220511,44.8,1.0,44.8
301236.SZ,20220512,46.02,1.0,46.02
301236.SZ,20220513,45.54,1.0,45.54
301236.SZ,20220516,44.97,1.0,44.97
301236.SZ,20220517,45.42,1.0,45.42
301236.SZ,20220518,46.7,1.0,46.7
301236.SZ,20220519,46.35,1.0,46.35
301236.SZ,20220520,46.55,1.0,46.55
301236.SZ,20220523,47.16,1.0,47.16
301236.SZ,20220524,44.28,1.0,44.28
301236.SZ,20220525,45.31,1.0,45.31
301236.SZ,20220526,45.2,1.0,45.2
301236.SZ,20220527,45.15,1.0,45.15
301236.SZ,20220530,45.31,1.0,45.31
301236.SZ,20220531,46.26,1.0,46.26
301236.SZ,20220601,46.63,1.0,46.63
301236.SZ,20220602,47.71,1.0,47.71
301236.SZ,20220606,50.22,1.0,50.22
301236.SZ,20220607,49.79,1.0,49.79
301236.SZ,20220608,49.63,1.0,49.63
301236.SZ,20220609,31.43,1.4998,47.138714
301236.SZ,20220610,31.73,1.4998,47.588654
301236.SZ,20220613,32.04,1.4998,48.053592
301236.SZ,20220614,31.76,1.4998,47.633648
301236.SZ,20220615,32.83,1.4998,49.238434
301236.SZ,20220616,33.07,1.4998,49.598386
301236.SZ,20220617,32.72,1.4998,49.073456
301236.SZ,20220620,32.88,1.4998,49.313424000000005
301236.SZ,20220621,33.98,1.4998,50.963204
301236.SZ,20220622,32.77,1.4998,49.14844600000001
301236.SZ,20220623,33.3,1.4998,49.94334
301236.SZ,20220624,33.83,1.4998,50.738234
301236.SZ,20220627,33.53,1.4998,50.288294
301236.SZ,20220628,33.79,1.4998,50.678242
301236.SZ,20220629,32.91,1.4998,49.35841799999999
301236.SZ,20220630,32.95,1.4998,49.41841
301236.SZ,20220701,32.47,1.4998,48.698506
301236.SZ,20220704,32.87,1.4998,49.298426
301236.SZ,20220705,31.9,1.4998,47.84362
301236.SZ,20220706,31.58,1.4998,47.363684
301236.SZ,20220707,31.5,1.4998,47.243700000000004
301236.SZ,20220708,31.71,1.4998,47.558658
301236.SZ,20220711,32.29,1.4998,48.428542
301236.SZ,20220712,31.8,1.4998,47.69364
301236.SZ,20220713,34.52,1.4998,51.773096
301236.SZ,20220714,36.11,1.4998,54.157778
301236.SZ,20220715,36.14,1.4998,54.202772
301236.SZ,20220718,36.79,1.4998,55.177642
301236.SZ,20220719,41.88,1.4998,62.811624
301236.SZ,20220720,41.14,1.4998,61.701772
301236.SZ,20220721,39.3,1.4998,58.942139999999995
301236.SZ,20220722,37.7,1.4998,56.542460000000005
301236.SZ,20220725,36.6,1.4998,54.892680000000006
301236.SZ,20220726,37.25,1.4998,55.86755
301236.SZ,20220727,36.54,1.4998,54.802692
301236.SZ,20220728,36.21,1.4998,54.307758
301236.SZ,20220729,35.13,1.4998,52.687974000000004
301236.SZ,20220801,35.31,1.4998,52.957938000000006
301236.SZ,20220802,32.78,1.4998,49.163444000000005
301236.SZ,20220803,32.98,1.4998,49.463404
301236.SZ,20220804,33.29,1.4998,49.928342
301236.SZ,20220805,34.2,1.4998,51.29316000000001
301236.SZ,20220808,34.08,1.4998,51.113184
301236.SZ,20220809,34.15,1.4998,51.21817
301236.SZ,20220810,33.49,1.4998,50.228302000000006
301236.SZ,20220811,34.13,1.4998,51.188174000000004
301236.SZ,20220812,34.35,1.4998,51.518130000000006
301236.SZ,20220815,33.72,1.4998,50.573256
301236.SZ,20220816,33.46,1.4998,50.183308000000004
301236.SZ,20220817,33.28,1.4998,49.913344
301236.SZ,20220818,33.44,1.4998,50.153312
301236.SZ,20220819,32.78,1.4998,49.163444000000005
301236.SZ,20220822,32.76,1.4998,49.133447999999994
301236.SZ,20220823,32.6,1.4998,48.893480000000004
301236.SZ,20220824,31.32,1.4998,46.973736
301236.SZ,20220825,31.56,1.4998,47.333688
301236.SZ,20220826,31.45,1.4998,47.16871
301236.SZ,20220829,31.35,1.4998,47.018730000000005
301236.SZ,20220830,31.8,1.4998,47.69364
301236.SZ,20220831,31.15,1.4998,46.71877
301236.SZ,20220901,31.56,1.4998,47.333688
301236.SZ,20220902,32.02,1.4998,48.023596000000005
301236.SZ,20220905,31.97,1.4998,47.948606
301236.SZ,20220906,31.91,1.4998,47.858618
301236.SZ,20220907,32.07,1.4998,48.098586000000005
301236.SZ,20220908,31.29,1.4998,46.928742
301236.SZ,20220909,31.44,1.4998,47.153712000000006
301236.SZ,20220913,31.29,1.4998,46.928742
301236.SZ,20220914,30.78,1.4998,46.163844000000005
301236.SZ,20220915,29.06,1.4998,43.584188
301236.SZ,20220916,28.61,1.4998,42.909278
301236.SZ,20220919,27.85,1.4998,41.76943
301236.SZ,20220920,28.05,1.4998,42.06939
301236.SZ,20220921,28.55,1.4998,42.81929
301236.SZ,20220922,28.69,1.4998,43.029262
301236.SZ,20220923,27.8,1.4998,41.69444
301236.SZ,20220926,26.92,1.4998,40.374616
301236.SZ,20220927,27.6,1.4998,41.39448
301236.SZ,20220928,26.63,1.4998,39.939674
301236.SZ,20220929,26.28,1.4998,39.414744
301236.SZ,20220930,26.12,1.4998,39.174776
301236.SZ,20221010,25.63,1.4998,38.439873999999996
301236.SZ,20221011,25.93,1.4998,38.889814
301236.SZ,20221012,27.04,1.4998,40.554592
301236.SZ,20221013,28.12,1.4998,42.174376
301236.SZ,20221014,28.41,1.4998,42.609318
301236.SZ,20221017,29.89,1.4998,44.829022
301236.SZ,20221018,29.23,1.4998,43.839154
301236.SZ,20221019,29.1,1.4998,43.644180000000006
301236.SZ,20221020,29.08,1.4998,43.614184
301236.SZ,20221021,31.67,1.4998,47.498666
301236.SZ,20221024,30.5,1.4998,45.743900000000004
301236.SZ,20221025,29.25,1.4998,43.86915
301236.SZ,20221026,30.74,1.4998,46.103851999999996
301236.SZ,20221027,32.78,1.4998,49.163444000000005
301236.SZ,20221028,31.45,1.4998,47.16871
301236.SZ,20221031,32.76,1.4998,49.133447999999994
301236.SZ,20221101,34.47,1.4998,51.698105999999996
301236.SZ,20221102,37.9,1.4998,56.84242
301236.SZ,20221103,39.1,1.4998,58.64218
301236.SZ,20221104,41.31,1.5192,62.75815200000001
301236.SZ,20221107,42.97,1.5192,65.280024
301236.SZ,20221108,42.0,1.5192,63.806400000000004
301236.SZ,20221109,39.59,1.5192,60.14512800000001
301236.SZ,20221110,38.8,1.5192,58.94496
301236.SZ,20221111,37.88,1.5192,57.54729600000001
301236.SZ,20221114,38.4,1.5192,58.33728
301236.SZ,20221115,41.54,1.5192,63.107568
301236.SZ,20221116,41.65,1.5192,63.274680000000004
301236.SZ,20221117,42.99,1.5192,65.31040800000001
301236.SZ,20221118,40.0,1.5192,60.768
301236.SZ,20221121,40.99,1.5192,62.27200800000001
301236.SZ,20221122,41.0,1.5192,62.287200000000006
301236.SZ,20221123,40.48,1.5192,61.497216
301236.SZ,20221124,40.11,1.5192,60.935112000000004
301236.SZ,20221125,38.5,1.5192,58.489200000000004
301236.SZ,20221128,39.5,1.5192,60.0084
301236.SZ,20221129,38.57,1.5192,58.595544000000004
301236.SZ,20221130,38.07,1.5192,57.835944000000005
301236.SZ,20221201,40.34,1.5192,61.28452800000001
301236.SZ,20221202,39.15,1.5192,59.47668
301236.SZ,20221205,40.0,1.5192,60.768
301236.SZ,20221206,38.35,1.5192,58.261320000000005
301236.SZ,20221207,37.75,1.5192,57.3498
301236.SZ,20221208,37.28,1.5192,56.63577600000001
301236.SZ,20221209,37.69,1.5192,57.258648
301236.SZ,20221212,38.5,1.5192,58.489200000000004
301236.SZ,20221213,37.08,1.5192,56.331936
301236.SZ,20221214,36.94,1.5192,56.119248
301236.SZ,20221215,38.59,1.5192,58.62592800000001
301236.SZ,20221216,36.99,1.5192,56.19520800000001
301236.SZ,20221219,35.9,1.5192,54.539280000000005
301236.SZ,20221220,35.4,1.5192,53.77968
301236.SZ,20221221,34.66,1.5192,52.655471999999996
301236.SZ,20221222,34.27,1.5192,52.06298400000001
301236.SZ,20221223,34.54,1.5192,52.473168
301236.SZ,20221226,35.33,1.5192,53.673336
301236.SZ,20221227,36.2,1.5192,54.99504000000001
301236.SZ,20221228,35.47,1.5192,53.886024
301236.SZ,20221229,35.41,1.5192,53.794872
301236.SZ,20221230,35.18,1.5192,53.445456
301236.SZ,20230103,39.05,1.5192,59.32476
301236.SZ,20230104,38.8,1.5192,58.94496
301236.SZ,20230105,38.6,1.5192,58.64112000000001
301236.SZ,20230106,38.82,1.5192,58.97534400000001
301236.SZ,20230109,40.0,1.5192,60.768
301236.SZ,20230110,40.42,1.5192,61.40606400000001
301236.SZ,20230111,38.85,1.5192,59.020920000000004
301236.SZ,20230112,38.94,1.5192,59.157648
301236.SZ,20230113,39.02,1.5192,59.27918400000001
301236.SZ,20230116,38.95,1.5192,59.17284000000001
301236.SZ,20230117,38.56,1.5192,58.580352000000005
301236.SZ,20230118,39.35,1.5192,59.78052000000001
301236.SZ,20230119,41.32,1.5192,62.773344
301236.SZ,20230120,42.06,1.5192,63.897552000000005
301236.SZ,20230130,41.01,1.5192,62.302392000000005
301236.SZ,20230131,39.9,1.5192,60.616080000000004
301236.SZ,20230201,40.81,1.5192,61.99855200000001
301236.SZ,20230202,39.94,1.5192,60.676848
301236.SZ,20230203,41.34,1.5192,62.80372800000001
301236.SZ,20230206,44.2,1.5192,67.14864000000001
301236.SZ,20230207,41.95,1.5192,63.73044000000001
301236.SZ,20230208,40.24,1.5192,61.132608000000005
301236.SZ,20230209,40.58,1.5192,61.649136
301236.SZ,20230210,39.26,1.5192,59.643792
301236.SZ,20230213,39.57,1.5192,60.114744
301236.SZ,20230214,38.64,1.5192,58.701888000000004
301236.SZ,20230215,39.98,1.5192,60.737616
301236.SZ,20230216,41.35,1.5192,62.818920000000006
301236.SZ,20230217,38.76,1.5192,58.884192
301236.SZ,20230220,38.6,1.5192,58.64112000000001
301236.SZ,20230221,39.51,1.5192,60.023592
301236.SZ,20230222,38.79,1.5192,58.929768
301236.SZ,20230223,37.86,1.5192,57.516912000000005
301236.SZ,20230224,37.64,1.5192,57.182688000000006
301236.SZ,20230227,36.41,1.5192,55.314071999999996
301236.SZ,20230228,37.17,1.5192,56.468664000000004
301236.SZ,20230301,38.79,1.5192,58.929768
301236.SZ,20230302,38.17,1.5192,57.98786400000001
301236.SZ,20230303,38.45,1.5192,58.41324000000001
301236.SZ,20230306,38.46,1.5192,58.42843200000001
301236.SZ,20230307,36.86,1.5192,55.997712
301236.SZ,20230308,37.9,1.5192,57.57768
301236.SZ,20230309,38.01,1.5192,57.744792000000004
301236.SZ,20230310,37.38,1.5192,56.78769600000001
301236.SZ,20230313,38.18,1.5192,58.003056
301236.SZ,20230314,37.11,1.5192,56.377512
301236.SZ,20230315,37.74,1.5192,57.33460800000001
301236.SZ,20230316,38.89,1.5192,59.08168800000001
301236.SZ,20230317,39.63,1.5192,60.20589600000001
301236.SZ,20230320,43.01,1.5192,65.34079200000001
301236.SZ,20230321,41.3,1.5192,62.74296
301236.SZ,20230322,34.76,1.5192,52.807392
301236.SZ,20230323,35.85,1.5192,54.46332
301236.SZ,20230324,42.27,1.5192,64.21658400000001
301236.SZ,20230327,50.72,1.5192,77.053824
301236.SZ,20230328,51.89,1.5192,78.831288
301236.SZ,20230329,50.22,1.5192,76.294224
301236.SZ,20230330,47.0,1.5192,71.4024
301236.SZ,20230331,50.0,1.5192,75.96000000000001
301236.SZ,20230403,55.08,1.5192,83.677536
301236.SZ,20230404,52.1,1.5192,79.15032000000001
301236.SZ,20230406,50.21,1.5192,76.279032
301236.SZ,20230407,51.89,1.5192,78.831288
301236.SZ,20230410,46.18,1.5192,70.156656
301236.SZ,20230411,46.78,1.5192,71.06817600000001
301236.SZ,20230412,47.6,1.5192,72.31392000000001
301236.SZ,20230413,47.13,1.5192,71.59989600000002
301236.SZ,20230414,48.76,1.5192,74.076192
301236.SZ,20230417,49.15,1.5192,74.66868000000001
301236.SZ,20230418,48.31,1.5192,73.39255200000001
301236.SZ,20230419,46.48,1.5192,70.612416
301236.SZ,20230420,51.21,1.5192,77.79823200000001
301236.SZ,20230421,46.06,1.5192,69.97435200000001
301236.SZ,20230424,44.95,1.5192,68.28804000000001
301236.SZ,20230425,44.11,1.5192,67.01191200000001
301236.SZ,20230426,39.35,1.5192,59.78052000000001
301236.SZ,20230427,38.36,1.5192,58.276512000000004
301236.SZ,20230428,39.39,1.5192,59.841288000000006
301236.SZ,20230504,38.02,1.5192,57.75998400000001
301236.SZ,20230505,38.0,1.5192,57.729600000000005
301236.SZ,20230508,37.28,1.5192,56.63577600000001
301236.SZ,20230509,36.9,1.5192,56.05848
301236.SZ,20230510,37.08,1.5192,56.331936
301236.SZ,20230511,36.33,1.5192,55.192536000000004
301236.SZ,20230512,37.32,1.5192,56.696544
301236.SZ,20230515,36.5,1.5192,55.4508
301236.SZ,20230516,35.24,1.5192,53.53660800000001
301236.SZ,20230517,35.63,1.5192,54.12909600000001
301236.SZ,20230518,36.97,1.5192,56.164824
301236.SZ,20230519,37.82,1.5192,57.456144
301236.SZ,20230522,37.95,1.5192,57.65364000000001
301236.SZ,20230523,37.3,1.5192,56.66616
301236.SZ,20230524,36.84,1.5192,55.96732800000001
301236.SZ,20230525,36.04,1.5192,54.751968000000005
301236.SZ,20230526,38.66,1.5192,58.732272
301236.SZ,20230529,39.11,1.5192,59.415912000000006
301236.SZ,20230530,39.84,1.5192,60.52492800000001
301236.SZ,20230531,41.23,1.5192,62.636616
301236.SZ,20230601,42.66,1.519,64.80053999999998
301236.SZ,20230602,43.34,1.519,65.83346
301236.SZ,20230605,44.33,1.519,67.33726999999999
301236.SZ,20230606,42.5,1.519,64.55749999999999
301236.SZ,20230607,42.52,1.519,64.58788
301236.SZ,20230608,42.85,1.519,65.08915
301236.SZ,20230609,44.93,1.519,68.24866999999999
301236.SZ,20230612,44.85,1.519,68.12715
301236.SZ,20230613,46.02,1.519,69.90438
301236.SZ,20230614,44.32,1.519,67.32208
301236.SZ,20230615,43.37,1.519,65.87902999999999
301236.SZ,20230616,44.19,1.519,67.12460999999999
301236.SZ,20230619,45.65,1.519,69.34235
301236.SZ,20230620,31.47,2.279,71.72013
301236.SZ,20230621,30.0,2.279,68.37
301236.SZ,20230626,27.85,2.279,63.470150000000004
301236.SZ,20230627,28.19,2.279,64.24501
301236.SZ,20230628,26.26,2.279,59.846540000000005
301236.SZ,20230629,26.62,2.279,60.66698
301236.SZ,20230630,27.21,2.279,62.01159
301236.SZ,20230703,28.05,2.279,63.92595
301236.SZ,20230704,28.29,2.279,64.47291
301236.SZ,20230705,27.45,2.279,62.55855
301236.SZ,20230706,28.55,2.279,65.06545
301236.SZ,20230707,27.91,2.279,63.60689
301236.SZ,20230710,26.99,2.279,61.510209999999994
301236.SZ,20230711,26.73,2.279,60.91767
301236.SZ,20230712,25.4,2.279,57.886599999999994
301236.SZ,20230713,25.47,2.279,58.04613
301236.SZ,20230714,25.89,2.279,59.00331
301236.SZ,20230717,25.66,2.279,58.47914
301236.SZ,20230718,24.99,2.279,56.952209999999994
301236.SZ,20230719,25.38,2.279,57.84101999999999
301236.SZ,20230720,24.48,2.279,55.78992
301236.SZ,20230721,23.83,2.279,54.308569999999996
301236.SZ,20230724,23.5,2.279,53.5565
301236.SZ,20230725,23.85,2.279,54.354150000000004
301236.SZ,20230726,22.94,2.279,52.28026
301236.SZ,20230727,22.96,2.279,52.32584
301236.SZ,20230728,23.28,2.279,53.05512
301236.SZ,20230731,23.88,2.279,54.42252
301236.SZ,20230801,24.51,2.279,55.858290000000004
301236.SZ,20230802,24.4,2.279,55.6076
301236.SZ,20230803,24.27,2.279,55.31133
301236.SZ,20230804,25.07,2.279,57.13453
301236.SZ,20230807,25.21,2.279,57.45359
301236.SZ,20230808,24.7,2.279,56.2913
301236.SZ,20230809,24.57,2.279,55.99503
301236.SZ,20230810,24.45,2.279,55.72154999999999
301236.SZ,20230811,24.0,2.279,54.696
301236.SZ,20230814,24.33,2.279,55.448069999999994
301236.SZ,20230815,23.69,2.279,53.98951
301236.SZ,20230816,22.68,2.279,51.68772
301236.SZ,20230817,22.74,2.279,51.824459999999995
301236.SZ,20230818,22.34,2.279,50.912859999999995
301236.SZ,20230821,22.13,2.279,50.43427
301236.SZ,20230822,22.49,2.279,51.254709999999996
301236.SZ,20230823,21.85,2.279,49.796150000000004
301236.SZ,20230824,21.39,2.279,48.74781
301236.SZ,20230825,19.66,2.279,44.80514
301236.SZ,20230828,19.6,2.279,44.6684
301236.SZ,20230829,20.26,2.279,46.172540000000005
301236.SZ,20230830,21.0,2.279,47.858999999999995
301236.SZ,20230831,20.64,2.279,47.03856
301236.SZ,20230901,20.36,2.279,46.400439999999996
301236.SZ,20230904,23.74,2.279,54.10345999999999
301236.SZ,20230905,23.97,2.279,54.627629999999996
301236.SZ,20230906,25.63,2.279,58.41076999999999
301236.SZ,20230907,27.1,2.279,61.7609
301236.SZ,20230908,26.5,2.279,60.393499999999996
301236.SZ,20230911,27.25,2.279,62.10275
301236.SZ,20230912,26.5,2.279,60.393499999999996
301236.SZ,20230913,25.2,2.279,57.4308
301236.SZ,20230914,25.28,2.279,57.61312
301236.SZ,20230915,25.55,2.279,58.22845
301236.SZ,20230918,26.65,2.279,60.73535
301236.SZ,20230919,25.86,2.279,58.93494
301236.SZ,20230920,25.2,2.279,57.4308
301236.SZ,20230921,26.51,2.279,60.416290000000004
301236.SZ,20230922,27.88,2.279,63.53852
301236.SZ,20230925,28.0,2.279,63.812
301236.SZ,20230926,25.55,2.279,58.22845
301236.SZ,20230927,25.95,2.279,59.140049999999995
301236.SZ,20230928,26.58,2.279,60.57581999999999
301236.SZ,20231009,27.28,2.279,62.17112
301236.SZ,20231010,30.0,2.279,68.37
301236.SZ,20231011,29.0,2.279,66.091
301236.SZ,20231012,29.96,2.279,68.27884
301236.SZ,20231013,31.47,2.279,71.72013
301236.SZ,20231016,31.03,2.279,70.71737
301236.SZ,20231017,29.21,2.279,66.56959
301236.SZ,20231018,32.39,2.279,73.81681
301236.SZ,20231019,30.0,2.279,68.37
301236.SZ,20231020,29.04,2.279,66.18216
301236.SZ,20231023,29.25,2.279,66.66075
301236.SZ,20231024,26.88,2.279,61.259519999999995
301236.SZ,20231025,32.26,2.279,73.52054
301236.SZ,20231026,34.35,2.279,78.28365
301236.SZ,20231027,33.01,2.279,75.22979
301236.SZ,20231030,34.8,2.279,79.30919999999999
301236.SZ,20231031,35.73,2.279,81.42867
301236.SZ,20231101,33.47,2.279,76.27812999999999
301236.SZ,20231102,33.52,2.279,76.39208
301236.SZ,20231103,34.77,2.279,79.24083
301236.SZ,20231106,34.82,2.279,79.35477999999999
301236.SZ,20231107,33.64,2.279,76.66556
301236.SZ,20231108,35.91,2.279,81.83888999999999
301236.SZ,20231109,34.35,2.279,78.28365
301236.SZ,20231110,37.59,2.279,85.66761000000001
301236.SZ,20231113,45.11,2.279,102.80569
301236.SZ,20231114,47.46,2.279,108.16134
301236.SZ,20231115,46.47,2.279,105.90513
301236.SZ,20231116,45.79,2.279,104.35540999999999
301236.SZ,20231117,44.36,2.279,101.09644
301236.SZ,20231120,47.3,2.279,107.79669999999999
301236.SZ,20231121,44.92,2.279,102.37268
301236.SZ,20231122,43.97,2.279,100.20763
301236.SZ,20231123,44.07,2.279,100.43553
301236.SZ,20231124,42.07,2.279,95.87753
301236.SZ,20231127,42.28,2.279,96.35612
301236.SZ,20231128,41.08,2.279,93.62132
301236.SZ,20231129,40.67,2.279,92.68693
301236.SZ,20231130,40.03,2.279,91.22837
301236.SZ,20231201,40.77,2.279,92.91483000000001
301236.SZ,20231204,42.76,2.279,97.45003999999999
301236.SZ,20231205,39.4,2.279,89.7926
301236.SZ,20231206,38.99,2.279,88.85821
301236.SZ,20231207,38.9,2.279,88.6531
301236.SZ,20231208,40.81,2.279,93.00599
301236.SZ,20231211,41.95,2.279,95.60405
301236.SZ,20231212,44.45,2.279,101.30155
301236.SZ,20231213,43.78,2.279,99.77462
301236.SZ,20231214,43.15,2.279,98.33885
301236.SZ,20231215,43.85,2.279,99.93415
301236.SZ,20231218,41.29,2.279,94.09991
301236.SZ,20231219,44.14,2.279,100.59506
301236.SZ,20231220,43.86,2.279,99.95693999999999
301236.SZ,20231221,45.34,2.279,103.32986000000001
301236.SZ,20231222,43.67,2.279,99.52393000000001
301236.SZ,20231225,42.1,2.279,95.9459
301236.SZ,20231226,39.95,2.279,91.04605000000001
301236.SZ,20231227,41.36,2.279,94.25944
301236.SZ,20231228,41.79,2.279,95.23940999999999
301236.SZ,20231229,46.2,2.279,105.2898
301236.SZ,20240102,46.5,2.279,105.9735
301236.SZ,20240103,47.74,2.279,108.79946
301236.SZ,20240104,45.89,2.279,104.58331
301236.SZ,20240105,46.41,2.279,105.76838999999998
301236.SZ,20240108,42.56,2.279,96.99424
301236.SZ,20240109,42.81,2.279,97.56399
301236.SZ,20240110,42.33,2.279,96.47006999999999
301236.SZ,20240111,48.5,2.279,110.5315
301236.SZ,20240112,47.21,2.279,107.59159
301236.SZ,20240115,47.22,2.279,107.61438
301236.SZ,20240116,47.6,2.279,108.4804
301236.SZ,20240117,45.38,2.279,103.42102
301236.SZ,20240118,45.39,2.279,103.44381
301236.SZ,20240119,41.15,2.279,93.78084999999999
301236.SZ,20240122,36.2,2.279,82.49980000000001
301236.SZ,20240123,37.12,2.279,84.59647999999999
301236.SZ,20240124,36.35,2.279,82.84165
301236.SZ,20240125,36.89,2.279,84.07231
301236.SZ,20240126,34.79,2.279,79.28640999999999
301236.SZ,20240129,34.0,2.279,77.48599999999999
301236.SZ,20240130,33.56,2.279,76.48324000000001
301236.SZ,20240131,31.39,2.279,71.53781
301236.SZ,20240201,32.54,2.279,74.15866
301236.SZ,20240202,31.25,2.279,71.21875
301236.SZ,20240205,29.34,2.279,66.86586
301236.SZ,20240206,32.25,2.279,73.49775
301236.SZ,20240207,33.08,2.279,75.38932
301236.SZ,20240208,34.94,2.279,79.62826
301236.SZ,20240219,37.98,2.279,86.55641999999999
301236.SZ,20240220,37.21,2.279,84.80159
301236.SZ,20240221,36.7,2.279,83.6393
301236.SZ,20240222,37.6,2.279,85.6904
301236.SZ,20240223,40.81,2.279,93.00599
301236.SZ,20240226,40.32,2.279,91.88928
301236.SZ,20240227,43.01,2.279,98.01978999999999
301236.SZ,20240228,41.4,2.279,94.3506
301236.SZ,20240229,45.47,2.279,103.62612999999999
301236.SZ,20240301,45.48,2.279,103.64891999999999
301236.SZ,20240304,46.85,2.279,106.77115
301236.SZ,20240305,47.88,2.279,109.11852
301236.SZ,20240306,49.99,2.279,113.92721
301236.SZ,20240307,46.43,2.279,105.81397
301236.SZ,20240308,48.0,2.279,109.392
301236.SZ,20240311,54.91,2.279,125.13989
301236.SZ,20240312,53.82,2.279,122.65578
301236.SZ,20240313,52.49,2.279,119.62471
301236.SZ,20240314,53.43,2.279,121.76697
301236.SZ,20240315,52.78,2.279,120.28562
301236.SZ,20240318,53.27,2.279,121.40233
301236.SZ,20240319,53.2,2.279,121.2428
301236.SZ,20240320,52.42,2.279,119.46518
301236.SZ,20240321,51.4,2.279,117.14059999999999
301236.SZ,20240322,51.38,2.279,117.09502
301236.SZ,20240325,49.31,2.279,112.37749
301236.SZ,20240326,47.99,2.279,109.36921
301236.SZ,20240327,45.04,2.279,102.64616
301236.SZ,20240328,46.9,2.279,106.8851
301236.SZ,20240329,46.48,2.279,105.92791999999999
301236.SZ,20240401,47.55,2.279,108.36644999999999
301236.SZ,20240402,45.64,2.279,104.01356
301236.SZ,20240403,44.51,2.279,101.43829
301236.SZ,20240408,46.16,2.279,105.19863999999998
301236.SZ,20240409,45.02,2.279,102.60058000000001
301236.SZ,20240410,44.44,2.279,101.27875999999999
301236.SZ,20240411,43.4,2.279,98.90859999999999
301236.SZ,20240412,43.34,2.279,98.77186
301236.SZ,20240415,42.86,2.279,97.67793999999999
301236.SZ,20240416,40.59,2.279,92.50461
301236.SZ,20240417,42.8,2.279,97.54119999999999
301236.SZ,20240418,43.5,2.279,99.1365
301236.SZ,20240419,42.47,2.279,96.78913
301236.SZ,20240422,40.48,2.279,92.25392
301236.SZ,20240423,40.24,2.279,91.70696
301236.SZ,20240424,42.65,2.279,97.19935
301236.SZ,20240425,41.52,2.279,94.62408
301236.SZ,20240426,44.42,2.279,101.23318
301236.SZ,20240429,44.63,2.279,101.71177
301236.SZ,20240430,42.15,2.279,96.05985
301236.SZ,20240506,43.4,2.279,98.90859999999999
301236.SZ,20240507,42.88,2.279,97.72352000000001
301236.SZ,20240508,40.94,2.279,93.30225999999999
301236.SZ,20240509,41.19,2.279,93.87200999999999
301236.SZ,20240510,39.65,2.279,90.36234999999999
301236.SZ,20240513,38.51,2.279,87.76428999999999
301236.SZ,20240514,39.3,2.279,89.56469999999999
301236.SZ,20240515,39.51,2.279,90.04329
301236.SZ,20240516,38.9,2.279,88.6531
301236.SZ,20240517,39.51,2.279,90.04329
301236.SZ,20240520,40.09,2.279,91.36511
301236.SZ,20240521,40.81,2.279,93.00599
301236.SZ,20240522,41.46,2.279,94.48734
301236.SZ,20240523,40.61,2.279,92.55019
301236.SZ,20240524,39.5,2.279,90.0205
301236.SZ,20240527,39.86,2.279,90.84093999999999
301236.SZ,20240528,38.61,2.279,87.99219
301236.SZ,20240529,38.03,2.279,86.67037
301236.SZ,20240530,38.04,2.279,86.69315999999999
301236.SZ,20240531,39.78,2.279,90.65862
301236.SZ,20240603,40.11,2.279,91.41068999999999
301236.SZ,20240604,39.52,2.279,90.06608
301236.SZ,20240605,38.97,2.279,88.81263
301236.SZ,20240606,38.67,2.279,88.12893
301236.SZ,20240607,37.55,2.279,85.57645
301236.SZ,20240611,38.82,2.279,88.47077999999999
301236.SZ,20240612,39.38,2.279,89.74702
301236.SZ,20240613,40.92,2.2895,93.68634
301236.SZ,20240614,41.46,2.2895,94.92267
301236.SZ,20240617,40.91,2.2895,93.66344499999998
301236.SZ,20240618,42.59,2.2895,97.509805
301236.SZ,20240619,42.21,2.2895,96.63979499999999
301236.SZ,20240620,40.84,2.2895,93.50318
301236.SZ,20240621,40.51,2.2895,92.74764499999999
301236.SZ,20240624,37.64,2.2895,86.17678
301236.SZ,20240625,35.21,2.2896,80.616816
301236.SZ,20240626,36.87,2.29,84.4323
301236.SZ,20240627,35.23,2.29,80.6767
301236.SZ,20240628,35.21,2.29,80.6309
301236.SZ,20240701,35.92,2.29,82.2568
301236.SZ,20240702,35.63,2.29,81.59270000000001
301236.SZ,20240703,33.95,2.29,77.7455
301236.SZ,20240704,33.33,2.29,76.3257
301236.SZ,20240705,33.9,2.29,77.631
301236.SZ,20240708,32.95,2.29,75.4555
301236.SZ,20240709,33.98,2.29,77.8142
301236.SZ,20240710,33.49,2.29,76.69210000000001
301236.SZ,20240711,33.94,2.29,77.7226
301236.SZ,20240712,32.82,2.29,75.15780000000001
301236.SZ,20240715,32.15,2.29,73.62349999999999
301236.SZ,20240716,34.2,2.29,78.31800000000001
301236.SZ,20240717,33.4,2.29,76.486
301236.SZ,20240718,32.85,2.29,75.2265
301236.SZ,20240719,34.12,2.29,78.1348
301236.SZ,20240722,35.49,2.29,81.27210000000001
301236.SZ,20240723,33.8,2.29,77.402
301236.SZ,20240724,32.87,2.29,75.2723
301236.SZ,20240725,32.53,2.29,74.4937
301236.SZ,20240726,32.77,2.29,75.0433
301236.SZ,20240729,32.73,2.29,74.95169999999999
301236.SZ,20240730,32.2,2.29,73.73800000000001
301236.SZ,20240731,34.45,2.29,78.8905
301236.SZ,20240801,33.89,2.29,77.60810000000001
301236.SZ,20240802,32.8,2.29,75.112
301236.SZ,20240805,31.25,2.29,71.5625
301236.SZ,20240806,31.86,2.29,72.9594
301236.SZ,20240807,31.47,2.29,72.0663
301236.SZ,20240808,31.15,2.29,71.3335
301236.SZ,20240809,30.96,2.29,70.89840000000001
301236.SZ,20240812,30.68,2.29,70.2572
301236.SZ,20240813,31.03,2.29,71.0587
301236.SZ,20240814,31.38,2.29,71.86019999999999
301236.SZ,20240815,31.55,2.29,72.2495
301236.SZ,20240816,31.77,2.29,72.7533
301236.SZ,20240819,31.97,2.29,73.2113
301236.SZ,20240820,31.11,2.29,71.2419
301236.SZ,20240821,30.89,2.29,70.7381
301236.SZ,20240822,30.57,2.29,70.0053
301236.SZ,20240823,31.46,2.29,72.0434
301236.SZ,20240826,31.25,2.29,71.5625
301236.SZ,20240827,31.54,2.29,72.2266
301236.SZ,20240828,29.75,2.29,68.1275
301236.SZ,20240829,30.53,2.29,69.9137
301236.SZ,20240830,34.03,2.29,77.9287
301236.SZ,20240902,33.22,2.29,76.0738
301236.SZ,20240903,34.18,2.29,78.2722
301236.SZ,20240904,33.66,2.29,77.08139999999999
301236.SZ,20240905,33.26,2.29,76.16539999999999
301236.SZ,20240906,32.68,2.29,74.8372
301236.SZ,20240909,32.25,2.29,73.8525
301236.SZ,20240910,33.5,2.29,76.715
301236.SZ,20240911,33.11,2.29,75.8219
301236.SZ,20240912,33.33,2.29,76.3257
301236.SZ,20240913,32.43,2.29,74.2647
301236.SZ,20240918,33.59,2.29,76.92110000000001
301236.SZ,20240919,33.93,2.29,77.6997
301236.SZ,20240920,36.3,2.29,83.127
301236.SZ,20240923,36.81,2.29,84.29490000000001
301236.SZ,20240924,36.63,2.29,83.88270000000001
301236.SZ,20240925,36.56,2.29,83.72240000000001
301236.SZ,20240926,38.56,2.29,88.3024
301236.SZ,20240927,42.93,2.29,98.3097
301236.SZ,20240930,51.52,2.29,117.9808
301236.SZ,20241008,61.82,2.29,141.5678
301236.SZ,20241009,69.0,2.29,158.01
301236.SZ,20241010,55.2,2.29,126.40800000000002
301236.SZ,20241011,58.17,2.29,133.2093
301236.SZ,20241014,69.8,2.29,159.84199999999998
301236.SZ,20241015,63.67,2.29,145.8043
301236.SZ,20241016,61.53,2.29,140.90370000000001
301236.SZ,20241017,70.87,2.29,162.2923
301236.SZ,20241018,71.59,2.29,163.9411
301236.SZ,20241021,72.57,2.29,166.18529999999998
301236.SZ,20241022,66.7,2.29,152.743
301236.SZ,20241023,64.17,2.29,146.9493
301236.SZ,20241024,64.41,2.29,147.4989
301236.SZ,20241025,63.72,2.29,145.9188
301236.SZ,20241028,64.97,2.29,148.7813
301236.SZ,20241029,64.84,2.29,148.48360000000002
301236.SZ,20241030,72.4,2.29,165.79600000000002
301236.SZ,20241031,67.94,2.29,155.58259999999999
301236.SZ,20241101,60.5,2.29,138.54500000000002
301236.SZ,20241104,62.3,2.29,142.667
301236.SZ,20241105,65.59,2.29,150.2011
301236.SZ,20241106,65.15,2.29,149.19350000000003
301236.SZ,20241107,65.18,2.29,149.2622
301236.SZ,20241108,67.5,2.29,154.575
301236.SZ,20241111,70.0,2.29,160.3
301236.SZ,20241112,66.25,2.29,151.7125
301236.SZ,20241113,66.36,2.29,151.9644
301236.SZ,20241114,64.07,2.29,146.72029999999998
301236.SZ,20241115,60.83,2.29,139.3007
301236.SZ,20241118,57.17,2.29,130.9193
301236.SZ,20241119,59.25,2.29,135.6825
301236.SZ,20241120,59.68,2.29,136.6672
301236.SZ,20241121,61.09,2.29,139.89610000000002
301236.SZ,20241122,60.43,2.29,138.3847
301236.SZ,20241125,63.01,2.29,144.2929
301236.SZ,20241126,60.18,2.29,137.8122
301236.SZ,20241127,62.79,2.29,143.7891
301236.SZ,20241128,63.99,2.29,146.5371
301236.SZ,20241129,63.9,2.29,146.331
301236.SZ,20241202,63.04,2.29,144.3616
301236.SZ,20241203,61.01,2.29,139.7129
301236.SZ,20241204,60.39,2.29,138.2931
301236.SZ,20241205,60.66,2.29,138.9114
301236.SZ,20241206,59.95,2.29,137.2855
301236.SZ,20241209,61.46,2.29,140.7434
301236.SZ,20241210,66.18,2.29,151.55220000000003
301236.SZ,20241211,64.84,2.29,148.48360000000002
301236.SZ,20241212,64.95,2.29,148.7355
301236.SZ,20241213,62.2,2.29,142.43800000000002
301236.SZ,20241216,60.83,2.29,139.3007
301236.SZ,20241217,58.35,2.29,133.6215
301236.SZ,20241218,58.68,2.29,134.3772
301236.SZ,20241219,60.91,2.29,139.4839
301236.SZ,20241220,61.56,2.29,140.9724
301236.SZ,20241223,59.97,2.29,137.3313
301236.SZ,20241224,60.69,2.29,138.9801
301236.SZ,20241225,62.46,2.29,143.0334
301236.SZ,20241226,62.4,2.29,142.896
301236.SZ,20241227,61.62,2.29,141.1098
301236.SZ,20241230,61.59,2.29,141.0411
301236.SZ,20241231,58.71,2.29,134.4459
301236.SZ,20250102,55.26,2.29,126.5454
301236.SZ,20250103,52.04,2.29,119.1716
301236.SZ,20250106,51.86,2.29,118.7594
301236.SZ,20250107,52.4,2.29,119.996
301236.SZ,20250108,51.61,2.29,118.1869
301236.SZ,20250109,52.07,2.29,119.2403
301236.SZ,20250110,52.29,2.29,119.7441
301236.SZ,20250113,52.59,2.29,120.43110000000001
301236.SZ,20250114,55.65,2.29,127.4385
301236.SZ,20250115,53.78,2.29,123.1562
301236.SZ,20250116,58.2,2.29,133.27800000000002
301236.SZ,20250117,56.43,2.29,129.2247
301236.SZ,20250120,55.67,2.29,127.4843
301236.SZ,20250121,56.46,2.29,129.2934
301236.SZ,20250122,55.25,2.29,126.52250000000001
301236.SZ,20250123,54.8,2.29,125.49199999999999
301236.SZ,20250124,56.21,2.29,128.7209
301236.SZ,20250127,53.68,2.29,122.9272
301236.SZ,20250205,60.1,2.29,137.62900000000002
301236.SZ,20250206,65.1,2.29,149.07899999999998
301236.SZ,20250207,71.64,2.29,164.0556
301236.SZ,20250210,75.99,2.29,174.0171
301236.SZ,20250211,70.3,2.29,160.987
301236.SZ,20250212,71.1,2.29,162.819
301236.SZ,20250213,68.46,2.29,156.77339999999998
301236.SZ,20250214,70.52,2.29,161.4908
301236.SZ,20250217,69.3,2.29,158.697
301236.SZ,20250218,65.4,2.29,149.76600000000002
301236.SZ,20250219,68.09,2.29,155.92610000000002
301236.SZ,20250220,66.94,2.29,153.2926
301236.SZ,20250221,69.63,2.29,159.4527
301236.SZ,20250224,74.01,2.29,169.4829
301236.SZ,20250225,70.97,2.29,162.5213
301236.SZ,20250226,70.63,2.29,161.74269999999999
301236.SZ,20250227,68.84,2.29,157.64360000000002
301236.SZ,20250228,64.11,2.29,146.8119
301236.SZ,20250303,64.81,2.29,148.41490000000002
301236.SZ,20250304,65.45,2.29,149.8805
301236.SZ,20250305,65.62,2.29,150.2698
301236.SZ,20250306,67.18,2.29,153.84220000000002
301236.SZ,20250307,67.55,2.29,154.6895
301236.SZ,20250310,67.5,2.29,154.575
301236.SZ,20250311,66.01,2.29,151.1629
301236.SZ,20250312,65.73,2.29,150.5217
301236.SZ,20250313,66.17,2.29,151.5293
301236.SZ,20250314,67.21,2.29,153.9109
301236.SZ,20250317,68.13,2.29,156.0177
301236.SZ,20250318,68.17,2.29,156.10930000000002
301236.SZ,20250319,66.01,2.29,151.1629
301236.SZ,20250320,65.08,2.29,149.0332
301236.SZ,20250321,61.05,2.29,139.8045
301236.SZ,20250324,60.16,2.29,137.7664
301236.SZ,20250325,57.8,2.29,132.362
301236.SZ,20250326,57.85,2.29,132.47650000000002
301236.SZ,20250327,58.66,2.29,134.3314
301236.SZ,20250328,57.8,2.29,132.362
301236.SZ,20250331,57.36,2.29,131.3544
301236.SZ,20250401,57.99,2.29,132.7971
301236.SZ,20250402,57.68,2.29,132.0872
301236.SZ,20250403,56.91,2.29,130.32389999999998
301236.SZ,20250407,48.0,2.29,109.92
301236.SZ,20250408,49.88,2.29,114.2252
301236.SZ,20250409,52.57,2.29,120.3853
301236.SZ,20250410,53.56,2.29,122.6524
301236.SZ,20250411,54.05,2.29,123.77449999999999
301236.SZ,20250414,54.64,2.29,125.1256
301236.SZ,20250415,54.12,2.29,123.9348
301236.SZ,20250416,53.67,2.29,122.9043
301236.SZ,20250417,53.55,2.29,122.6295
301236.SZ,20250418,53.87,2.29,123.36229999999999
301236.SZ,20250421,54.71,2.29,125.2859
301236.SZ,20250422,54.14,2.29,123.98060000000001
301236.SZ,20250423,55.89,2.29,127.9881
301236.SZ,20250424,53.92,2.29,123.47680000000001
301236.SZ,20250425,54.29,2.29,124.3241
301236.SZ,20250428,55.08,2.29,126.1332
301236.SZ,20250429,56.1,2.29,128.469
301236.SZ,20250430,58.1,2.29,133.049
301236.SZ,20250506,60.8,2.29,139.232
301236.SZ,20250507,60.23,2.29,137.92669999999998
301236.SZ,20250508,58.94,2.29,134.9726
301236.SZ,20250509,59.65,2.29,136.5985
301236.SZ,20250512,60.39,2.29,138.2931
301236.SZ,20250513,59.34,2.29,135.8886
301236.SZ,20250514,59.84,2.29,137.0336
301236.SZ,20250515,57.42,2.29,131.4918
301236.SZ,20250516,58.09,2.29,133.0261
301236.SZ,20250519,56.48,2.29,129.3392
301236.SZ,20250520,55.9,2.29,128.011
301236.SZ,20250521,55.55,2.29,127.20949999999999
301236.SZ,20250522,54.54,2.29,124.8966
301236.SZ,20250523,53.32,2.29,122.1028
301236.SZ,20250526,53.92,2.29,123.47680000000001
301236.SZ,20250527,52.84,2.29,121.0036
301236.SZ,20250528,52.02,2.29,119.12580000000001
301236.SZ,20250529,53.2,2.29,121.828
301236.SZ,20250530,52.2,2.29,119.53800000000001
301236.SZ,20250603,53.77,2.29,123.1333
301236.SZ,20250604,54.06,2.29,123.79740000000001
301236.SZ,20250605,54.79,2.29,125.4691
301236.SZ,20250606,54.4,2.29,124.576
301236.SZ,20250609,54.7,2.29,125.263
301236.SZ,20250610,53.69,2.29,122.95009999999999
301236.SZ,20250611,53.54,2.29,122.6066
301236.SZ,20250612,53.22,2.29,121.8738
301236.SZ,20250613,53.18,2.2943,122.01087399999999
301236.SZ,20250616,54.08,2.2943,124.07574399999999
301236.SZ,20250617,53.36,2.2943,122.42384799999999
301236.SZ,20250618,53.55,2.2943,122.85976499999998
301236.SZ,20250619,52.6,2.2943,120.68018
301236.SZ,20250620,51.18,2.2943,117.42227399999999
301236.SZ,20250623,51.96,2.2943,119.211828
301236.SZ,20250624,53.2,2.2943,122.05676
301236.SZ,20250625,55.59,2.2943,127.540137
301236.SZ,20250626,54.56,2.2943,125.17700799999999
301236.SZ,20250627,54.1,2.2943,124.12163
301236.SZ,20250630,54.64,2.2943,125.36055199999998
301236.SZ,20250701,54.26,2.2943,124.48871799999998
301236.SZ,20250702,52.91,2.2943,121.39141299999999
301236.SZ,20250703,52.97,2.2943,121.52907099999999
301236.SZ,20250704,52.36,2.2943,120.12954799999999
301236.SZ,20250707,51.9,2.2943,119.07416999999998
301236.SZ,20250708,52.98,2.2943,121.55201399999999
301236.SZ,20250709,53.0,2.2943,121.59789999999998
301236.SZ,20250710,52.71,2.2943,120.93255299999998
301236.SZ,20250711,53.46,2.2943,122.65327799999999
301236.SZ,20250714,53.15,2.2943,121.94204499999998
301236.SZ,20250715,53.67,2.2943,123.13508099999999
301236.SZ,20250716,53.36,2.2943,122.42384799999999
301236.SZ,20250717,57.42,2.2943,131.73870599999998
301236.SZ,20250718,56.0,2.2943,128.4808
301236.SZ,20250721,56.1,2.2943,128.71023
301236.SZ,20250722,55.11,2.2943,126.43887299999999
301236.SZ,20250723,55.06,2.2943,126.324158
301236.SZ,20250724,55.7,2.2943,127.79251
301236.SZ,20250725,56.59,2.2943,129.834437
301236.SZ,20250728,56.14,2.2943,128.802002
301236.SZ,20250729,55.45,2.2943,127.21893499999999
301236.SZ,20250730,54.81,2.2943,125.75058299999999
301236.SZ,20250731,54.95,2.2943,126.07178499999999
301236.SZ,20250801,54.42,2.2943,124.85580599999999
301236.SZ,20250804,54.65,2.2943,125.38349499999998
301236.SZ,20250805,54.99,2.2943,126.163557
301236.SZ,20250806,55.94,2.2943,128.34314199999997
301236.SZ,20250807,55.43,2.2943,127.17304899999999
301236.SZ,20250808,53.48,2.2943,122.69916399999998
301236.SZ,20250811,54.15,2.2943,124.23634499999999
301236.SZ,20250812,54.28,2.2943,124.53460399999999
301236.SZ,20250813,54.5,2.2943,125.03934999999998
301236.SZ,20250814,53.91,2.2943,123.68571299999998
301236.SZ,20250815,54.85,2.2943,125.842355
301236.SZ,20250818,57.82,2.2943,132.65642599999998
301236.SZ,20250819,60.19,2.2943,138.09391699999998
301236.SZ,20250820,59.76,2.2943,137.10736799999998
301236.SZ,20250821,58.73,2.2943,134.744239
301236.SZ,20250822,61.39,2.2943,140.84707699999998
301236.SZ,20250825,61.19,2.2943,140.38821699999997
301236.SZ,20250826,62.11,2.2943,142.49897299999998
301236.SZ,20250827,60.98,2.2943,139.90641399999998
301236.SZ,20250828,61.44,2.2943,140.96179199999997
301236.SZ,20250829,59.92,2.2943,137.474456
301236.SZ,20250901,60.08,2.2943,137.84154399999997
301236.SZ,20250902,57.26,2.2943,131.37161799999998
301236.SZ,20250903,55.85,2.2943,128.136655
301236.SZ,20250904,53.7,2.2943,123.20391
301236.SZ,20250905,54.72,2.2943,125.54409599999998
301236.SZ,20250908,54.97,2.2943,126.11767099999999
301236.SZ,20250909,53.28,2.2943,122.240304
301236.SZ,20250910,53.49,2.2943,122.722107
301236.SZ,20250911,55.26,2.2943,126.78301799999998
301236.SZ,20250912,55.19,2.2943,126.62241699999998
301236.SZ,20250915,55.91,2.2943,128.27431299999998
301236.SZ,20250916,57.28,2.2943,131.41750399999998
301236.SZ,20250917,57.27,2.2943,131.39456099999998
301236.SZ,20250918,57.0,2.2943,130.77509999999998
301236.SZ,20250919,56.08,2.2943,128.66434399999997
301236.SZ,20250922,56.23,2.2943,129.00848899999997
301236.SZ,20250923,54.74,2.2943,125.58998199999999
301236.SZ,20250924,56.45,2.2943,129.51323499999998
301236.SZ,20250925,56.92,2.2943,130.591556
301236.SZ,20250926,54.36,2.2943,124.71814799999999
301236.SZ,20250929,54.65,2.2943,125.38349499999998
301236.SZ,20250930,55.15,2.2943,126.53064499999998
301236.SZ,20251009,55.84,2.2943,128.113712
301236.SZ,20251010,53.08,2.2943,121.78144399999998
301236.SZ,20251013,53.99,2.2943,123.86925699999999
301236.SZ,20251014,51.98,2.2943,119.25771399999998
301236.SZ,20251015,51.91,2.2943,119.09711299999998
301236.SZ,20251016,53.24,2.2943,122.14853199999999
301236.SZ,20251017,50.96,2.2943,116.91752799999999
301236.SZ,20251020,50.96,2.2943,116.91752799999999
301236.SZ,20251021,51.16,2.2943,117.37638799999998
301236.SZ,20251022,50.21,2.2943,115.19680299999999
301236.SZ,20251023,50.55,2.2943,115.97686499999999
301236.SZ,20251024,50.62,2.2943,116.13746599999999
301236.SZ,20251027,51.38,2.2943,117.88113399999999
301236.SZ,20251028,51.19,2.2943,117.44521699999999
301236.SZ,20251029,51.4,2.2943,117.92701999999998
301236.SZ,20251030,52.14,2.2943,119.62480199999999
301236.SZ,20251031,53.21,2.2943,122.079703
301236.SZ,20251103,53.72,2.2943,123.24979599999999
301236.SZ,20251104,52.99,2.2943,121.574957
301236.SZ,20251105,53.18,2.2943,122.01087399999999
301236.SZ,20251106,52.35,2.2943,120.10660499999999
301236.SZ,20251107,51.11,2.2943,117.26167299999999
301236.SZ,20251110,51.33,2.2943,117.76641899999998
301236.SZ,20251111,50.34,2.2943,115.49506199999999
301236.SZ,20251112,49.45,2.2943,113.45313499999999
301236.SZ,20251113,49.69,2.2943,114.00376699999998
301236.SZ,20251114,48.87,2.2943,112.12244099999998
301236.SZ,20251117,51.74,2.2943,118.707082
301236.SZ,20251118,52.31,2.2943,120.014833
301236.SZ,20251119,51.08,2.2943,117.19284399999998
301236.SZ,20251120,50.89,2.2943,116.75692699999999
301236.SZ,20251121,49.1,2.2943,112.65012999999999
301236.SZ,20251124,48.6,2.2943,111.50298
301236.SZ,20251125,48.99,2.2943,112.397757
301236.SZ,20251126,48.23,2.2943,110.65408899999998
301236.SZ,20251127,47.65,2.2943,109.32339499999999
301236.SZ,20251128,47.65,2.2943,109.32339499999999
301236.SZ,20251201,48.53,2.2943,111.342379
301236.SZ,20251202,47.08,2.2943,108.01564399999998
301236.SZ,20251203,45.95,2.2943,105.423085
301236.SZ,20251204,45.85,2.2943,105.19365499999999
301236.SZ,20251205,46.31,2.2943,106.249033
301236.SZ,20251208,46.88,2.2943,107.556784
301236.SZ,20251209,46.8,2.2943,107.37323999999998
301236.SZ,20251210,46.64,2.2943,107.00615199999999
301236.SZ,20251211,45.82,2.2943,105.12482599999998
301236.SZ,20251212,46.88,2.2943,107.556784
301236.SZ,20251215,46.01,2.2943,105.56074299999999
301236.SZ,20251216,45.04,2.2943,103.33527199999999
301236.SZ,20251217,45.69,2.2943,104.82656699999998
301236.SZ,20251218,45.29,2.2943,103.908847
301236.SZ,20251219,46.03,2.2943,105.606629
301236.SZ,20251222,46.16,2.2943,105.90488799999999
301236.SZ,20251223,45.5,2.2943,104.39065
301236.SZ,20251224,46.38,2.2943,106.409634
301236.SZ,20251225,46.71,2.2943,107.16675299999999
301236.SZ,20251226,46.67,2.2943,107.074981
301236.SZ,20251229,48.26,2.2943,110.72291799999998
301236.SZ,20251230,47.84,2.2943,109.759312
301236.SZ,20251231,47.43,2.2943,108.818649
301236.SZ,20260105,48.17,2.2943,110.516431
301236.SZ,20260106,48.77,2.2943,111.893011
301236.SZ,20260107,48.25,2.2943,110.699975
301236.SZ,20260108,48.99,2.2943,112.397757
301236.SZ,20260109,49.9,2.2943,114.48556999999998
301236.SZ,20260112,54.39,2.2943,124.786977
301236.SZ,20260113,52.48,2.2943,120.40486399999998
301236.SZ,20260114,53.93,2.2943,123.73159899999999
301236.SZ,20260115,52.9,2.2943,121.36846999999999
301236.SZ,20260116,51.51,2.2943,118.17939299999999
301236.SZ,20260119,51.01,2.2943,117.03224299999998
301236.SZ,20260120,50.16,2.2943,115.08208799999998
301236.SZ,20260121,49.83,2.2943,114.32496899999998
301236.SZ,20260122,49.93,2.2943,114.55439899999999
301236.SZ,20260123,52.15,2.2943,119.64774499999999
301236.SZ,20260126,52.13,2.2943,119.60185899999999
301236.SZ,20260127,51.4,2.2943,117.92701999999998
301236.SZ,20260128,50.03,2.2943,114.783829
301236.SZ,20260129,49.23,2.2943,112.94838899999998
301236.SZ,20260130,48.05,2.2943,110.24111499999998
301236.SZ,20260202,46.94,2.2943,107.69444199999998
301236.SZ,20260203,48.43,2.2943,111.11294899999999
301236.SZ,20260204,46.5,2.2943,106.68494999999999
301236.SZ,20260205,46.54,2.2943,106.77672199999999
301236.SZ,20260206,46.09,2.2943,105.744287
301236.SZ,20260209,46.83,2.2943,107.44206899999999
301236.SZ,20260210,47.53,2.2943,109.04807899999999
301236.SZ,20260211,47.34,2.2943,108.612162
301236.SZ,20260212,47.78,2.2943,109.62165399999999
301236.SZ,20260213,47.5,2.2943,108.97925
301236.SZ,20260224,46.82,2.2943,107.41912599999999
301236.SZ,20260225,46.8,2.2943,107.37323999999998
301236.SZ,20260226,47.3,2.2943,108.52038999999998
301236.SZ,20260227,49.5,2.2943,113.56784999999999
301236.SZ,20260302,48.05,2.2943,110.24111499999998
301236.SZ,20260303,46.25,2.2943,106.111375
301236.SZ,20260304,45.21,2.2943,103.725303
301236.SZ,20260305,45.31,2.2943,103.95473299999999
301236.SZ,20260306,47.04,2.2943,107.92387199999999
301236.SZ,20260309,48.63,2.2943,111.571809
301236.SZ,20260310,48.05,2.2943,110.24111499999998
301236.SZ,20260311,47.53,2.2943,109.04807899999999
301236.SZ,20260312,47.12,2.2943,108.10741599999999
301236.SZ,20260313,45.65,2.2943,104.73479499999999
301236.SZ,20260316,45.54,2.2943,104.48242199999999
301236.SZ,20260317,44.66,2.2943,102.46343799999998
301236.SZ,20260318,45.34,2.2943,104.023562
301236.SZ,20260319,41.93,2.2943,96.19999899999999
301236.SZ,20260320,39.57,2.2943,90.785451
301236.SZ,20260323,38.51,2.2943,88.35349299999999
301236.SZ,20260324,38.74,2.2943,88.881182
301236.SZ,20260325,39.02,2.2943,89.523586
301236.SZ,20260326,37.84,2.2943,86.816312
301236.SZ,20260327,38.05,2.2943,87.29811499999998
301236.SZ,20260330,37.51,2.2943,86.059193
301236.SZ,20260331,36.9,2.2943,84.65966999999999
301236.SZ,20260401,38.25,2.2943,87.756975
301236.SZ,20260402,36.94,2.2943,84.75144199999998
301236.SZ,20260403,36.58,2.2943,83.92549399999999
301236.SZ,20260407,36.83,2.2943,84.49906899999999
301236.SZ,20260408,39.29,2.2943,90.143047
301236.SZ,20260409,38.5,2.2943,88.33054999999999
301236.SZ,20260410,38.75,2.2943,88.904125
301236.SZ,20260413,38.79,2.2943,88.99589699999999
301236.SZ,20260414,39.41,2.2943,90.41836299999999
301236.SZ,20260415,38.96,2.2943,89.38592799999999
301236.SZ,20260416,39.9,2.2943,91.54256999999998
301236.SZ,20260417,40.27,2.2943,92.39146099999999
301236.SZ,20260420,40.97,2.2943,93.99747099999999
301236.SZ,20260421,39.86,2.2943,91.45079799999999
301236.SZ,20260422,42.88,2.2943,98.379584
301236.SZ,20260423,42.55,2.2943,97.62246499999999
301236.SZ,20260424,44.0,2.2943,100.94919999999999
301236.SZ,20260427,40.85,2.2943,93.722155
301236.SZ,20260428,39.64,2.2943,90.946052
301236.SZ,20260429,39.44,2.2943,90.487192
301236.SZ,20260430,39.44,2.2943,90.487192
301236.SZ,20260506,41.53,2.2943,95.28227899999999
301236.SZ,20260507,41.79,2.2943,95.87879699999999
301236.SZ,20260508,41.8,2.2943,95.90173999999999
301236.SZ,20260511,42.71,2.2943,97.98955299999999
301236.SZ,20260512,41.42,2.2943,95.029906
301236.SZ,20260513,41.91,2.2943,96.15411299999998
301236.SZ,20260514,39.5,2.2943,90.62485
301236.SZ,20260515,39.58,2.2943,90.80839399999999
301236.SZ,20260518,40.16,2.2943,92.13908799999999
301236.SZ,20260519,41.05,2.2943,94.18101499999999
301236.SZ,20260520,39.99,2.2943,91.749057
301236.SZ,20260521,38.12,2.2943,87.45871599999998
301236.SZ,20260522,38.55,2.2943,88.44526499999999
301236.SZ,20260525,39.42,2.2943,90.441306
301236.SZ,20260526,38.45,2.2943,88.215835
301236.SZ,20260527,36.5,2.2943,83.74194999999999
301236.SZ,20260528,35.27,2.2943,80.919961
301236.SZ,20260529,33.04,2.2943,75.80367199999999
301236.SZ,20260601,39.65,2.2943,90.96899499999999
301236.SZ,20260602,42.4,2.2943,97.27832
301236.SZ,20260603,43.59,2.2943,100.008537
301236.SZ,20260604,41.58,2.2943,95.39699399999999
301236.SZ,20260605,41.8,2.2943,95.90173999999999
