trade_date,adj_close,adj_factor,ts_code,close
20120328,20.085499999999996,1.39,600332.SH,14.45
20120329,19.7797,1.39,600332.SH,14.23
20120330,18.2924,1.39,600332.SH,13.16
20120405,18.6677,1.39,600332.SH,13.43
20120406,18.1951,1.39,600332.SH,13.09
20120409,17.2499,1.39,600332.SH,12.41
20120410,17.4028,1.39,600332.SH,12.52
20120411,17.236,1.39,600332.SH,12.4
20120413,17.7503,1.39,600332.SH,12.77
20120416,17.3472,1.39,600332.SH,12.48
20120417,17.8059,1.39,600332.SH,12.81
20120418,18.042199999999998,1.39,600332.SH,12.98
20120419,18.2507,1.39,600332.SH,13.13
20120420,18.2368,1.39,600332.SH,13.12
20120423,19.015199999999997,1.39,600332.SH,13.68
20120424,18.4731,1.39,600332.SH,13.29
20120425,18.487,1.39,600332.SH,13.3
20120426,18.0978,1.39,600332.SH,13.02
20120427,18.2924,1.39,600332.SH,13.16
20120502,18.639899999999997,1.39,600332.SH,13.41
20120503,20.502499999999998,1.39,600332.SH,14.75
20120504,20.502499999999998,1.39,600332.SH,14.75
20120507,21.670099999999998,1.39,600332.SH,15.59
20120508,22.0871,1.39,600332.SH,15.89
20120509,22.545799999999996,1.39,600332.SH,16.22
20120510,24.0192,1.39,600332.SH,17.28
20120511,26.4239,1.39,600332.SH,19.01
20120514,29.064899999999998,1.39,600332.SH,20.91
20120515,27.939,1.39,600332.SH,20.1
20120516,29.8294,1.39,600332.SH,21.46
20120517,27.911199999999997,1.39,600332.SH,20.08
20120518,28.54071,1.397,600332.SH,20.43
20120521,29.71419,1.397,600332.SH,21.27
20120522,31.02737,1.397,600332.SH,22.21
20120523,34.12871,1.397,600332.SH,24.43
20120524,34.81324,1.397,600332.SH,24.92
20120525,33.76549,1.397,600332.SH,24.17
20120528,31.2928,1.397,600332.SH,22.4
20120529,32.28467,1.397,600332.SH,23.11
20120530,33.08096,1.397,600332.SH,23.68
20120531,32.56407,1.397,600332.SH,23.31
20120601,32.31261,1.397,600332.SH,23.13
20120604,33.61182,1.397,600332.SH,24.06
20120605,33.3883,1.397,600332.SH,23.9
20120606,31.642049999999998,1.397,600332.SH,22.65
20120607,32.00527,1.397,600332.SH,22.91
20120608,30.678120000000003,1.397,600332.SH,21.96
20120611,29.895799999999998,1.397,600332.SH,21.4
20120612,29.96565,1.397,600332.SH,21.45
20120613,30.63621,1.397,600332.SH,21.93
20120614,29.923740000000002,1.397,600332.SH,21.42
20120615,29.825950000000002,1.397,600332.SH,21.35
20120618,32.06115,1.397,600332.SH,22.95
20120619,34.77133,1.397,600332.SH,24.89
20120620,33.053020000000004,1.397,600332.SH,23.66
20120621,32.32658,1.397,600332.SH,23.14
20120625,31.20898,1.397,600332.SH,22.34
20120626,30.35681,1.397,600332.SH,21.73
20120627,30.34284,1.397,600332.SH,21.72
20120628,31.139129999999998,1.397,600332.SH,22.29
20120629,32.01924,1.397,600332.SH,22.92
20120702,32.43834,1.397,600332.SH,23.22
20120703,31.90748,1.397,600332.SH,22.84
20120704,33.68167,1.397,600332.SH,24.11
20120705,32.07512,1.397,600332.SH,22.96
20120706,34.07283,1.397,600332.SH,24.39
20120709,35.9029,1.397,600332.SH,25.7
20120710,35.74923,1.397,600332.SH,25.59
20120711,39.32555,1.397,600332.SH,28.15
20120712,38.9763,1.397,600332.SH,27.9
20120713,42.87393,1.397,600332.SH,30.69
20120716,43.69816,1.397,600332.SH,31.28
20120717,43.1673,1.397,600332.SH,30.9
20120718,40.680640000000004,1.397,600332.SH,29.12
20120719,40.40124,1.397,600332.SH,28.92
20120720,38.02634,1.397,600332.SH,27.22
20120723,37.91458,1.397,600332.SH,27.14
20120724,38.96233,1.397,600332.SH,27.89
20120725,38.02634,1.397,600332.SH,27.22
20120726,36.210240000000006,1.397,600332.SH,25.92
20120727,35.19043,1.397,600332.SH,25.19
20120730,33.56991,1.397,600332.SH,24.03
20120731,34.19856,1.397,600332.SH,24.48
20120801,35.66541,1.397,600332.SH,25.53
20120802,36.69919,1.397,600332.SH,26.27
20120803,36.57346,1.397,600332.SH,26.18
20120806,36.79698,1.397,600332.SH,26.34
20120807,35.0647,1.397,600332.SH,25.1
20120808,35.97275,1.397,600332.SH,25.75
20120809,36.28009,1.397,600332.SH,25.97
20120810,36.64331,1.397,600332.SH,26.23
20120813,37.45357,1.397,600332.SH,26.81
20120814,39.14394,1.397,600332.SH,28.02
20120815,37.91458,1.397,600332.SH,27.14
20120816,36.57346,1.397,600332.SH,26.18
20120817,36.950649999999996,1.397,600332.SH,26.45
20120820,36.51758,1.397,600332.SH,26.14
20120821,36.97859,1.397,600332.SH,26.47
20120822,37.719,1.397,600332.SH,27.0
20120823,38.235890000000005,1.397,600332.SH,27.37
20120824,36.769040000000004,1.397,600332.SH,26.32
20120827,35.79114,1.397,600332.SH,25.62
20120828,34.63163,1.397,600332.SH,24.79
20120829,34.17062,1.397,600332.SH,24.46
20120830,31.041339999999998,1.397,600332.SH,22.22
20120831,30.62224,1.397,600332.SH,21.92
20120903,31.8516,1.397,600332.SH,22.8
20120904,32.228790000000004,1.397,600332.SH,23.07
20120905,32.131,1.397,600332.SH,23.0
20120906,32.647890000000004,1.397,600332.SH,23.37
20120907,33.77946,1.397,600332.SH,24.18
20120910,33.65373,1.397,600332.SH,24.09
20120911,33.12287,1.397,600332.SH,23.71
20120912,33.472120000000004,1.397,600332.SH,23.96
20120913,34.95294,1.397,600332.SH,25.02
20120914,34.18459,1.397,600332.SH,24.47
20120917,33.68167,1.397,600332.SH,24.11
20120918,32.28467,1.397,600332.SH,23.11
20120919,32.452310000000004,1.397,600332.SH,23.23
20120920,31.600140000000003,1.397,600332.SH,22.62
20120921,29.88183,1.397,600332.SH,21.39
20120924,29.70022,1.397,600332.SH,21.26
20120925,29.65831,1.397,600332.SH,21.23
20120926,28.06573,1.397,600332.SH,20.09
20120927,28.69438,1.397,600332.SH,20.54
20120928,29.0576,1.397,600332.SH,20.8
20121008,29.406850000000002,1.397,600332.SH,21.05
20121009,32.35452,1.397,600332.SH,23.16
20121010,33.12287,1.397,600332.SH,23.71
20121011,32.270700000000005,1.397,600332.SH,23.1
20121012,32.57804,1.397,600332.SH,23.32
20121015,32.84347,1.397,600332.SH,23.51
20121016,32.73171,1.397,600332.SH,23.43
20121017,33.33242,1.397,600332.SH,23.86
20121018,33.61182,1.397,600332.SH,24.06
20121019,33.08096,1.397,600332.SH,23.68
20121022,32.67583,1.397,600332.SH,23.39
20121023,31.544259999999998,1.397,600332.SH,22.58
20121024,30.83179,1.397,600332.SH,22.07
20121025,30.58033,1.397,600332.SH,21.89
20121026,29.71419,1.397,600332.SH,21.27
20121029,30.09138,1.397,600332.SH,21.54
20121030,30.25902,1.397,600332.SH,21.66
20121031,30.049470000000003,1.397,600332.SH,21.51
20121101,31.23692,1.397,600332.SH,22.36
20121102,31.23692,1.397,600332.SH,22.36
20121105,30.38475,1.397,600332.SH,21.75
20121106,29.7561,1.397,600332.SH,21.3
20121107,29.70022,1.397,600332.SH,21.26
20121108,28.903930000000003,1.397,600332.SH,20.69
20121109,28.44292,1.397,600332.SH,20.36
20121112,28.778200000000002,1.397,600332.SH,20.6
20121113,27.99588,1.397,600332.SH,20.04
20121114,28.2194,1.397,600332.SH,20.2
20121115,26.64079,1.397,600332.SH,19.07
20121116,26.920189999999998,1.397,600332.SH,19.27
20121119,26.57094,1.397,600332.SH,19.02
20121120,26.22169,1.397,600332.SH,18.77
20121121,26.543,1.397,600332.SH,19.0
20121122,25.634950000000003,1.397,600332.SH,18.35
20121203,23.07844,1.397,600332.SH,16.52
20121204,23.27402,1.397,600332.SH,16.66
20121205,23.73503,1.397,600332.SH,16.99
20121206,23.91664,1.397,600332.SH,17.12
20121207,24.37765,1.397,600332.SH,17.45
20121210,26.8224,1.397,600332.SH,19.2
20121211,26.57094,1.397,600332.SH,19.02
20121212,26.36139,1.397,600332.SH,18.87
20121213,26.94813,1.397,600332.SH,19.29
20121214,27.758390000000002,1.397,600332.SH,19.87
20121217,27.36723,1.397,600332.SH,19.59
20121218,27.35326,1.397,600332.SH,19.58
20121219,27.031950000000002,1.397,600332.SH,19.35
20121220,26.52903,1.397,600332.SH,18.99
20121221,27.255470000000003,1.397,600332.SH,19.51
20121224,27.63266,1.397,600332.SH,19.78
20121225,27.91206,1.397,600332.SH,19.98
20121226,27.96794,1.397,600332.SH,20.02
20121227,27.101799999999997,1.397,600332.SH,19.4
20121228,27.07386,1.397,600332.SH,19.38
20121231,27.12974,1.397,600332.SH,19.42
20130104,27.660600000000002,1.397,600332.SH,19.8
20130107,30.426660000000002,1.397,600332.SH,21.78
20130108,31.418529999999997,1.397,600332.SH,22.49
20130109,31.0134,1.397,600332.SH,22.2
20130110,31.055310000000002,1.397,600332.SH,22.23
20130111,30.07741,1.397,600332.SH,21.53
20130114,31.51632,1.397,600332.SH,22.56
20130115,32.15894,1.397,600332.SH,23.02
20130116,32.52216,1.397,600332.SH,23.28
20130117,33.34639,1.397,600332.SH,23.87
20130118,33.12287,1.397,600332.SH,23.71
20130121,32.46628,1.397,600332.SH,23.24
20130122,31.33471,1.397,600332.SH,22.43
20130123,31.278830000000003,1.397,600332.SH,22.39
20130124,30.56636,1.397,600332.SH,21.88
20130125,33.094930000000005,1.397,600332.SH,23.69
20130128,33.79343,1.397,600332.SH,24.19
20130129,35.24631,1.397,600332.SH,25.23
20130130,34.61766,1.397,600332.SH,24.78
20130131,35.21837,1.397,600332.SH,25.21
20130201,35.17646,1.397,600332.SH,25.18
20130204,33.93313,1.397,600332.SH,24.29
20130205,35.79114,1.397,600332.SH,25.62
20130206,37.92855,1.397,600332.SH,27.15
20130207,37.69106,1.397,600332.SH,26.98
20130208,37.98443,1.397,600332.SH,27.19
20130218,39.33952,1.397,600332.SH,28.16
20130219,38.375589999999995,1.397,600332.SH,27.47
20130220,40.16375,1.397,600332.SH,28.75
20130221,39.12997,1.397,600332.SH,28.01
20130222,38.431470000000004,1.397,600332.SH,27.51
20130225,38.64102,1.397,600332.SH,27.66
20130226,36.992560000000005,1.397,600332.SH,26.48
20130227,36.97859,1.397,600332.SH,26.47
20130228,39.32555,1.397,600332.SH,28.15
20130301,39.52113,1.397,600332.SH,28.29
20130304,38.66896,1.397,600332.SH,27.68
20130305,40.56888,1.397,600332.SH,29.04
20130306,40.80637,1.397,600332.SH,29.21
20130307,39.17188,1.397,600332.SH,28.04
20130308,39.08806,1.397,600332.SH,27.98
20130311,37.52342,1.397,600332.SH,26.86
20130312,37.188140000000004,1.397,600332.SH,26.62
20130313,37.07638,1.397,600332.SH,26.54
20130314,36.12642,1.397,600332.SH,25.86
20130315,37.25799,1.397,600332.SH,26.67
20130319,37.06241,1.397,600332.SH,26.53
20130320,38.64102,1.397,600332.SH,27.66
20130321,38.93439,1.397,600332.SH,27.87
20130322,42.83202,1.397,600332.SH,30.66
20130325,43.8658,1.397,600332.SH,31.4
20130326,45.41647,1.397,600332.SH,32.51
20130327,44.27093,1.397,600332.SH,31.69
20130328,42.1894,1.397,600332.SH,30.2
20130329,45.69587,1.397,600332.SH,32.71
20130401,45.639990000000004,1.397,600332.SH,32.67
20130402,44.38269,1.397,600332.SH,31.77
20130403,43.27906,1.397,600332.SH,30.98
20130408,47.60976,1.397,600332.SH,34.08
20130409,45.19295,1.397,600332.SH,32.35
20130410,44.340779999999995,1.397,600332.SH,31.74
20130411,43.89374,1.397,600332.SH,31.42
20130412,43.90771,1.397,600332.SH,31.43
20130415,44.48048,1.397,600332.SH,31.84
20130416,43.94962,1.397,600332.SH,31.46
20130417,47.092870000000005,1.397,600332.SH,33.71
20130418,46.96714,1.397,600332.SH,33.62
20130419,47.931070000000005,1.397,600332.SH,34.31
20130422,48.95088,1.397,600332.SH,35.04
20130423,47.30242,1.397,600332.SH,33.86
20130424,51.26990000000001,1.397,600332.SH,36.7
20130425,50.40376,1.397,600332.SH,36.08
20130426,48.96485,1.397,600332.SH,35.05
20130502,49.342040000000004,1.397,600332.SH,35.32
20130503,52.275740000000006,1.397,600332.SH,37.42
20130506,52.275740000000006,1.397,600332.SH,37.42
20130507,53.09997,1.397,600332.SH,38.01
20130508,52.90439,1.397,600332.SH,37.87
20130509,52.48529,1.397,600332.SH,37.57
20130510,54.399179999999994,1.397,600332.SH,38.94
20130513,54.42712,1.397,600332.SH,38.96
20130514,56.089549999999996,1.397,600332.SH,40.15
20130515,56.21528000000001,1.397,600332.SH,40.24
20130516,52.862480000000005,1.397,600332.SH,37.84
20130517,52.77866,1.397,600332.SH,37.78
20130520,51.39563,1.397,600332.SH,36.79
20130521,50.66919000000001,1.397,600332.SH,36.27
20130522,52.26177,1.397,600332.SH,37.41
20130523,50.585370000000005,1.397,600332.SH,36.21
20130524,52.37353,1.397,600332.SH,37.49
20130527,54.76240000000001,1.397,600332.SH,39.2
20130528,54.32933,1.397,600332.SH,38.89
20130529,53.77053,1.397,600332.SH,38.49
20130530,54.9021,1.397,600332.SH,39.3
20130531,53.04409,1.397,600332.SH,37.97
20130603,50.25009,1.397,600332.SH,35.97
20130604,50.89271,1.397,600332.SH,36.43
20130605,49.174400000000006,1.397,600332.SH,35.2
20130606,48.420019999999994,1.397,600332.SH,34.66
20130607,46.56201,1.397,600332.SH,33.33
20130613,45.612049999999996,1.397,600332.SH,32.65
20130614,48.18253000000001,1.397,600332.SH,34.49
20130617,49.509679999999996,1.397,600332.SH,35.44
20130618,48.936910000000005,1.397,600332.SH,35.03
20130619,49.55159,1.397,600332.SH,35.47
20130620,46.29658,1.397,600332.SH,33.14
20130621,46.5201,1.397,600332.SH,33.3
20130624,44.32681,1.397,600332.SH,31.73
20130625,44.57827,1.397,600332.SH,31.91
20130626,46.33849,1.397,600332.SH,33.17
20130627,48.25238,1.397,600332.SH,34.54
20130628,47.861219999999996,1.397,600332.SH,34.26
20130701,50.25009,1.397,600332.SH,35.97
20130702,51.08829,1.397,600332.SH,36.57
20130703,51.28387,1.397,600332.SH,36.71
20130704,49.60747,1.397,600332.SH,35.51
20130705,49.18837,1.397,600332.SH,35.21
20130708,46.96714,1.397,600332.SH,33.62
20130709,47.55388,1.397,600332.SH,34.04
20130710,48.40605,1.397,600332.SH,34.65
20130711,50.02657000000001,1.397,600332.SH,35.81
20130712,49.537620000000004,1.397,600332.SH,35.46
20130715,50.50155,1.397,600332.SH,36.15
20130716,51.10226,1.397,600332.SH,36.58
20130717,49.30013,1.397,600332.SH,35.29
20130718,48.36414,1.397,600332.SH,34.62
20130719,47.80534,1.397,600332.SH,34.22
20130722,48.40605,1.397,600332.SH,34.65
20130723,48.936910000000005,1.397,600332.SH,35.03
20130724,52.17795,1.397,600332.SH,37.35
20130725,51.33975,1.397,600332.SH,36.75
20130726,51.88458,1.397,600332.SH,37.14
20130729,51.870610000000006,1.397,600332.SH,37.13
20130730,49.99863,1.397,600332.SH,35.79
20130731,49.62144000000001,1.397,600332.SH,35.52
20130801,50.55743,1.397,600332.SH,36.19
20130802,50.26405999999999,1.397,600332.SH,35.98
20130805,50.50155,1.397,600332.SH,36.15
20130806,52.51323000000001,1.397,600332.SH,37.59
20130807,51.17211,1.397,600332.SH,36.63
20130808,51.04638,1.397,600332.SH,36.54
20130809,52.1081,1.397,600332.SH,37.3
20130812,52.359559999999995,1.397,600332.SH,37.48
20130813,51.619150000000005,1.397,600332.SH,36.95
20130814,50.83683,1.397,600332.SH,36.39
20130815,50.180240000000005,1.397,600332.SH,35.92
20130816,48.741330000000005,1.397,600332.SH,34.89
20130819,49.09058,1.397,600332.SH,35.14
20130820,47.931070000000005,1.397,600332.SH,34.31
20130821,49.342040000000004,1.397,600332.SH,35.32
20130822,49.02073000000001,1.397,600332.SH,35.09
20130823,48.727360000000004,1.397,600332.SH,34.88
20130826,50.26405999999999,1.397,600332.SH,35.98
20130827,50.13833,1.397,600332.SH,35.89
20130828,49.467769999999994,1.397,600332.SH,35.41
20130829,48.322230000000005,1.397,600332.SH,34.59
20130830,46.46422,1.397,600332.SH,33.26
20130902,47.498,1.397,600332.SH,34.0
20130903,48.7553,1.397,600332.SH,34.9
20130904,47.65167,1.397,600332.SH,34.11
20130905,47.06493,1.397,600332.SH,33.69
20130906,46.71568,1.397,600332.SH,33.44
20130909,46.53407000000001,1.397,600332.SH,33.31
20130910,45.41647,1.397,600332.SH,32.51
20130911,44.94149,1.397,600332.SH,32.17
20130912,44.75988,1.397,600332.SH,32.04
20130913,45.165009999999995,1.397,600332.SH,32.33
20130916,46.29658,1.397,600332.SH,33.14
20130917,44.35475,1.397,600332.SH,31.75
20130918,44.564299999999996,1.397,600332.SH,31.9
20130923,47.484030000000004,1.397,600332.SH,33.99
20130924,46.74362,1.397,600332.SH,33.46
20130925,46.282610000000005,1.397,600332.SH,33.13
20130926,49.579530000000005,1.397,600332.SH,35.49
20130927,49.42586000000001,1.397,600332.SH,35.38
20130930,49.705259999999996,1.397,600332.SH,35.58
20131008,50.44567,1.397,600332.SH,36.11
20131009,49.56556,1.397,600332.SH,35.48
20131010,50.44567,1.397,600332.SH,36.11
20131011,51.758849999999995,1.397,600332.SH,37.05
20131014,52.93233,1.397,600332.SH,37.89
20131015,52.555139999999994,1.397,600332.SH,37.62
20131016,51.591210000000004,1.397,600332.SH,36.93
20131017,50.711099999999995,1.397,600332.SH,36.3
20131018,50.347879999999996,1.397,600332.SH,36.04
20131021,51.71694000000001,1.397,600332.SH,37.02
20131022,50.9905,1.397,600332.SH,36.5
20131023,48.783240000000006,1.397,600332.SH,34.92
20131024,50.1523,1.397,600332.SH,35.9
20131025,48.867059999999995,1.397,600332.SH,34.98
20131028,48.22444000000001,1.397,600332.SH,34.52
20131029,46.95317,1.397,600332.SH,33.61
20131030,47.83328,1.397,600332.SH,34.24
20131031,43.05554,1.397,600332.SH,30.82
20131101,42.48277,1.397,600332.SH,30.41
20131104,40.91813,1.397,600332.SH,29.29
20131105,41.75633,1.397,600332.SH,29.89
20131106,40.87622,1.397,600332.SH,29.26
20131107,37.42563,1.397,600332.SH,26.79
20131108,36.25215,1.397,600332.SH,25.95
20131111,37.42563,1.397,600332.SH,26.79
20131112,39.64686,1.397,600332.SH,28.38
20131113,38.613080000000004,1.397,600332.SH,27.64
20131114,39.702740000000006,1.397,600332.SH,28.42
20131115,40.079930000000004,1.397,600332.SH,28.69
20131118,40.33139,1.397,600332.SH,28.87
20131119,39.21379,1.397,600332.SH,28.07
20131120,39.18585,1.397,600332.SH,28.05
20131121,39.14394,1.397,600332.SH,28.02
20131122,38.403529999999996,1.397,600332.SH,27.49
20131125,38.82263,1.397,600332.SH,27.79
20131126,37.21608,1.397,600332.SH,26.64
20131127,37.50945,1.397,600332.SH,26.85
20131128,39.35349,1.397,600332.SH,28.17
20131129,40.01008,1.397,600332.SH,28.64
20131202,38.22192,1.397,600332.SH,27.36
20131203,40.10787,1.397,600332.SH,28.71
20131204,40.59682,1.397,600332.SH,29.06
20131205,43.01363,1.397,600332.SH,30.79
20131206,44.94149,1.397,600332.SH,32.17
20131216,40.61079,1.397,600332.SH,29.07
20131217,40.750490000000006,1.397,600332.SH,29.17
20131218,39.12997,1.397,600332.SH,28.01
20131219,38.85057,1.397,600332.SH,27.81
20131220,38.96233,1.397,600332.SH,27.89
20131223,39.46525,1.397,600332.SH,28.25
20131224,37.1602,1.397,600332.SH,26.6
20131225,37.4396,1.397,600332.SH,26.8
20131226,36.68522,1.397,600332.SH,26.26
20131227,37.07638,1.397,600332.SH,26.54
20131230,37.45357,1.397,600332.SH,26.81
20131231,38.64102,1.397,600332.SH,27.66
20140102,39.61892,1.397,600332.SH,28.36
20140103,38.94836,1.397,600332.SH,27.88
20140106,37.4396,1.397,600332.SH,26.8
20140107,37.84473,1.397,600332.SH,27.09
20140108,38.22192,1.397,600332.SH,27.36
20140109,37.23005,1.397,600332.SH,26.65
20140110,37.0205,1.397,600332.SH,26.5
20140113,36.90874,1.397,600332.SH,26.42
20140114,37.0205,1.397,600332.SH,26.5
20140115,36.83889,1.397,600332.SH,26.37
20140116,36.92271,1.397,600332.SH,26.43
20140117,36.22421,1.397,600332.SH,25.93
20140120,35.13455,1.397,600332.SH,25.15
20140121,35.37204,1.397,600332.SH,25.32
20140122,36.97859,1.397,600332.SH,26.47
20140123,36.888329999999996,1.401,600332.SH,26.33
20140124,37.05645,1.401,600332.SH,26.45
20140127,36.34194,1.401,600332.SH,25.94
20140128,37.9671,1.401,600332.SH,27.1
20140129,37.77096,1.401,600332.SH,26.96
20140130,37.98111,1.401,600332.SH,27.11
20140207,37.92507,1.401,600332.SH,27.07
20140210,39.676320000000004,1.401,600332.SH,28.32
20140211,41.217420000000004,1.401,600332.SH,29.42
20140212,40.88118,1.401,600332.SH,29.18
20140213,39.48018,1.401,600332.SH,28.18
20140214,40.02657,1.401,600332.SH,28.57
20140217,40.29276,1.401,600332.SH,28.76
20140218,39.29805,1.401,600332.SH,28.05
20140219,40.09662,1.401,600332.SH,28.62
20140220,39.25602,1.401,600332.SH,28.02
20140221,38.86374,1.401,600332.SH,27.74
20140224,37.714920000000006,1.401,600332.SH,26.92
20140225,36.46803,1.401,600332.SH,26.03
20140226,36.77625,1.401,600332.SH,26.25
20140227,36.986399999999996,1.401,600332.SH,26.4
20140228,37.841010000000004,1.401,600332.SH,27.01
20140303,37.827,1.401,600332.SH,27.0
20140304,39.42414,1.401,600332.SH,28.14
20140306,39.213989999999995,1.401,600332.SH,27.99
20140307,38.02314,1.401,600332.SH,27.14
20140310,36.62214,1.401,600332.SH,26.14
20140311,36.8463,1.401,600332.SH,26.3
20140312,37.23858,1.401,600332.SH,26.58
20140313,37.57482,1.401,600332.SH,26.82
20140314,36.566100000000006,1.401,600332.SH,26.1
20140317,37.266600000000004,1.401,600332.SH,26.6
20140318,38.26131,1.401,600332.SH,27.31
20140319,38.51349,1.401,600332.SH,27.49
20140320,37.00041,1.401,600332.SH,26.41
20140321,37.49076,1.401,600332.SH,26.76
20140324,37.04244,1.401,600332.SH,26.44
20140325,37.070460000000004,1.401,600332.SH,26.46
20140326,37.4067,1.401,600332.SH,26.7
20140327,37.05645,1.401,600332.SH,26.45
20140328,36.38397,1.401,600332.SH,25.97
20140331,36.04773,1.401,600332.SH,25.73
20140401,36.83229,1.401,600332.SH,26.29
20140402,36.74823,1.401,600332.SH,26.23
20140403,36.55209,1.401,600332.SH,26.09
20140404,36.36996,1.401,600332.SH,25.96
20140408,36.52407,1.401,600332.SH,26.07
20140409,36.58011,1.401,600332.SH,26.11
20140410,36.566100000000006,1.401,600332.SH,26.1
20140411,36.20184,1.401,600332.SH,25.84
20140414,35.78154,1.401,600332.SH,25.54
20140415,34.87089,1.401,600332.SH,24.89
20140416,35.33322,1.401,600332.SH,25.22
20140417,34.96896,1.401,600332.SH,24.96
20140418,35.319210000000005,1.401,600332.SH,25.21
20140421,35.26317,1.401,600332.SH,25.17
20140422,35.08104,1.401,600332.SH,25.04
20140423,34.71678,1.401,600332.SH,24.78
20140424,33.65202,1.401,600332.SH,24.02
20140425,32.62929,1.401,600332.SH,23.29
20140428,31.48047,1.401,600332.SH,22.47
20140429,31.886760000000002,1.401,600332.SH,22.76
20140430,34.1844,1.401,600332.SH,24.4
20140505,33.595980000000004,1.401,600332.SH,23.98
20140506,33.890190000000004,1.401,600332.SH,24.19
20140507,32.99355,1.401,600332.SH,23.55
20140508,33.38583,1.401,600332.SH,23.83
20140509,34.08633,1.401,600332.SH,24.33
20140512,34.52064,1.401,600332.SH,24.64
20140513,34.19841,1.401,600332.SH,24.41
20140514,34.71678,1.401,600332.SH,24.78
20140515,33.9042,1.401,600332.SH,24.2
20140516,33.09162,1.401,600332.SH,23.62
20140519,32.138940000000005,1.401,600332.SH,22.94
20140520,32.15295,1.401,600332.SH,22.95
20140521,32.43315,1.401,600332.SH,23.15
20140522,32.19498,1.401,600332.SH,22.98
20140523,32.32107,1.401,600332.SH,23.07
20140526,33.4839,1.401,600332.SH,23.9
20140527,33.53994,1.401,600332.SH,23.94
20140528,33.890190000000004,1.401,600332.SH,24.19
20140529,33.38583,1.401,600332.SH,23.83
20140530,35.10906,1.401,600332.SH,25.06
20140603,35.33322,1.401,600332.SH,25.22
20140604,34.29648,1.401,600332.SH,24.48
20140605,35.06703,1.401,600332.SH,25.03
20140606,34.40856,1.401,600332.SH,24.56
20140609,36.299910000000004,1.401,600332.SH,25.91
20140610,36.2859,1.401,600332.SH,25.9
20140611,36.20184,1.401,600332.SH,25.84
20140612,35.921640000000004,1.401,600332.SH,25.64
20140613,35.78154,1.401,600332.SH,25.54
20140616,35.75352,1.401,600332.SH,25.52
20140617,34.82886,1.401,600332.SH,24.86
20140618,34.45059,1.401,600332.SH,24.59
20140619,33.7641,1.401,600332.SH,24.1
20140620,34.10034,1.401,600332.SH,24.34
20140623,33.91821,1.401,600332.SH,24.21
20140624,34.50663,1.401,600332.SH,24.63
20140625,35.22114,1.401,600332.SH,25.14
20140626,35.13708,1.401,600332.SH,25.08
20140627,34.91292,1.401,600332.SH,24.92
20140630,34.87089,1.401,600332.SH,24.89
20140701,35.13708,1.401,600332.SH,25.08
20140702,35.26317,1.401,600332.SH,25.17
20140703,35.64144,1.401,600332.SH,25.44
20140704,35.13708,1.401,600332.SH,25.08
20140707,34.54866,1.401,600332.SH,24.66
20140708,33.00756,1.401,600332.SH,23.56
20140709,32.72736,1.401,600332.SH,23.36
20140710,32.95152,1.401,600332.SH,23.52
20140711,32.447160000000004,1.401,600332.SH,23.16
20140714,32.69934,1.401,600332.SH,23.34
20140715,33.32979,1.401,600332.SH,23.79
20140716,32.96553,1.401,600332.SH,23.53
20140717,32.27904,1.401,600332.SH,23.04
20140718,32.57325,1.401,600332.SH,23.25
20140721,32.69934,1.401,600332.SH,23.34
20140722,32.88147,1.401,600332.SH,23.47
20140723,32.43315,1.401,600332.SH,23.15
20140724,32.72736,1.401,600332.SH,23.36
20140725,33.0636,1.401,600332.SH,23.6
20140728,34.66074,1.401,600332.SH,24.74
20140729,34.73079,1.401,600332.SH,24.79
20140730,35.22274,1.414,600332.SH,24.91
20140731,36.25496,1.414,600332.SH,25.64
20140801,38.92742,1.414,600332.SH,27.53
20140804,38.58806,1.414,600332.SH,27.29
20140805,38.03659999999999,1.414,600332.SH,26.9
20140806,37.513419999999996,1.414,600332.SH,26.53
20140807,37.24476,1.414,600332.SH,26.34
20140808,37.3296,1.414,600332.SH,26.4
20140811,37.49928,1.414,600332.SH,26.52
20140812,36.594319999999996,1.414,600332.SH,25.88
20140813,37.03266,1.414,600332.SH,26.19
20140814,36.424640000000004,1.414,600332.SH,25.76
20140815,36.848839999999996,1.414,600332.SH,26.06
20140818,37.0468,1.414,600332.SH,26.2
20140819,36.80642,1.414,600332.SH,26.03
20140820,36.6226,1.414,600332.SH,25.9
20140821,36.07114,1.414,600332.SH,25.51
20140822,39.13952,1.414,600332.SH,27.68
20140825,37.79622,1.414,600332.SH,26.73
20140826,37.90933999999999,1.414,600332.SH,26.81
20140827,37.42858,1.414,600332.SH,26.47
20140828,37.79622,1.414,600332.SH,26.73
20140829,37.90933999999999,1.414,600332.SH,26.81
20140901,37.767939999999996,1.414,600332.SH,26.71
20140902,38.178,1.414,600332.SH,27.0
20140903,39.493019999999994,1.414,600332.SH,27.93
20140904,39.620279999999994,1.414,600332.SH,28.02
20140905,39.365759999999995,1.414,600332.SH,27.84
20140909,40.0869,1.414,600332.SH,28.35
20140910,39.54958,1.414,600332.SH,27.97
20140911,38.99811999999999,1.414,600332.SH,27.58
20140912,39.0971,1.414,600332.SH,27.65
20140915,38.82844,1.414,600332.SH,27.46
20140916,38.022459999999995,1.414,600332.SH,26.89
20140917,39.26678,1.414,600332.SH,27.77
20140918,38.71532,1.414,600332.SH,27.38
20140919,39.21022,1.414,600332.SH,27.73
20140922,38.489079999999994,1.414,600332.SH,27.22
20140923,38.814299999999996,1.414,600332.SH,27.45
20140924,39.08296,1.414,600332.SH,27.64
20140925,38.44666,1.414,600332.SH,27.19
20140926,38.44666,1.414,600332.SH,27.19
20140929,38.70118,1.414,600332.SH,27.37
20140930,39.39404,1.414,600332.SH,27.86
20141008,40.24244,1.414,600332.SH,28.46
20141009,39.903079999999996,1.414,600332.SH,28.22
20141010,39.43646,1.414,600332.SH,27.89
20141013,39.42232,1.414,600332.SH,27.88
20141014,39.493019999999994,1.414,600332.SH,27.93
20141015,40.66664,1.414,600332.SH,28.76
20141016,40.200019999999995,1.414,600332.SH,28.43
20141017,40.157599999999995,1.414,600332.SH,28.4
20141020,40.46868,1.414,600332.SH,28.62
20141021,39.50716,1.414,600332.SH,27.94
20141022,38.57392,1.414,600332.SH,27.28
20141023,38.03659999999999,1.414,600332.SH,26.9
20141024,38.29111999999999,1.414,600332.SH,27.08
20141027,38.43252,1.414,600332.SH,27.18
20141028,38.92742,1.414,600332.SH,27.53
20141029,39.60614,1.414,600332.SH,28.01
20141030,38.814299999999996,1.414,600332.SH,27.45
20141031,38.5315,1.414,600332.SH,27.25
20141103,38.489079999999994,1.414,600332.SH,27.22
20141104,37.5417,1.414,600332.SH,26.55
20141105,37.69724,1.414,600332.SH,26.66
20141106,37.683099999999996,1.414,600332.SH,26.65
20141107,37.17406,1.414,600332.SH,26.29
20141110,37.79622,1.414,600332.SH,26.73
20141111,36.93368,1.414,600332.SH,26.12
20141112,37.31546,1.414,600332.SH,26.39
20141113,36.91954,1.414,600332.SH,26.11
20141114,37.00438,1.414,600332.SH,26.17
20141117,36.93368,1.414,600332.SH,26.12
20141118,36.4105,1.414,600332.SH,25.75
20141119,37.1882,1.414,600332.SH,26.3
20141120,36.976099999999995,1.414,600332.SH,26.15
20141121,37.0468,1.414,600332.SH,26.2
20141124,37.37202,1.414,600332.SH,26.43
20141125,37.7538,1.414,600332.SH,26.7
20141126,37.35788,1.414,600332.SH,26.42
20141127,37.8245,1.414,600332.SH,26.75
20141128,37.273039999999995,1.414,600332.SH,26.36
20141201,37.5417,1.414,600332.SH,26.55
20141202,38.178,1.414,600332.SH,27.0
20141203,38.33354,1.414,600332.SH,27.11
20150113,42.165479999999995,1.0,,
20150114,42.632099999999994,1.0,,
20150115,41.62816,1.0,,
20150116,44.00368,1.0,,
20150119,44.76724,1.0,,
20150120,45.54494,1.0,,
20150121,45.29042,1.0,,
20150122,45.20558,1.0,,
20150123,44.28648,1.0,,
20150126,44.6117,1.0,,
20150127,43.57948,1.0,,
20150128,43.52292,1.0,,
20150129,42.377579999999995,1.0,,
20150130,42.3493,1.0,,
20150202,42.05235999999999,1.0,,
20150203,43.339099999999995,1.0,,
20150204,42.3493,1.0,,
20150205,41.34535999999999,1.0,,
20150206,40.581799999999994,1.0,,
20150209,41.17568,1.0,,
20150210,42.74522,1.0,,
20150211,42.78764,1.0,,
20150212,42.9149,1.0,,
20150213,43.15528,1.0,,
20150216,43.1977,1.0,,
20150217,43.339099999999995,1.0,,
20150225,44.78138,1.0,,
20150226,44.78138,1.0,,
20150227,44.1168,1.0,,
20150302,44.14507999999999,1.0,,
20150303,43.211839999999995,1.0,,
20150304,43.81986,1.0,,
20150305,43.763299999999994,1.0,,
20150306,42.85834,1.0,,
20150309,42.759359999999994,1.0,,
20150310,43.254259999999995,1.0,,
20150311,43.05629999999999,1.0,,
20150312,42.78764,1.0,,
20150313,43.01388,1.0,,
20150318,44.99348,1.0,,
20150319,44.56928,1.0,,
20150320,45.219719999999995,1.0,,
20150323,45.40354,1.0,,
20150324,45.0359,1.0,,
20150325,47.76492,1.0,,
20150326,47.56696,1.0,,
20150327,49.235479999999995,1.0,,
20150330,49.2779,1.0,,
20150331,48.31638,1.0,,
20150401,48.38708,1.0,,
20150402,48.79713999999999,1.0,,
20150403,49.39102,1.0,,
20150407,50.64948,1.0,,
20150408,49.09408,1.0,,
20150409,47.62352,1.0,,
20150410,48.83956,1.0,,
20150413,49.87178,1.0,,
20150414,50.74846,1.0,,
20150415,48.51434,1.0,,
20150416,50.197,1.0,,
20150417,52.629079999999995,1.0,,
20150420,51.65342,1.0,,
20150421,55.11771999999999,1.0,,
20150422,55.13186,1.0,,
20150423,54.7218,1.0,,
20150424,53.2371,1.0,,
20150427,53.67544,1.0,,
20150428,50.663619999999995,1.0,,
20150429,51.29992,1.0,,
20150430,50.904,1.0,,
20150504,50.904,1.0,,
20150505,51.49788,1.0,,
20150506,51.56858,1.0,,
20150507,48.401219999999995,1.0,,
20150508,49.43344,1.0,,
20150511,52.0352,1.0,,
20150512,51.86552,1.0,,
20150513,51.28578,1.0,,
20150514,52.40284,1.0,,
20150515,51.95036,1.0,,
20150518,50.38082,1.0,,
20150519,51.17265999999999,1.0,,
20150520,51.55444,1.0,,
20150521,53.46334,1.0,,
20150522,54.382439999999995,1.0,,
20150525,56.559999999999995,1.0,,
20150526,56.67312,1.0,,
20150527,55.6409,1.0,,
20150528,54.18448,1.0,,
20150529,59.55767999999999,1.0,,
20150601,63.26236,1.0,,
20150602,63.347199999999994,1.0,,
20150603,66.75493999999999,1.0,,
20150604,65.48234,1.0,,
20150605,63.672419999999995,1.0,,
20150608,63.07854,1.0,,
20150609,63.799679999999995,1.0,,
20150610,64.94502,1.0,,
20150611,66.35902,1.0,,
20150612,64.9733,1.0,,
20150615,62.30084,1.0,,
20150616,60.03844,1.0,,
20150617,59.58596,1.0,,
20150618,57.28113999999999,1.0,,
20150619,52.6008,1.0,,
20150623,55.145999999999994,1.0,,
20150624,55.98026,1.0,,
20150625,52.91188,1.0,,
20150626,47.6518,1.0,,
20150629,44.8238,1.0,,
20150630,48.72644,1.0,,
20150701,48.16084,1.0,,
20150702,44.99348,1.0,,
20150703,43.66432,1.0,,
20150706,45.0359,1.0,,
20150707,40.76562,1.0,,
20150708,36.693299999999994,1.0,,
20150709,40.3697,1.0,,
20150710,44.41374,1.0,,
20150713,48.8537,1.0,,
20150714,47.38314,1.0,,
20150715,42.64624,1.0,,
20150716,43.80572,1.0,,
20150717,46.71856,1.0,,
20150720,46.54888,1.0,,
20150721,46.98721999999999,1.0,,
20150722,46.37919999999999,1.0,,
20150723,47.97702,1.0,,
20150724,47.35486,1.0,,
20150727,42.61796,1.0,,
20150728,41.5009,1.0,,
20150729,43.09872,1.0,,
20150730,41.006,1.0,,
20150731,41.9958,1.0,,
20150803,43.466359999999995,1.0,,
20150804,44.63998,1.0,,
20150805,44.93692,1.0,,
20150806,44.01781999999999,1.0,,
20150807,44.60802,1.0,,
20150810,46.63436,1.0,,
20150811,46.163450000000005,1.0,,
20150812,45.00758,1.0,,
20150813,45.93513,1.0,,
20150814,46.49166,1.0,,
20150817,51.14368,1.0,,
20150818,52.54214,1.0,,
20150819,55.05366,1.0,,
20150820,49.54544,1.0,,
20150821,45.17882,1.0,,
20150824,40.65523,1.0,,
20150825,36.588280000000005,1.0,,
20150826,35.275439999999996,1.0,,
20150827,37.48729,1.0,,
20150828,40.14151,1.0,,
20150831,39.21396,1.0,,
20150901,37.97247,1.0,,
20150902,37.97247,1.0,,
20150907,37.58718,1.0,,
20150908,39.21396,1.0,,
20150909,40.12724,1.0,,
20150910,38.571810000000006,1.0,,
20150911,38.20079,1.0,,
20150914,37.92966,1.0,,
20150915,35.5323,1.0,,
20150916,38.30068,1.0,,
20150917,36.60255,1.0,,
20150918,36.63109,1.0,,
20150921,37.35886,1.0,,
20150922,37.88685,1.0,,
20150923,36.78806,1.0,,
20150924,37.07346,1.0,,
20150925,36.77379,1.0,,
20150928,37.13054,1.0,,
20150929,36.06029,1.0,,
20150930,35.84624,1.0,,
20151008,39.42801,1.0,,
20151009,39.07126,1.0,,
20151012,40.11297,1.0,,
20151013,39.87038,1.0,,
20151014,38.99991,1.0,,
20151015,40.11297,1.0,,
20151016,40.22713,1.0,,
20151019,40.04162,1.0,,
20151020,40.49826,1.0,,
20151021,38.75732,1.0,,
20151022,40.69804,1.0,,
20151023,42.59595,1.0,,
20151026,41.79683,1.0,,
20151027,41.383,1.0,,
20151028,40.14151,1.0,,
20151029,40.72658,1.0,,
20151030,41.34019,1.0,,
20151102,39.94173,1.0,,
20151103,39.58498,1.0,,
20151104,41.29738,1.0,,
20151105,41.29738,1.0,,
20151106,41.910990000000005,1.0,,
20151109,42.59595,1.0,,
20151110,42.65303,1.0,,
20151111,42.424710000000005,1.0,,
20151112,42.71011,1.0,,
20151113,41.58278,1.0,,
20151116,43.02405,1.0,,
20151117,42.81,1.0,,
20151118,41.82537,1.0,,
20151119,42.49606,1.0,,
20151120,42.25347,1.0,,
20151123,41.85391,1.0,,
20151124,41.89672,1.0,,
20151125,42.13931,1.0,,
20151126,41.910990000000005,1.0,,
20151127,39.48509000000001,1.0,,
20151130,38.68597,1.0,,
20151202,40.98344,1.0,,
20151203,40.912090000000006,1.0,,
20151204,40.41264,1.0,,
20151207,41.16895,1.0,,
20151208,41.383,1.0,,
20151209,40.64096,1.0,,
20151210,41.11187,1.0,,
20151211,41.0976,1.0,,
20151214,41.14041,1.0,,
20151215,41.61132,1.0,,
20151216,42.05369,1.0,,
20151217,42.61022,1.0,,
20151218,42.0965,1.0,,
20151221,46.30615,1.0,,
20151222,45.56411,1.0,,
20151223,45.63546,1.0,,
20151224,44.736450000000005,1.0,,
20151225,45.05039,1.0,,
20151228,43.12394,1.0,,
20151229,43.5235,1.0,,
20151230,43.88025,1.0,,
20151231,43.19529,1.0,,
20160104,39.056990000000006,1.0,,
20160105,39.01418,1.0,,
20160106,39.77049,1.0,,
20160107,36.57401,1.0,,
20160108,37.65853,1.0,,
20160111,34.60475,1.0,,
20160112,35.50376,1.0,,
20160113,34.29081,1.0,,
20160114,34.69037,1.0,,
20160115,33.19202000000001,1.0,,
20160118,33.13494,1.0,,
20160119,34.3907,1.0,,
20160120,33.79136,1.0,,
20160121,32.50706,1.0,,
20160122,32.84954,1.0,,
20160125,33.19202000000001,1.0,,
20160126,30.86601,1.0,,
20160127,30.26667,1.0,,
20160128,29.167880000000004,1.0,,
20160129,30.18105,1.0,,
20160201,29.909920000000003,1.0,,
20160202,30.9659,1.0,,
20160203,30.86601,1.0,,
20160204,31.23703,1.0,,
20160205,31.35119,1.0,,
20160215,30.90882,1.0,,
20160216,32.05042,1.0,,
20160217,32.02188,1.0,,
20160218,31.65086,1.0,,
20160219,31.86491,1.0,,
20160222,32.59268,1.0,,
20160223,31.93626,1.0,,
20160224,32.09323,1.0,,
20160225,29.453280000000003,1.0,,
20160226,29.75295,1.0,,
20160229,28.882479999999997,1.0,,
20160301,29.196420000000003,1.0,,
20160302,30.338020000000004,1.0,,
20160303,31.336920000000003,1.0,,
20160304,31.308380000000003,1.0,,
20160307,31.52243,1.0,,
20160308,31.394,1.0,,
20160309,31.279840000000004,1.0,,
20160310,30.42364,1.0,,
20160311,30.594880000000003,1.0,,
20160314,31.35119,1.0,,
20160315,31.75075,1.0,,
20160316,31.75075,1.0,,
20160317,32.36436,1.0,,
20160318,33.00651,1.0,,
20160321,33.27764,1.0,,
20160322,32.90662,1.0,,
20160323,32.86381,1.0,,
20160324,32.30728,1.0,,
20160325,32.49279,1.0,,
20160328,32.80673,1.0,,
20160329,31.8221,1.0,,
20160330,32.69257,1.0,,
20160331,32.62122,1.0,,
20160401,32.52133,1.0,,
20160405,33.50596,1.0,,
20160406,33.69147,1.0,,
20160407,33.04932,1.0,,
20160408,32.44998,1.0,,
20160411,33.52023,1.0,,
20160412,32.97797,1.0,,
20160413,33.34899,1.0,,
20160414,33.37753,1.0,,
20160415,33.29191,1.0,,
20160418,32.6783,1.0,,
20160419,32.57841,1.0,,
20160420,31.46535,1.0,,
20160421,31.2513,1.0,,
20160422,31.26557,1.0,,
20160425,30.90882,1.0,,
20160426,31.57951,1.0,,
20160427,31.60805,1.0,,
20160428,31.63659,1.0,,
20160429,31.45108,1.0,,
20160503,33.063590000000005,1.0,,
20160504,32.9637,1.0,,
20160505,33.04932,1.0,,
20160506,31.92199,1.0,,
20160509,31.40827,1.0,,
20160510,31.17995,1.0,,
20160511,33.34899,1.0,,
20160512,34.27654,1.0,,
20160513,34.14811,1.0,,
20160516,34.40497,1.0,,
20160517,33.705740000000006,1.0,,
20160518,33.19202000000001,1.0,,
20160519,33.07786,1.0,,
20160520,34.3907,1.0,,
20160523,34.26227,1.0,,
20160524,33.93406,1.0,,
20160525,33.29191,1.0,,
20160526,33.220560000000006,1.0,,
20160527,33.220560000000006,1.0,,
20160530,32.821,1.0,,
20160531,34.062490000000004,1.0,,
20160601,33.91979,1.0,,
20160602,35.47522,1.0,,
20160603,35.48949,1.0,,
20160606,35.43241,1.0,,
20160607,35.08993,1.0,,
20160608,34.90442,1.0,,
20160613,33.56304,1.0,,
20160614,33.79136,1.0,,
20160615,34.29081,1.0,,
20160616,33.83417,1.0,,
20160617,33.93406,1.0,,
20160620,34.11957,1.0,,
20160621,33.93406,1.0,,
20160622,34.34789,1.0,,
20160623,34.87588,1.0,,
20160624,34.01968,1.0,,
20160627,34.66183,1.0,,
20160628,35.40387,1.0,,
20160629,35.06139,1.0,,
20160630,35.161280000000005,1.0,,
20160701,34.77599,1.0,,
20160704,35.14701,1.0,,
20160705,35.84624,1.0,,
20160706,37.00211,1.0,,
20160707,36.80233,1.0,,
20160708,36.51693,1.0,,
20160711,37.64426,1.0,,
20160712,39.61352,1.0,,
20160713,39.28531,1.0,,
20160714,39.385200000000005,1.0,,
20160715,38.82867,1.0,,
20160718,38.31495,1.0,,
20160719,37.45875,1.0,,
20160720,37.68707,1.0,,
20160721,38.08663,1.0,,
20160722,37.30178,1.0,,
20160725,38.2436,1.0,,
20160726,39.0998,1.0,,
20160727,37.87258,1.0,,
20160728,39.17115,1.0,,
20160729,38.97137,1.0,,
20160801,37.07346,1.0,,
20160802,37.27324,1.0,,
20160803,37.27324,1.0,,
20160804,37.13054,1.0,,
20160805,36.40277,1.0,,
20160808,37.28751,1.0,,
20160809,37.55864,1.0,,
20160810,36.77379,1.0,,
20160811,36.75952,1.0,,
20160812,37.30178,1.0,,
20160815,38.14371,1.0,,
20160816,37.71561,1.0,,
20160817,37.80123,1.0,,
20160818,37.07346,1.0,,
20160819,37.08773,1.0,,
20160822,36.84514,1.0,,
20160823,37.08773,1.0,,
20160824,36.80233,1.0,,
20160825,36.20299,1.0,,
20160826,36.37423,1.0,,
20160829,36.51693,1.0,,
20160830,36.21726,1.0,,
20160831,36.21726,1.0,,
20160901,36.103100000000005,1.0,,
20160902,36.3885,1.0,,
20160905,36.68817,1.0,,
20160906,36.60255,1.0,,
20160907,36.71671,1.0,,
20160908,36.43131,1.0,,
20160909,36.11737,1.0,,
20160912,35.104200000000006,1.0,,
20160913,35.07566,1.0,,
20160914,34.975770000000004,1.0,,
20160919,35.17555,1.0,,
20160920,35.26117,1.0,,
20160921,35.189820000000005,1.0,,
20160922,35.28971,1.0,,
20160923,35.06139,1.0,,
20160926,34.93296,1.0,,
20160927,35.01858,1.0,,
20160928,35.004310000000004,1.0,,
20160929,34.94723,1.0,,
20160930,34.87588,1.0,,
20161010,35.8177,1.0,,
20161011,35.71781,1.0,,
20161012,35.54657,1.0,,
20161013,35.68927,1.0,,
20161014,35.617920000000005,1.0,,
20161017,35.218360000000004,1.0,,
20161018,35.60365,1.0,,
20161019,35.41814,1.0,,
20161020,35.246900000000004,1.0,,
20161021,35.33252,1.0,,
20161024,35.77489,1.0,,
20161025,35.789159999999995,1.0,,
20161026,36.03175,1.0,,
20161027,35.98894,1.0,,
20161028,35.5323,1.0,,
20161031,35.275439999999996,1.0,,
20161101,38.3863,1.0,,
20161102,37.20189,1.0,,
20161103,37.14481,1.0,,
20161104,36.64536,1.0,,
20161107,36.70244,1.0,,
20161108,36.94503,1.0,,
20161109,36.30288,1.0,,
20161110,36.60255,1.0,,
20161111,36.54547,1.0,,
20161114,36.41704,1.0,,
20161115,36.531200000000005,1.0,,
20161116,36.47412,1.0,,
20161117,36.26007,1.0,,
20161118,36.33142,1.0,,
20161121,36.50266,1.0,,
20161122,36.57401,1.0,,
20161123,36.41704,1.0,,
20161124,36.987840000000006,1.0,,
20161125,36.97357,1.0,,
20161128,36.82536,1.0,,
20161129,36.9408,1.0,,
20161130,36.29145,1.0,,
20161201,36.42132,1.0,,
20161202,35.7864,1.0,,
20161205,35.80083,1.0,,
20161206,35.48337,1.0,,
20161207,35.71425,1.0,,
20161208,35.6421,1.0,,
20161209,35.77197,1.0,,
20161212,35.007180000000005,1.0,,
20161213,34.15581,1.0,,
20161214,33.809490000000004,1.0,,
20161215,33.85278,1.0,,
20161216,33.93936,1.0,,
20161219,33.953790000000005,1.0,,
20161220,33.96822,1.0,,
20161221,34.27125,1.0,,
20161222,34.45884,1.0,,
20161223,34.0548,1.0,,
20161226,34.285680000000006,1.0,,
20161227,33.93936,1.0,,
20161228,33.83835,1.0,,
20161229,33.665189999999996,1.0,,
20161230,34.60314,1.0,,
20170103,34.54542,1.0,,
20170104,34.61757,1.0,,
20170105,34.58871,1.0,,
20170106,34.80516,1.0,,
20170109,34.89174,1.0,,
20170110,34.64643,1.0,,
20170111,34.372260000000004,1.0,,
20170112,34.372260000000004,1.0,,
20170113,34.50213,1.0,,
20170116,34.47327,1.0,,
20170117,34.76187,1.0,,
20170118,35.0649,1.0,,
20170119,34.97832,1.0,,
20170120,35.0649,1.0,,
20170123,34.83402,1.0,,
20170124,34.97832,1.0,,
20170125,35.353500000000004,1.0,,
20170126,35.48337,1.0,,
20170203,35.38236,1.0,,
20170206,35.55552,1.0,,
20170207,35.425650000000005,1.0,,
20170208,35.425650000000005,1.0,,
20170209,35.39679,1.0,,
20170210,35.48337,1.0,,
20170213,36.01728,1.0,,
20170214,36.04614,1.0,,
20170215,36.03171,1.0,,
20170216,35.87298,1.0,,
20170217,35.62767,1.0,,
20170220,36.06057,1.0,,
20170221,36.53676,1.0,,
20170222,36.89751,1.0,,
20170223,36.89751,1.0,,
20170224,36.86865,1.0,,
20170227,37.41699,1.0,,
20170228,37.44585,1.0,,
20170301,38.61468000000001,1.0,,
20170302,38.48481,1.0,,
20170303,39.004290000000005,1.0,,
20170306,38.75898,1.0,,
20170307,38.19621,1.0,,
20170308,38.0952,1.0,,
20170309,38.26836,1.0,,
20170310,39.14859,1.0,,
20170313,40.70703,1.0,,
20170314,40.50501,1.0,,
20170315,40.33185,1.0,,
20170316,40.60602,1.0,,
20170317,40.057680000000005,1.0,,
20170320,40.6926,1.0,,
20170321,42.40977,1.0,,
20170322,42.49635,1.0,,
20170323,42.52521,1.0,,
20170324,42.88596,1.0,,
20170327,41.83257,1.0,,
20170328,41.4141,1.0,,
20170329,41.298660000000005,1.0,,
20170330,40.77918,1.0,,
20170331,41.08221,1.0,,
20170405,40.72146,1.0,,
20170406,40.14426,1.0,,
20170407,40.60602,1.0,,
20170410,41.2698,1.0,,
20170411,40.46172,1.0,,
20170412,40.14426,1.0,,
20170413,40.23084,1.0,,
20170414,39.71136,1.0,,
20170417,40.47615,1.0,,
20170418,40.64931000000001,1.0,,
20170419,40.43286,1.0,,
20170420,42.092310000000005,1.0,,
20170421,42.092310000000005,1.0,,
20170424,41.48625,1.0,,
20170425,40.88019,1.0,,
20170426,41.19765,1.0,,
20170427,40.245270000000005,1.0,,
20170428,39.89895,1.0,,
20170502,39.76908,1.0,,
20170503,39.99996,1.0,,
20170504,39.49491,1.0,,
20170505,38.60025,1.0,,
20170508,38.75898,1.0,,
20170509,37.518,1.0,,
20170510,37.50357,1.0,,
20170511,38.08077,1.0,,
20170512,38.83113,1.0,,
20170515,39.567060000000005,1.0,,
20170516,40.12983,1.0,,
20170517,39.42276,1.0,,
20170518,38.87442,1.0,,
20170519,39.11973,1.0,,
20170522,39.88452,1.0,,
20170523,40.47615,1.0,,
20170524,40.404,1.0,,
20170525,40.88019,1.0,,
20170526,39.76908,1.0,,
20170531,40.44729,1.0,,
20170601,41.038920000000005,1.0,,
20170602,40.49058,1.0,,
20170605,39.85566,1.0,,
20170606,40.02882,1.0,,
20170607,40.64931000000001,1.0,,
20170608,41.81814,1.0,,
20170609,41.65941,1.0,,
20170612,42.17889,1.0,,
20170613,42.20775,1.0,,
20170614,41.60169,1.0,,
20170615,41.226510000000005,1.0,,
20170616,40.88019,1.0,,
20170619,41.02449,1.0,,
20170620,40.30299,1.0,,
20170621,41.1255,1.0,,
20170622,40.36071,1.0,,
20170623,40.99563,1.0,,
20170626,41.67384,1.0,,
20170627,41.81814,1.0,,
20170628,40.95234,1.0,,
20170629,40.8369,1.0,,
20170630,41.90472,1.0,,
20170703,42.25104,1.0,,
20170704,41.847,1.0,,
20170705,41.97687,1.0,,
20170706,40.99563,1.0,,
20170707,40.95234,1.0,,
20170710,40.63488,1.0,,
20170711,40.28856,1.0,,
20170712,39.81237,1.0,,
20170713,39.91338,1.0,,
20170714,40.21641,1.0,,
20170717,39.13272,1.0,,
20170718,38.95776,1.0,,
20170719,39.35142,1.0,,
20170720,39.78882,1.0,,
20170721,39.54096,1.0,,
20170724,39.62844,1.0,,
20170725,39.27852,1.0,,
20170726,38.65158,1.0,,
20170727,38.826539999999994,1.0,,
20170728,38.97234,1.0,,
20170731,39.33684,1.0,,
20170801,39.4389,1.0,,
20170802,38.66616,1.0,,
20170803,38.60784,1.0,,
20170804,38.1996,1.0,,
20170807,39.49722,1.0,,
20170808,39.1473,1.0,,
20170809,39.74508,1.0,,
20170810,39.81798,1.0,,
20170811,39.45348,1.0,,
20170814,39.7305,1.0,,
20170815,39.54096,1.0,,
20170816,38.0538,1.0,,
20170817,38.1267,1.0,,
20170818,38.0538,1.0,,
20170821,39.26394,1.0,,
20170822,39.89088,1.0,,
20170823,40.34286,1.0,,
20170824,40.1679,1.0,,
20170825,40.43034,1.0,,
20170828,40.15332,1.0,,
20170829,39.70134,1.0,,
20170830,40.50324,1.0,,
20170831,40.4595,1.0,,
20170901,40.47408,1.0,,
20170904,40.06584,1.0,,
20170905,40.35744,1.0,,
20170906,39.92004,1.0,,
20170907,40.3866,1.0,,
20170908,39.67218,1.0,,
20170911,39.01608,1.0,,
20170912,39.23478,1.0,,
20170913,39.67218,1.0,,
20170914,40.05126,1.0,,
20170915,40.18248,1.0,,
20170918,40.15332,1.0,,
20170919,40.13874,1.0,,
20170920,39.62844,1.0,,
20170921,39.48264,1.0,,
20170922,39.68676,1.0,,
20170925,40.2408,1.0,,
20170926,39.84714,1.0,,
20170927,40.41576,1.0,,
20170928,40.56156,1.0,,
20170929,40.54698,1.0,,
20171009,41.87376,1.0,,
20171010,42.25284,1.0,,
20171011,42.034139999999994,1.0,,
20171012,42.0633,1.0,,
20171013,42.04872,1.0,,
20171016,42.60276,1.0,,
20171017,41.50926,1.0,,
20171018,44.38152,1.0,,
20171019,44.74602,1.0,,
20171020,44.38152,1.0,,
20171023,46.10196,1.0,,
20171024,46.4373,1.0,,
20171025,46.9476,1.0,,
20171026,46.3644,1.0,,
20171027,46.23318,1.0,,
20171030,46.86012,1.0,,
20180108,43.5213,1.0,,
20180109,43.72542,1.0,,
20180110,42.83604,1.0,,
20180111,42.61734,1.0,,
20180112,43.63794,1.0,,
20180115,44.3232,1.0,,
20180116,44.01702,1.0,,
20180117,42.90894,1.0,,
20180118,42.25284,1.0,,
20180119,42.4278,1.0,,
20180122,42.82146,1.0,,
20180123,42.17994,1.0,,
20180124,42.31116,1.0,,
20180125,42.6465,1.0,,
20180126,42.69024,1.0,,
20180129,42.31116,1.0,,
20180130,40.940639999999995,1.0,,
20180131,40.19706,1.0,,
20180201,40.32828,1.0,,
20180202,39.84714,1.0,,
20180205,39.5118,1.0,,
20180206,38.02464,1.0,,
20180207,36.901979999999995,1.0,,
20180208,37.3977,1.0,,
20180209,35.18154,1.0,,
20180212,35.5023,1.0,,
20180213,36.05634,1.0,,
20180214,35.96886,1.0,,
20180222,36.65412,1.0,,
20180223,36.537479999999995,1.0,,
20180226,37.426860000000005,1.0,,
20180227,37.70388,1.0,,
20180228,37.58724,1.0,,
20180301,37.6893,1.0,,
20180302,37.1061,1.0,,
20180305,37.266479999999994,1.0,,
20180306,38.4912,1.0,,
20180307,38.18502,1.0,,
20180308,39.0015,1.0,,
20180309,39.11814,1.0,,
20180312,39.39516,1.0,,
20180313,38.76822,1.0,,
20180314,38.695319999999995,1.0,,
20180315,39.11814,1.0,,
20180316,39.27852,1.0,,
20180319,40.72194,1.0,,
20180320,42.7194,1.0,,
20180321,42.44238,1.0,,
20180322,42.5736,1.0,,
20180323,42.500699999999995,1.0,,
20180326,43.65252,1.0,,
20180327,44.060759999999995,1.0,,
20180328,42.60276,1.0,,
20180329,42.3549,1.0,,
20180330,44.23572,1.0,,
20180402,43.4484,1.0,,
20180403,42.82146,1.0,,
20180404,42.98184,1.0,,
20180409,43.68168,1.0,,
20180410,43.65252,1.0,,
20180411,42.85062,1.0,,
20180412,42.12162,1.0,,
20180413,41.31972,1.0,,
20180416,41.01354,1.0,,
20180417,41.05728,1.0,,
20180418,40.022099999999995,1.0,,
20180419,44.0316,1.0,,
20180420,44.07534,1.0,,
20180423,44.89182,1.0,,
20180424,44.70228,1.0,,
20180425,46.69974,1.0,,
20180426,46.69974,1.0,,
20180427,51.36534,1.0,,
20180502,54.12096,1.0,,
20180503,54.70416,1.0,,
20180504,55.72476,1.0,,
20180507,59.28227999999999,1.0,,
20180508,56.75994,1.0,,
20180509,56.80368,1.0,,
20180510,58.48038,1.0,,
20180511,55.97262,1.0,,
20180514,57.72222,1.0,,
20180515,63.49589999999999,1.0,,
20180516,62.97102,1.0,,
20180517,61.83377999999999,1.0,,
20180518,61.97958,1.0,,
20180521,61.92126,1.0,,
20180522,62.40239999999999,1.0,,
20180523,62.95644,1.0,,
20180524,62.24202,1.0,,
20180525,62.44613999999999,1.0,,
20180528,63.02933999999999,1.0,,
20180529,62.67942,1.0,,
20180530,60.92982,1.0,,
20180531,64.47276,1.0,,
20180601,59.25312,1.0,,
20180604,59.792579999999994,1.0,,
20180605,62.51904,1.0,,
20180606,62.139959999999995,1.0,,
20180607,62.67942,1.0,,
20180608,61.80462,1.0,,
20180611,61.17768,1.0,,
20180612,64.0791,1.0,,
20180613,62.56278,1.0,,
20180614,60.71112,1.0,,
20180615,58.4658,1.0,,
20180619,57.83886,1.0,,
20180620,58.8303,1.0,,
20180621,55.404,1.0,,
20180622,55.84139999999999,1.0,,
20180625,54.98118,1.0,,
20180626,54.6021,1.0,,
20180627,53.26074,1.0,,
20180628,52.40051999999999,1.0,,
20180629,55.47689999999999,1.0,,
20180702,53.8002,1.0,,
20180703,54.22302,1.0,,
20180704,52.37136,1.0,,
20180705,51.56945999999999,1.0,,
20180706,52.96914,1.0,,
20180709,56.14758,1.0,,
20180710,55.79766,1.0,,
20180711,55.229040000000005,1.0,,
20180712,57.503519999999995,1.0,,
20180713,60.18624,1.0,,
20180716,60.10506,1.0,,
20180717,58.5458,1.0,,
20180718,58.1045,1.0,,
20180719,59.20775,1.0,,
20180720,57.60436,1.0,,
20180723,54.85359,1.0,,
20180724,55.33902,1.0,,
20180725,57.04538,1.0,,
20180726,55.91271,1.0,,
20180727,56.03039000000001,1.0,,
20180730,54.01512,1.0,,
20180731,53.61795000000001,1.0,,
20180801,54.162220000000005,1.0,,
20180802,52.91187,1.0,,
20180803,52.19108,1.0,,
20180806,49.49915,1.0,,
20180807,51.67623,1.0,,
20180808,50.21994,1.0,,
20180809,52.823609999999995,1.0,,
20180810,53.117810000000006,1.0,,
20180813,53.75034,1.0,,
20180814,52.514700000000005,1.0,,
20180815,49.98458,1.0,,
20180816,49.854420000000005,1.0,,
20180817,48.5595,1.0,,
20180820,48.76551,1.0,,
20180821,51.42892500000001,1.0,,
20180822,51.134625,1.0,,
20180823,50.987475,1.0,,
20180824,49.1481,1.0,,
20180827,51.62022,1.0,,
20180828,51.77920000000001,1.0,,
20180829,53.07368,1.0,,
20180830,52.92658,1.0,,
20180831,51.89688,1.0,,
20180903,53.95628,1.0,,
20180904,54.57410000000001,1.0,,
20180905,52.514700000000005,1.0,,
20180906,52.61767000000001,1.0,,
20180907,52.89716000000001,1.0,,
20180910,51.23493,1.0,,
20180911,51.41145000000001,1.0,,
20180912,50.07284,1.0,,
20180913,49.05785,1.0,,
20180914,48.71952,1.0,,
20180917,47.85163000000001,1.0,,
20180918,49.35205,1.0,,
20180919,49.79335,1.0,,
20180920,50.058130000000006,1.0,,
20180921,52.0734,1.0,,
20180925,51.55855,1.0,,
20180926,52.73535,1.0,,
20180927,53.117810000000006,1.0,,
20180928,53.83860000000001,1.0,,
20181008,51.14667000000001,1.0,,
20181009,51.24964000000001,1.0,,
20181010,50.749500000000005,1.0,,
20181011,49.08727,1.0,,
20181012,49.73451000000001,1.0,,
20181015,48.61655,1.0,,
20181016,47.072,1.0,,
20181017,49.32263,1.0,,
20181018,48.44003,1.0,,
20181019,50.175810000000006,1.0,,
20181022,52.3676,1.0,,
20181023,51.117250000000006,1.0,,
20181024,50.19052,1.0,,
20181025,51.99985,1.0,,
20181026,51.3379,1.0,,
20181029,48.2488,1.0,,
20181030,53.07368,1.0,,
20181031,54.22106,1.0,,
20181101,55.38315,1.0,,
20181102,56.47169,1.0,,
20181105,55.824450000000006,1.0,,
20181106,56.55995000000001,1.0,,
20181107,55.91271,1.0,,
20181108,55.824450000000006,1.0,,
20181109,55.88329000000001,1.0,,
20181112,55.78032,1.0,,
20181113,57.42784,1.0,,
20181114,55.32431,1.0,,
20181115,55.86858,1.0,,
20181116,55.04482000000001,1.0,,
20181119,55.29489000000001,1.0,,
20181120,53.61795000000001,1.0,,
20181121,54.162220000000005,1.0,,
20181122,54.22106,1.0,,
20181123,52.73535,1.0,,
20181126,53.13252,1.0,,
20181127,52.76477,1.0,,
20181128,52.92658,1.0,,
20181129,52.54412,1.0,,
20181130,55.72148000000001,1.0,,
20181203,57.927980000000005,1.0,,
20181204,58.163340000000005,1.0,,
20181205,58.2516,1.0,,
20181206,55.824450000000006,1.0,,
20181207,56.03039000000001,1.0,,
20181210,54.57410000000001,1.0,,
20181211,55.72148000000001,1.0,,
20181212,55.574380000000005,1.0,,
20181213,56.14807,1.0,,
20181214,54.412290000000006,1.0,,
20181217,53.76505,1.0,,
20181218,53.26491000000001,1.0,,
20181219,52.02927,1.0,,
20181220,51.63210000000001,1.0,,
20181221,51.77920000000001,1.0,,
20181224,52.70593,1.0,,
20181225,52.35289000000001,1.0,,
20181226,50.98486,1.0,,
20181227,50.83776,1.0,,
20181228,52.60296,1.0,,
20190102,50.411170000000006,1.0,,
20190103,49.04314000000001,1.0,,
20190104,50.36704,1.0,,
20190107,50.175810000000006,1.0,,
20190108,50.014,1.0,,
20190109,51.07312,1.0,,
20190110,51.1908,1.0,,
20190111,51.41145000000001,1.0,,
20190114,50.38175,1.0,,
20190115,53.14723000000001,1.0,,
20190116,53.19136,1.0,,
20190117,52.632380000000005,1.0,,
20190118,54.00041,1.0,,
20190121,53.42672,1.0,,
20190122,52.94129000000001,1.0,,
20190123,53.3973,1.0,,
20190124,53.76505,1.0,,
20190125,53.220780000000005,1.0,,
20190128,53.353170000000006,1.0,,
20190129,53.75034,1.0,,
20190130,53.51498000000001,1.0,,
20190131,49.2785,1.0,,
20190201,49.837480000000006,1.0,,
20190211,50.66124,1.0,,
20190212,52.161660000000005,1.0,,
20190213,52.45586,1.0,,
20190214,52.19108,1.0,,
20190215,51.23493,1.0,,
20190218,53.26491000000001,1.0,,
20190219,53.691500000000005,1.0,,
20190220,53.353170000000006,1.0,,
20190221,52.32347,1.0,,
20190222,51.941010000000006,1.0,,
20190225,53.88273000000001,1.0,,
20190226,54.2799,1.0,,
20190227,53.573820000000005,1.0,,
20190228,55.353730000000006,1.0,,
20190301,55.36844000000001,1.0,,
20190304,55.42728,1.0,,
20190305,55.20663,1.0,,
20190306,56.22162,1.0,,
20190307,54.97127,1.0,,
20190308,53.19136,1.0,,
20190311,54.58881,1.0,,
20190312,54.91243,1.0,,
20190313,54.01512,1.0,,
20190314,55.14779000000001,1.0,,
20190315,55.95684,1.0,,
20190318,59.13420000000001,1.0,,
20190319,58.2516,1.0,,
20190320,57.60436,1.0,,
20190321,57.825010000000006,1.0,,
20190322,57.83972000000001,1.0,,
20190325,56.03039000000001,1.0,,
20190326,55.6038,1.0,,
20190327,56.79531,1.0,,
20190328,55.44199,1.0,,
20190329,57.369,1.0,,
20190401,58.295730000000006,1.0,,
20190402,57.574940000000005,1.0,,
20190403,57.89856,1.0,,
20190404,57.50139000000001,1.0,,
20190408,61.4878,1.0,,
20190409,60.97295,1.0,,
20190410,63.88553,1.0,,
20190411,61.79671,1.0,,
20190412,61.41425,1.0,,
20190415,61.07592000000001,1.0,,
20190416,63.208870000000005,1.0,,
20190417,63.1059,1.0,,
20190418,62.00265,1.0,,
20190419,62.19388000000001,1.0,,
20190422,60.09035000000001,1.0,,
20190423,60.97295,1.0,,
20190424,61.22302,1.0,,
20190425,61.50251000000001,1.0,,
20190426,59.86970000000001,1.0,,
20190429,65.85667000000001,1.0,,
20190430,66.91579,1.0,,
20190506,63.41481,1.0,,
20190507,64.90052,1.0,,
20190508,63.03235000000001,1.0,,
20190509,60.66404000000001,1.0,,
20190510,63.51778,1.0,,
20190513,63.07648000000001,1.0,,
20190514,61.28186,1.0,,
20190515,64.98878,1.0,,
20190516,65.3124,1.0,,
20190517,63.208870000000005,1.0,,
20190520,62.13504,1.0,,
20190521,62.63518,1.0,,
20190522,60.72288,1.0,,
20190523,58.413410000000006,1.0,,
20190524,58.398700000000005,1.0,,
20190527,58.869420000000005,1.0,,
20190528,59.20775,1.0,,
20190529,58.35457,1.0,,
20190530,57.38371,1.0,,
20190531,56.91299,1.0,,
20190603,56.47169,1.0,,
20190604,56.32459,1.0,,
20190605,55.103660000000005,1.0,,
20190606,55.03011,1.0,,
20190610,55.85387,1.0,,
20190611,57.53081,1.0,,
20190612,57.04538,1.0,,
20190613,57.2219,1.0,,
20190614,56.19220000000001,1.0,,
20190617,56.50111,1.0,,
20190618,55.29489000000001,1.0,,
20190619,56.58937,1.0,,
20190620,58.61935,1.0,,
20190621,58.869420000000005,1.0,,
20190624,59.2813,1.0,,
20190625,58.78116000000001,1.0,,
20190626,59.25188000000001,1.0,,
20190627,60.8994,1.0,,
20190628,60.26687,1.0,,
20190701,63.253,1.0,,
20190702,61.97323000000001,1.0,,
20190703,62.32627,1.0,,
20190704,60.53165,1.0,,
20190705,61.4878,1.0,,
20190708,60.31100000000001,1.0,,
20190709,60.38455,1.0,,
20190710,60.50223,1.0,,
20190711,59.55435,1.0,,
20190712,61.42797000000001,1.0,,
20190715,61.48745000000001,1.0,,
20190716,60.89265000000001,1.0,,
20190717,59.89636000000001,1.0,,
20190718,58.00787,1.0,,
20190719,57.48742,1.0,,
20190722,55.62867,1.0,,
20190723,56.37217,1.0,,
20190724,56.41678,1.0,,
20190725,56.77366000000001,1.0,,
20190726,57.13054,1.0,,
20190729,56.654700000000005,1.0,,
20190730,56.550610000000006,1.0,,
20190731,55.97068,1.0,,
20190801,54.2755,1.0,,
20190802,52.77363,1.0,,
20190805,51.40559,1.0,,
20190806,51.77734,1.0,,
20190807,51.55429000000001,1.0,,
20190808,51.7476,1.0,,
20190809,52.03013000000001,1.0,,
20190812,52.4911,1.0,,
20190813,51.64351,1.0,,
20190814,52.81824000000001,1.0,,
20190815,53.74018,1.0,,
20190816,54.60264,1.0,,
20190819,55.123090000000005,1.0,,
20190820,56.78853,1.0,,
20190821,57.041320000000006,1.0,,
20190822,59.13799000000001,1.0,,
20190823,56.506,1.0,,
20190826,56.059900000000006,1.0,,
20190827,56.28295000000001,1.0,,
20190828,55.06361,1.0,,
20190829,56.28295000000001,1.0,,
20190830,54.8703,1.0,,
20190902,55.21231000000001,1.0,,
20190903,54.57290000000001,1.0,,
20190904,54.468810000000005,1.0,,
20190905,54.914910000000006,1.0,,
20190906,55.94094,1.0,,
20190909,55.91120000000001,1.0,,
20190910,55.83685,1.0,,
20190911,55.85172000000001,1.0,,
20190912,55.613800000000005,1.0,,
20190916,55.22718,1.0,,
20190917,54.201150000000005,1.0,,
20190918,53.66583000000001,1.0,,
20190919,53.96323,1.0,,
20190920,54.468810000000005,1.0,,
20190923,53.88888000000001,1.0,,
20190924,53.42791,1.0,,
20190925,52.22344,1.0,,
20190926,51.37585,1.0,,
20190927,51.46507,1.0,,
20190930,51.59890000000001,1.0,,
20191008,52.10448,1.0,,
20191009,52.01526,1.0,,
20191010,52.68441,1.0,,
20191011,52.90746,1.0,,
20191014,53.47252,1.0,,
20191015,53.33869,1.0,,
20191016,53.08590000000001,1.0,,
20191017,52.75876,1.0,,
20191018,53.17512,1.0,,
20191021,52.16396,1.0,,
20191022,52.14909,1.0,,
20191023,51.65838000000001,1.0,,
20191024,51.360980000000005,1.0,,
20191025,52.19370000000001,1.0,,
20191028,52.80337,1.0,,
20191029,50.64722,1.0,,
20191030,49.78476,1.0,,
20191031,50.215990000000005,1.0,,
20191101,51.18254,1.0,,
20191104,51.37585,1.0,,
20191105,51.71786,1.0,,
20191106,51.65838000000001,1.0,,
20191107,52.05987,1.0,,
20191108,51.56916,1.0,,
20191111,50.51339,1.0,,
20191112,50.662090000000006,1.0,,
20191113,50.24573,1.0,,
20191114,50.30521,1.0,,
20191115,49.88885,1.0,,
20191118,50.39443000000001,1.0,,
20191119,50.795919999999995,1.0,,
20191120,50.52826,1.0,,
20191121,50.18625,1.0,,
20191122,49.20483000000001,1.0,,
20191125,49.41301,1.0,,
20191126,50.706700000000005,1.0,,
20191127,49.6658,1.0,,
20191128,49.42788000000001,1.0,,
20191129,49.42788000000001,1.0,,
20191202,49.05613,1.0,,
20191203,48.52081,1.0,,
20191204,48.50594,1.0,,
20191205,48.71412,1.0,,
20191206,48.9223,1.0,,
20191209,48.535680000000006,1.0,,
20191210,48.68438,1.0,,
20191211,49.14535,1.0,,
20191212,48.580290000000005,1.0,,
20191213,49.24944,1.0,,
20191216,50.39443000000001,1.0,,
20191217,50.64722,1.0,,
20191218,50.23086000000001,1.0,,
20191219,50.69183000000001,1.0,,
20191220,50.34982,1.0,,
20191223,49.6658,1.0,,
20191224,50.007810000000006,1.0,,
20191225,50.09703,1.0,,
20191226,50.20112,1.0,,
20191227,50.15651,1.0,,
20191230,50.08216,1.0,,
20191231,52.952070000000006,1.0,,
20200102,52.402649999999994,1.0,,
20200103,52.105329999999995,1.0,,
20200106,51.89720599999999,1.0,,
20200107,51.971536,1.0,,
20200108,50.975514,1.0,,
20200109,51.867474,1.0,,
20200110,52.209391999999994,1.0,,
20200113,52.655372,1.0,,
20200114,52.31345399999999,1.0,,
20200115,52.47697999999999,1.0,,
20200116,51.852608,1.0,,
20200117,52.17966,1.0,,
20200120,56.371872,1.0,,
20200121,57.9774,1.0,,
20200122,54.915004,1.0,,
20200123,56.015088,1.0,,
20200203,55.465046,1.0,,
20200204,54.573086,1.0,,
20200205,57.650348,1.0,,
20200206,59.686989999999994,1.0,,
20200207,56.98137799999999,1.0,,
20200210,55.212323999999995,1.0,,
20200211,54.825808,1.0,,
20200212,54.662282000000005,1.0,,
20200213,53.354074,1.0,,
20200214,53.339208,1.0,,
20200217,53.874384,1.0,,
20200218,55.28665399999999,1.0,,
20200219,54.424426,1.0,,
20200220,54.587951999999994,1.0,,
20200221,54.766344,1.0,,
20200224,54.55822,1.0,,
20200225,54.12710599999999,1.0,,
20200226,52.863496,1.0,,
20200227,52.595908,1.0,,
20200228,50.648461999999995,1.0,,
20200302,51.763411999999995,1.0,,
20200303,52.298587999999995,1.0,,
20200304,51.89720599999999,1.0,,
20200305,52.685103999999995,1.0,,
20200306,52.566176,1.0,,
20200309,51.094441999999994,1.0,,
20200310,51.36202999999999,1.0,,
20200311,50.588998,1.0,,
20200312,49.161862,1.0,,
20200313,47.79418999999999,1.0,,
20200316,48.938872,1.0,,
20200317,47.645529999999994,1.0,,
20200318,46.53058,1.0,,
20200319,44.464206,1.0,,
20200320,45.504825999999994,1.0,,
20200323,44.30068,1.0,,
20200324,44.880454,1.0,,
20200325,46.381919999999994,1.0,,
20200326,47.110354,1.0,,
20200327,46.664373999999995,1.0,,
20200330,46.961693999999994,1.0,,
20200331,46.798168,1.0,,
20200401,45.32643399999999,1.0,,
20200402,45.504825999999994,1.0,,
20200403,45.965672,1.0,,
20200407,46.90223,1.0,,
20200408,46.634642,1.0,,
20200409,46.708972,1.0,,
20200410,46.783302,1.0,,
20200413,47.244148,1.0,,
20200414,47.229282,1.0,,
20200415,48.180705999999994,1.0,,
20200416,47.734725999999995,1.0,,
20200417,46.946828,1.0,,
20200420,47.140086,1.0,,
20200421,46.084599999999995,1.0,,
20200422,46.025136,1.0,,
20200423,46.60491,1.0,,
20200424,45.48996,1.0,,
20200427,45.237238,1.0,,
20200428,44.880454,1.0,,
20200429,45.26696999999999,1.0,,
20200430,45.935939999999995,1.0,,
20200506,46.590044,1.0,,
20200507,46.367054,1.0,,
20200508,46.60491,1.0,,
20200511,46.738704,1.0,,
20200512,46.30759,1.0,,
20200513,47.25901399999999,1.0,,
20200514,46.23326,1.0,,
20200515,45.757548,1.0,,
20200518,45.698083999999994,1.0,,
20200519,46.634642,1.0,,
20200520,46.054868,1.0,,
20200521,45.950806,1.0,,
20200522,44.925051999999994,1.0,,
20200525,44.925051999999994,1.0,,
20200526,45.32643399999999,1.0,,
20200527,45.014248,1.0,,
20200528,44.598,1.0,,
20200529,44.806124,1.0,,
20200601,45.727816,1.0,,
20200602,45.831878,1.0,,
20200603,46.515714,1.0,,
20200604,47.586065999999995,1.0,,
20200605,47.154951999999994,1.0,,
20200608,47.31847799999999,1.0,,
20200609,49.07266599999999,1.0,,
20200610,48.448294,1.0,,
20200611,47.303612,1.0,,
20200612,47.214416,1.0,,
20200615,47.199549999999995,1.0,,
20200616,47.600932,1.0,,
20200617,49.117264,1.0,,
20200618,48.121241999999995,1.0,,
20200619,48.046912,1.0,,
20200622,47.645529999999994,1.0,,
20200623,48.180705999999994,1.0,,
20200624,47.630664,1.0,,
20200629,46.991426,1.0,,
20200630,48.061778,1.0,,
20200701,49.221326,1.0,,
20200702,49.920027999999995,1.0,,
20200703,50.18761599999999,1.0,,
20200706,51.58502,1.0,,
20200707,51.139039999999994,1.0,,
20200708,50.930916,1.0,,
20200709,53.07162,1.0,,
20200710,52.491846,1.0,,
20200713,53.309594,1.0,,
20200714,52.538525,1.0,,
20200715,53.702688,1.0,,
20200716,50.603293,1.0,,
20200717,50.966149,1.0,,
20200720,51.827932,1.0,,
20200721,51.661623000000006,1.0,,
20200722,51.586028,1.0,,
20200723,54.4284,1.0,,
20200724,51.827932,1.0,,
20200727,53.687569,1.0,,
20200728,52.961857,1.0,,
20200729,54.942446,1.0,,
20200730,55.456492,1.0,,
20200731,56.182204,1.0,,
20200803,56.998630000000006,1.0,,
20200804,55.743753,1.0,,
20200805,55.501849,1.0,,
20200806,54.4284,1.0,,
20200807,54.655185,1.0,,
20200810,55.834467,1.0,,
20200811,54.050425,1.0,,
20200812,52.417573,1.0,,
20200813,51.888408,1.0,,
20200814,52.175669,1.0,,
20200817,52.901381,1.0,,
20200818,52.901381,1.0,,
20200819,51.843051,1.0,,
20200820,52.538525,1.0,,
20200821,51.933765,1.0,,
20200824,51.918646,1.0,,
20200825,51.752337,1.0,,
20200826,48.713418,1.0,,
20200827,48.668060999999994,1.0,,
20200828,49.408892,1.0,,
20200831,49.151869,1.0,,
20200901,48.909965,1.0,,
20200902,49.13675,1.0,,
20200903,49.696152999999995,1.0,,
20200904,48.53199,1.0,,
20200907,47.231756,1.0,,
20200908,47.398065,1.0,,
20200909,46.506044,1.0,,
20200910,46.128069,1.0,,
20200911,46.41533,1.0,,
20200914,46.838662,1.0,,
20200915,47.156161,1.0,,
20200916,47.261994,1.0,,
20200917,46.823543,1.0,,
20200918,47.549255,1.0,,
20200921,47.413184,1.0,,
20200922,46.687472,1.0,,
20200923,47.080566000000005,1.0,,
20200924,46.354854,1.0,,
20200925,45.719856,1.0,,
20200928,45.341881,1.0,,
20200929,45.583785,1.0,,
20200930,45.644261,1.0,,
20201009,46.097831,1.0,,
20201012,47.125923,1.0,,
20201013,47.594612,1.0,,
20201014,46.808424,1.0,,
20201015,46.974733,1.0,,
20201016,51.676742,1.0,,
20201019,49.983414,1.0,,
20201020,48.547109,1.0,,
20201021,48.07842,1.0,,
20201022,47.62485,1.0,,
20201023,46.974733,1.0,,
20201026,46.611877,1.0,,
20201027,46.642115,1.0,,
20201028,46.218783,1.0,,
20201029,46.944495,1.0,,
20201030,46.143188,1.0,,
20201102,45.780332,1.0,,
20201103,46.249021,1.0,,
20201104,46.052474,1.0,,
20201105,46.763067,1.0,,
20201106,46.581639,1.0,,
20201109,47.141042,1.0,,
20201110,47.17128,1.0,,
20201111,46.506044,1.0,,
20201112,46.56652,1.0,,
20201113,46.218783,1.0,,
20201116,46.460687,1.0,,
20201117,46.823543,1.0,,
20201118,47.156161,1.0,,
20201119,47.156161,1.0,,
20201120,47.17128,1.0,,
20201123,47.745802,1.0,,
20201124,47.473659999999995,1.0,,
20201125,46.989852,1.0,,
20201126,46.581639,1.0,,
20201127,46.899138,1.0,,
20201130,46.264140000000005,1.0,,
20201201,47.216637,1.0,,
20201202,47.201518,1.0,,
20201203,47.413184,1.0,,
20201204,47.32247,1.0,,
20201207,46.687472,1.0,,
20201208,46.264140000000005,1.0,,
20201209,45.780332,1.0,,
20201210,46.11295,1.0,,
20201211,45.432595,1.0,,
20201214,45.568666,1.0,,
20201215,45.65938,1.0,,
20201216,45.583785,1.0,,
20201217,45.734975,1.0,,
20201218,45.341881,1.0,,
20201221,45.160453,1.0,,
20201222,45.96176,1.0,,
20201223,44.994144000000006,1.0,,
20201224,43.8451,1.0,,
20201225,43.950933,1.0,,
20201228,43.72414800000001,1.0,,
20201229,43.72414800000001,1.0,,
20201230,43.799743,1.0,,
20201231,44.223075,1.0,,
20210104,44.283551,1.0,,
20210105,46.71771,1.0,,
20210106,45.991998,1.0,,
20210107,45.36,1.0,,
20210108,45.61704,1.0,,
20210111,44.63424,1.0,,
20210112,44.86104,1.0,,
20210113,44.5284,1.0,,
20210114,44.86104,1.0,,
20210115,44.7552,1.0,,
20210118,44.982,1.0,,
20210119,45.02736,1.0,,
20210120,45.2844,1.0,,
20210121,45.26928,1.0,,
20210122,45.60192,1.0,,
20210125,44.4528,1.0,,
20210126,43.53048,1.0,,
20210127,43.89336,1.0,,
20210128,42.98616,1.0,,
20210129,41.97312,1.0,,
20210201,42.13944,1.0,,
20210202,42.42672,1.0,,
20210203,41.82192,1.0,,
20210204,40.92984,1.0,,
20210205,41.186879999999995,1.0,,
20210208,42.7896,1.0,,
20210209,43.56072,1.0,,
20210210,43.53048,1.0,,
20210218,43.93872,1.0,,
20210219,44.21088,1.0,,
20210222,44.21088,1.0,,
20210223,44.49816,1.0,,
20210224,43.6968,1.0,,
20210225,43.9236,1.0,,
20210226,43.65144,1.0,,
20210301,44.69472,1.0,,
20210302,44.5284,1.0,,
20210303,44.86104,1.0,,
20210304,44.54352,1.0,,
20210305,44.5284,1.0,,
20210308,43.57584,1.0,,
20210309,43.83288,1.0,,
20210310,42.95592,1.0,,
20210311,43.60608,1.0,,
20210312,43.45488,1.0,,
20210315,43.590959999999995,1.0,,
20210316,44.28648,1.0,,
20210317,44.226,1.0,,
20210318,44.39232,1.0,,
20210319,43.6968,1.0,,
20210322,42.66864,1.0,,
20210323,42.078959999999995,1.0,,
20210324,42.15456,1.0,,
20210325,42.09408,1.0,,
20210326,42.336,1.0,,
20210329,42.4872,1.0,,
20210330,41.98824,1.0,,
20210331,42.1092,1.0,,
20210401,42.29064,1.0,,
20210402,42.21504,1.0,,
20210406,42.078959999999995,1.0,,
20210407,42.078959999999995,1.0,,
20210408,42.15456,1.0,,
20210409,41.83704,1.0,,
20210412,41.17176,1.0,,
20210413,41.2776,1.0,,
20210414,41.54976,1.0,,
20210415,41.24736,1.0,,
20210416,41.59512,1.0,,
20210419,42.078959999999995,1.0,,
20210420,41.86728,1.0,,
20210421,42.30576,1.0,,
20210422,42.06384,1.0,,
20210423,41.86728,1.0,,
20210426,42.00336,1.0,,
20210427,42.320879999999995,1.0,,
20210428,44.5284,1.0,,
20210429,44.63424,1.0,,
20210430,46.32768,1.0,,
20210506,45.69264,1.0,,
20210507,45.34488,1.0,,
20210510,45.34488,1.0,,
20210511,46.10088,1.0,,
20210512,46.116,1.0,,
20210513,47.41632,1.0,,
20210514,47.25,1.0,,
20210517,46.9476,1.0,,
20210518,48.05136,1.0,,
20210519,47.5524,1.0,,
20210520,47.26512,1.0,,
20210521,47.43144,1.0,,
20210524,46.93248,1.0,,
20210525,47.49192,1.0,,
20210526,48.36888,1.0,,
20210527,48.474720000000005,1.0,,
20210528,47.67336,1.0,,
20210531,48.80736,1.0,,
20210601,48.32352,1.0,,
20210602,47.59776,1.0,,
20210603,47.91528,1.0,,
20210604,48.1572,1.0,,
20210607,47.1744,1.0,,
20210608,47.0988,1.0,,
20210609,46.67544,1.0,,
20210610,45.90432,1.0,,
20210611,45.2088,1.0,,
20210615,45.26928,1.0,,
20210616,44.7552,1.0,,
20210617,44.99712,1.0,,
20210618,44.604,1.0,,
20210621,45.4146,1.0,,
20210622,46.0614,1.0,,
20210623,46.0922,1.0,,
20210624,46.1384,1.0,,
20210625,46.1538,1.0,,
20210628,50.05,1.0,,
20210629,51.74400000000001,1.0,,
20210630,52.129000000000005,1.0,,
20210701,54.7778,1.0,,
20210702,55.6556,1.0,,
20210705,54.3158,1.0,,
20210706,52.32919999999999,1.0,,
20210707,52.6526,1.0,,
20210708,50.450399999999995,1.0,,
20210709,49.742,1.0,,
20210712,49.8036,1.0,,
20210713,50.4966,1.0,,
20210714,50.204,1.0,,
20210715,49.695800000000006,1.0,,
20210716,49.7728,1.0,,
20210719,52.514,1.0,,
20210720,51.666999999999994,1.0,,
20210721,51.4822,1.0,,
20210722,50.3734,1.0,,
20210723,48.7102,1.0,,
20210726,47.262600000000006,1.0,,
20210727,46.123,1.0,,
20210728,46.6312,1.0,,
20210729,46.8468,1.0,,
20210730,46.2,1.0,,
20210802,47.4166,1.0,,
20210803,47.8016,1.0,,
20210804,47.74,1.0,,
20210805,47.509,1.0,,
20210806,46.3232,1.0,,
20210809,47.3704,1.0,,
20210810,47.432,1.0,,
20210811,46.8622,1.0,,
20210812,46.7236,1.0,,
20210813,46.8622,1.0,,
20210816,47.9094,1.0,,
20210817,46.662,1.0,,
20210818,47.6322,1.0,,
20210819,47.4166,1.0,,
20210820,46.2,1.0,,
20210823,46.107600000000005,1.0,,
20210824,46.431,1.0,,
20210825,47.3396,1.0,,
20210826,46.4002,1.0,,
20210827,45.7688,1.0,,
20210830,45.1836,1.0,,
20210831,45.3684,1.0,,
20210901,46.123,1.0,,
20210902,45.7842,1.0,,
20210903,47.1394,1.0,,
20210906,48.4022,1.0,,
20210907,48.2174,1.0,,
20210908,48.3406,1.0,,
20210909,48.7256,1.0,,
20210910,48.6486,1.0,,
20210913,48.4176,1.0,,
20210914,47.817,1.0,,
20210915,47.1856,1.0,,
20210916,46.2154,1.0,,
20210917,46.6312,1.0,,
20210922,46.3694,1.0,,
20210923,47.278,1.0,,
20210924,47.1702,1.0,,
20210927,47.6322,1.0,,
20210928,46.6158,1.0,,
20210929,45.7842,1.0,,
20210930,45.8458,1.0,,
20211008,46.739,1.0,,
20211011,46.8622,1.0,,
20211012,46.354000000000006,1.0,,
20211013,47.432,1.0,,
20211014,46.384800000000006,1.0,,
20211015,46.508,1.0,,
20211018,46.123,1.0,,
20211019,46.508,1.0,,
20211020,46.2308,1.0,,
20211021,45.8766,1.0,,
20211022,45.892,1.0,,
20211025,45.661,1.0,,
20211026,46.5388,1.0,,
20211027,44.8448,1.0,,
20211028,44.6908,1.0,,
20211029,44.8448,1.0,,
20211101,45.0142,1.0,,
20211102,44.352,1.0,,
20211103,44.4444,1.0,,
20211104,44.598400000000005,1.0,,
20211105,44.8294,1.0,,
20211108,44.6138,1.0,,
20211109,44.8448,1.0,,
20211110,45.0604,1.0,,
20211111,45.0758,1.0,,
20211112,44.7524,1.0,,
20211115,45.0142,1.0,,
20211116,45.2606,1.0,,
20211117,45.44540000000001,1.0,,
20211118,44.8602,1.0,,
20211119,45.0142,1.0,,
20211122,44.7832,1.0,,
20211123,44.8448,1.0,,
20211124,44.8448,1.0,,
20211125,45.892,1.0,,
20211126,45.3376,1.0,,
20211129,45.3992,1.0,,
20211130,45.2452,1.0,,
20211201,45.2606,1.0,,
20211202,45.2144,1.0,,
20211203,45.3068,1.0,,
20211206,45.507000000000005,1.0,,
20211207,46.1846,1.0,,
20211208,46.2308,1.0,,
20211209,46.662,1.0,,
20211210,46.107600000000005,1.0,,
20211213,46.046,1.0,,
20211214,46.0614,1.0,,
20211215,45.6302,1.0,,
20211216,45.8766,1.0,,
20211217,46.076800000000006,1.0,,
20211220,47.4012,1.0,,
20211221,47.1856,1.0,,
20211222,48.587,1.0,,
20211223,48.8488,1.0,,
20211224,50.3734,1.0,,
20211227,51.0818,1.0,,
20211228,50.18860000000001,1.0,,
20211229,49.5418,1.0,,
20211230,49.711200000000005,1.0,,
20211231,52.668000000000006,1.0,,
20220104,53.1146,1.0,,
20220105,52.3754,1.0,,
20220106,54.3466,1.0,,
20220107,52.0212,1.0,,
20220110,52.5602,1.0,,
20220111,53.946200000000005,1.0,,
20220112,52.3754,1.0,,
20220113,50.3888,1.0,,
20220114,50.80460000000001,1.0,,
20220117,50.82,1.0,,
20220118,50.743,1.0,,
20220119,49.8036,1.0,,
20220120,49.711200000000005,1.0,,
20220121,48.2636,1.0,,
20220124,47.724599999999995,1.0,,
20220125,46.046,1.0,,
20220126,45.9228,1.0,,
20220127,45.0296,1.0,,
20220128,44.814,1.0,,
20220207,45.2606,1.0,,
20220208,45.7534,1.0,,
20220209,46.6158,1.0,,
20220210,46.662,1.0,,
20220211,45.5532,1.0,,
20220214,45.43,1.0,,
20220215,45.9998,1.0,,
20220216,45.9998,1.0,,
20220217,45.584,1.0,,
20220218,45.7996,1.0,,
20220221,46.3078,1.0,,
20220222,45.969,1.0,,
20220223,46.1846,1.0,,
20220224,45.5994,1.0,,
20220225,45.8458,1.0,,
20220228,45.8766,1.0,,
20220301,45.7688,1.0,,
20220302,46.1692,1.0,,
20220303,46.6158,1.0,,
20220304,46.7544,1.0,,
20220307,46.1692,1.0,,
20220308,43.89,1.0,,
20220309,42.5194,1.0,,
20220310,44.3982,1.0,,
20220311,45.3376,1.0,,
20220314,44.7062,1.0,,
20220315,42.119,1.0,,
20220316,43.3048,1.0,,
20220317,44.7216,1.0,,
20220318,46.123,1.0,,
20220321,46.508,1.0,,
20220322,46.384800000000006,1.0,,
20220323,46.893,1.0,,
20220324,47.1086,1.0,,
20220325,46.8622,1.0,,
20220328,46.9084,1.0,,
20220329,47.7708,1.0,,
20220330,48.1558,1.0,,
20220331,48.2944,1.0,,
20220401,47.8016,1.0,,
20220406,48.433,1.0,,
20220407,47.278,1.0,,
20220408,46.508,1.0,,
20220411,46.2154,1.0,,
20220412,46.508,1.0,,
20220413,45.5532,1.0,,
20220414,45.8612,1.0,,
20220415,45.661,1.0,,
20220418,44.8294,1.0,,
20220419,45.276,1.0,,
20220420,44.8448,1.0,,
20220421,43.5974,1.0,,
20220422,43.5512,1.0,,
20220425,41.6262,1.0,,
20220426,41.888,1.0,,
20220427,43.428,1.0,,
20220428,44.1518,1.0,,
20220429,44.7062,1.0,,
20220505,46.107600000000005,1.0,,
20220506,45.045,1.0,,
20220509,45.43,1.0,,
20220510,45.969,1.0,,
20220511,46.1846,1.0,,
20220512,46.6928,1.0,,
20220513,47.0932,1.0,,
20220516,46.6466,1.0,,
20220517,46.4002,1.0,,
20220518,45.969,1.0,,
20220519,45.738,1.0,,
20220520,46.3232,1.0,,
20220523,46.6312,1.0,,
20220524,45.2144,1.0,,
20220525,45.8458,1.0,,
20220526,46.7852,1.0,,
20220527,46.6004,1.0,,
20220530,47.4474,1.0,,
20220531,47.663,1.0,,
20220601,46.97,1.0,,
20220602,46.4002,1.0,,
20220606,46.4618,1.0,,
20220607,48.3406,1.0,,
20220608,48.0018,1.0,,
20220609,47.2472,1.0,,
20220610,47.5244,1.0,,
20220613,47.3704,1.0,,
20220614,47.3858,1.0,,
20220615,47.586,1.0,,
20220616,48.3098,1.0,,
20220617,48.119775999999995,1.0,,
20220620,48.49768,1.0,,
20220621,48.308728,1.0,,
20220622,48.308728,1.0,,
20220623,49.190504,1.0,,
20220624,49.395202000000005,1.0,,
20220627,48.97006,1.0,,
20220628,49.174758,1.0,,
20220629,48.292982,1.0,,
20220630,49.741614,1.0,,
20220701,48.718124,1.0,,
20220704,49.883328,1.0,,
20220705,49.379456,1.0,,
20220706,48.214252,1.0,,
20220707,48.355966,1.0,,
20220708,48.513425999999995,1.0,,
20220711,48.607902,1.0,,
20220712,47.411206,1.0,,
20220713,47.15927,1.0,,
20220714,46.608160000000005,1.0,,
20220715,45.931082,1.0,,
20220718,46.041304,1.0,,
20220719,46.120034,1.0,,
20220720,46.387716000000005,1.0,,
20220721,46.592414,1.0,,
20220722,46.324732,1.0,,
20220725,46.434954,1.0,,
20220726,46.308986,1.0,,
20220727,46.120034,1.0,,
20220728,46.120034,1.0,,
20220729,45.379972,1.0,,
20220801,45.379972,1.0,,
20220802,43.868356,1.0,,
20220803,44.309244,1.0,,
20220804,45.002067999999994,1.0,,
20220805,45.222511999999995,1.0,,
20220808,45.222511999999995,1.0,,
20220809,44.781624,1.0,,
20220810,43.348738,1.0,,
20220811,43.458960000000005,1.0,,
20220812,43.899848,1.0,,
20220815,43.994324,1.0,,
20220816,43.836864,1.0,,
20220817,44.104546,1.0,,
20220818,43.852610000000006,1.0,,
20220819,43.710896000000005,1.0,,
20220822,43.254262,1.0,,
20220823,42.955088,1.0,,
20220824,42.466961999999995,1.0,,
20220825,42.860612,1.0,,
20220826,42.892104,1.0,,
20220829,42.687406,1.0,,
20220830,42.59293,1.0,,
20220831,42.82912,1.0,,
20220901,43.002326,1.0,,
20220902,42.939342,1.0,,
20220905,42.781882,1.0,,
20220906,43.033818,1.0,,
20220907,42.876358,1.0,,
20220908,42.687406,1.0,,
20220909,43.096802,1.0,,
20220913,43.490452000000005,1.0,,
20220914,43.22277,1.0,,
20220915,42.923596,1.0,,
20220916,42.04182,1.0,,
20220919,41.380488,1.0,,
20220920,41.396234,1.0,,
20220921,41.317504,1.0,,
20220922,40.876616,1.0,,
20220923,40.892362,1.0,,
20220926,40.042078,1.0,,
20220927,40.734902,1.0,,
20220928,40.561696000000005,1.0,,
20220929,40.38849,1.0,,
20220930,40.876616,1.0,,
20221010,40.46722,1.0,,
20221011,40.38849,1.0,,
20221012,41.144298,1.0,,
20221013,41.380488,1.0,,
20221014,42.529946,1.0,,
20221017,42.67166,1.0,,
20221018,43.884102,1.0,,
20221019,42.781882,1.0,,
20221020,42.624422,1.0,,
20221021,42.766136,1.0,,
20221024,41.553694,1.0,,
20221025,40.372744,1.0,,
20221026,42.403978,1.0,,
20221027,44.104546,1.0,,
20221028,42.640168,1.0,,
20221031,42.498453999999995,1.0,,
20221101,43.191278,1.0,,
20221102,43.947086,1.0,,
20221103,43.584928,1.0,,
20221104,44.01007,1.0,,
20221107,44.104546,1.0,,
20221108,43.805372,1.0,,
20221109,44.655656,1.0,,
20221110,45.74213,1.0,,
20221111,45.206766,1.0,,
20221114,47.489936,1.0,,
20221115,47.253746,1.0,,
20221116,45.883844,1.0,,
20221117,46.718382000000005,1.0,,
20221118,47.112032,1.0,,
20221121,47.584412,1.0,,
20221122,46.356224000000005,1.0,,
20221123,45.301242,1.0,,
20221124,45.521686,1.0,,
20221125,45.474447999999995,1.0,,
20221128,45.474447999999995,1.0,,
20221129,46.29324,1.0,,
20221130,46.151526,1.0,,
20221201,50.198248,1.0,,
20221202,48.828346,1.0,,
20221205,51.001294,1.0,,
20221206,49.710122,1.0,,
20221207,52.59164,1.0,,
20221208,51.221738,1.0,,
20221209,50.62339,1.0,,
20221212,54.418176,1.0,,
20221213,54.843318,1.0,,
20221214,51.583896,1.0,,
20221215,51.363451999999995,1.0,,
20221216,51.520912,1.0,,
20221219,49.111774,1.0,,
20221220,48.859838,1.0,,
20221221,48.73387,1.0,,
20221222,48.009553999999994,1.0,,
20221223,47.505682,1.0,,
20221226,47.269492,1.0,,
20221227,46.718382000000005,1.0,,
20221228,46.828604,1.0,,
20221229,47.348222,1.0,,
20221230,46.907334,1.0,,
20230103,47.55292,1.0,,
20230104,47.537174,1.0,,
20230105,47.489936,1.0,,
20230106,46.608160000000005,1.0,,
20230109,46.84435,1.0,,
20230110,46.970318,1.0,,
20230111,46.403462,1.0,,
20230112,46.466446000000005,1.0,,
20230113,47.15927,1.0,,
20230116,47.694634,1.0,,
20230117,47.489936,1.0,,
20230118,47.206508,1.0,,
20230119,47.521428,1.0,,
20230120,47.773364,1.0,,
20230130,47.836348,1.0,,
20230131,47.663142,1.0,,
20230201,47.852094,1.0,,
20230202,48.214252,1.0,,
20230203,47.489936,1.0,,
20230206,46.812858,1.0,,
20230207,46.671144,1.0,,
20230208,46.576668,1.0,,
20230209,46.875842,1.0,,
20230210,46.891588,1.0,,
20230213,47.47419,1.0,,
20230214,47.71038,1.0,,
20230215,47.568666,1.0,,
20230216,47.804856,1.0,,
20230217,48.10403,1.0,,
20230220,48.639394,1.0,,
20230221,49.017298,1.0,,
20230222,48.686632,1.0,,
20230223,48.41895,1.0,,
20230224,48.387458,1.0,,
20230227,48.403203999999995,1.0,,
20230228,49.710122,1.0,,
20230301,49.91482,1.0,,
20230302,51.221738,1.0,,
20230303,50.859579999999994,1.0,,
20230306,52.7491,1.0,,
20230307,51.583896,1.0,,
20230308,51.56815,1.0,,
20230309,51.410689999999995,1.0,,
20230310,51.158754,1.0,,
20230313,52.056276,1.0,,
20230314,51.426435999999995,1.0,,
20230315,52.35545,1.0,,
20230316,52.764846,1.0,,
20230317,52.213736,1.0,,
20230320,49.615646000000005,1.0,,
20230321,50.07228,1.0,,
20230322,49.552662,1.0,,
20230323,49.883328,1.0,,
20230324,48.844092,1.0,,
20230327,48.403203999999995,1.0,,
20230328,49.379456,1.0,,
20230329,49.44244,1.0,,
20230330,49.505424000000005,1.0,,
20230331,52.087768,1.0,,
20230403,52.04053,1.0,,
20230404,53.22147999999999,1.0,,
20230406,53.23722600000001,1.0,,
20230407,52.843576000000006,1.0,,
20230410,52.890814000000006,1.0,,
20230411,53.37894,1.0,,
20230412,53.630876,1.0,,
20230413,54.07176400000001,1.0,,
20230414,53.819828,1.0,,
20230417,54.08751,1.0,,
20230418,54.71735,1.0,,
20230419,54.355192,1.0,,
20230420,53.961542,1.0,,
20230421,53.410432,1.0,,
20230424,53.12700400000001,1.0,,
20230425,52.922306,1.0,,
20230426,52.98529,1.0,,
20230427,55.315698000000005,1.0,,
20230428,52.701862,1.0,,
20230504,54.449668,1.0,,
20230505,52.890814000000006,1.0,,
20230508,56.024268,1.0,,
20230509,55.142492,1.0,,
20230510,54.197732,1.0,,
20230511,53.410432,1.0,,
20230512,53.28446400000001,1.0,,
20230515,52.780592000000006,1.0,,
20230516,53.28446400000001,1.0,,
20230517,53.45767000000001,1.0,,
20230518,52.98529,1.0,,
20230519,53.5364,1.0,,
20230522,53.914304,1.0,,
20230523,53.30021,1.0,,
20230524,51.56815,1.0,,
20230525,51.426435999999995,1.0,,
20230526,56.575378,1.0,,
20230529,57.835058,1.0,,
20230530,56.84306,1.0,,
20230531,56.52814,1.0,,
20230601,54.495,1.0,,
20230602,54.3375,1.0,,
20230605,54.76275,1.0,,
20230606,52.794,1.0,,
20230607,53.62875,1.0,,
20230608,53.15625,1.0,,
20230609,52.93575,1.0,,
20230612,52.730999999999995,1.0,,
20230613,52.290000000000006,1.0,,
20230614,52.40025000000001,1.0,,
20230615,52.038,1.0,,
20230616,52.164,1.0,,
20230619,51.92250000000001,1.0,,
20230620,51.63270000000001,1.0,,
20230621,50.61840000000001,1.0,,
20230626,49.6041,1.0,,
20230627,50.6023,1.0,,
20230628,51.2302,1.0,,
20230629,51.7776,1.0,,
20230630,51.3268,1.0,,
20230703,50.9404,1.0,,
20230704,50.876000000000005,1.0,,
20230705,50.232,1.0,,
20230706,49.845600000000005,1.0,,
20230707,50.5379,1.0,,
20230710,50.393,1.0,,
20230711,50.7955,1.0,,
20230712,50.2964,1.0,,
20230713,50.6989,1.0,,
20230714,50.3769,1.0,,
20230717,50.6828,1.0,,
20230718,50.393,1.0,,
20230719,50.232,1.0,,
20230720,50.0227,1.0,,
20230721,50.61840000000001,1.0,,
20230724,50.2964,1.0,,
20230725,51.1175,1.0,,
20230726,51.2463,1.0,,
20230727,51.037,1.0,,
20230728,51.681,1.0,,
20230731,51.2946,1.0,,
20230801,51.2141,1.0,,
20230802,50.215900000000005,1.0,,
20230803,50.9565,1.0,,
20230804,51.2302,1.0,,
20230807,50.1998,1.0,,
20230808,50.0227,1.0,,
20230809,50.1998,1.0,,
20230810,50.1676,1.0,,
20230811,49.91,1.0,,
20230814,50.2642,1.0,,
20230815,50.8599,1.0,,
20230816,50.586200000000005,1.0,,
20230817,50.7794,1.0,,
20230818,50.215900000000005,1.0,,
20230821,49.121100000000006,1.0,,
20230822,49.0567,1.0,,
20230823,48.8152,1.0,,
20230824,48.750800000000005,1.0,,
20230825,48.3644,1.0,,
20230828,49.1694,1.0,,
20230829,49.7329,1.0,,
20230830,49.781200000000005,1.0,,
20230831,49.781200000000005,1.0,,
20230901,49.95830000000001,1.0,,
20230904,50.0066,1.0,,
20230905,49.7973,1.0,,
20230906,49.7329,1.0,,
20230907,48.895700000000005,1.0,,
20230908,48.7347,1.0,,
20230911,49.7329,1.0,,
20230912,49.845600000000005,1.0,,
20230913,49.4592,1.0,,
20230914,49.6041,1.0,,
20230915,49.7651,1.0,,
20230918,50.0549,1.0,,
20230919,50.1676,1.0,,
20230920,49.95830000000001,1.0,,
20230921,49.6202,1.0,,
20230922,49.781200000000005,1.0,,
20230925,49.9905,1.0,,
20230926,49.95830000000001,1.0,,
20230927,50.554,1.0,,
20230928,50.586200000000005,1.0,,
20231009,50.32860000000001,1.0,,
20231010,49.6846,1.0,,
20231011,49.9744,1.0,,
20231012,50.1193,1.0,,
20231013,50.215900000000005,1.0,,
20231016,49.4753,1.0,,
20231017,49.37870000000001,1.0,,
20231018,47.4628,1.0,,
20231019,46.3036,1.0,,
20231020,46.0782,1.0,,
20231023,45.6113,1.0,,
20231024,45.563,1.0,,
20231025,46.0138,1.0,,
20231026,46.368,1.0,,
20231027,47.366200000000006,1.0,,
20231030,47.6077,1.0,,
20231031,47.9941,1.0,,
20231101,48.0263,1.0,,
20231102,47.5916,1.0,,
20231103,47.575500000000005,1.0,,
20231106,47.945800000000006,1.0,,
20231107,47.5433,1.0,,
20231108,47.575500000000005,1.0,,
20231109,47.3179,1.0,,
20231110,47.285700000000006,1.0,,
20231113,47.205200000000005,1.0,,
20231114,47.3179,1.0,,
20231115,47.6399,1.0,,
20231116,47.1569,1.0,,
20231117,47.511100000000006,1.0,,
20231120,47.9941,1.0,,
20231121,48.1068,1.0,,
20231122,47.978,1.0,,
20231123,48.7991,1.0,,
20231124,49.4753,1.0,,
20231127,48.9601,1.0,,
20231128,48.9923,1.0,,
20231129,48.3644,1.0,,
20231130,48.5415,1.0,,
20231201,48.3966,1.0,,
20231204,48.0263,1.0,,
20231205,47.720400000000005,1.0,,
20231206,47.2696,1.0,,
20231207,46.706100000000006,1.0,,
20231208,46.834900000000005,1.0,,
20231211,47.1569,1.0,,
20231212,47.140800000000006,1.0,,
20231213,47.1086,1.0,,
20231214,46.9798,1.0,,
20231215,46.4163,1.0,,
20231218,46.335800000000006,1.0,,
20231219,45.8528,1.0,,
20231220,45.6274,1.0,,
20231221,46.029900000000005,1.0,,
20231222,45.885000000000005,1.0,,
20231225,45.6113,1.0,,
20231226,45.1283,1.0,,
20231227,45.3376,1.0,,
20231228,46.1265,1.0,,
20231229,46.04600000000001,1.0,,
20240102,46.400200000000005,1.0,,
20240103,47.0281,1.0,,
20240104,46.995900000000006,1.0,,
20240105,46.5129,1.0,,
20240108,46.0138,1.0,,
20240109,45.90110000000001,1.0,,
20240110,45.9494,1.0,,
20240111,45.9333,1.0,,
20240112,45.2893,1.0,,
20240115,45.38590000000001,1.0,,
20240116,45.4342,1.0,,
20240117,44.8868,1.0,,
20240118,44.275000000000006,1.0,,
20240119,44.29110000000001,1.0,,
20240122,43.2446,1.0,,
20240123,43.4217,1.0,,
20240124,44.0013,1.0,,
20240125,45.530800000000006,1.0,,
20240126,45.6435,1.0,,
20240129,45.885000000000005,1.0,,
20240130,45.2893,1.0,,
20240131,44.0013,1.0,,
20240201,44.3877,1.0,,
20240202,44.0818,1.0,,
20240205,44.484300000000005,1.0,,
20240206,46.1265,1.0,,
20240207,46.770500000000006,1.0,,
20240208,46.8188,1.0,,
20240219,47.3018,1.0,,
20240220,47.5594,1.0,,
20240221,47.366200000000006,1.0,,
20240222,47.7365,1.0,,
20240223,47.978,1.0,,
20240226,47.511100000000006,1.0,,
20240227,47.575500000000005,1.0,,
20240228,47.2535,1.0,,
20240229,47.6238,1.0,,
20240301,47.9941,1.0,,
20240304,48.5415,1.0,,
20240305,48.4449,1.0,,
20240306,48.3322,1.0,,
20240307,48.3322,1.0,,
20240308,48.1551,1.0,,
20240311,48.0585,1.0,,
20240312,48.670300000000005,1.0,,
20240313,47.9941,1.0,,
20240314,48.0746,1.0,,
20240315,48.6381,1.0,,
20240318,47.1086,1.0,,
20240319,46.834900000000005,1.0,,
20240320,47.0764,1.0,,
20240321,46.8993,1.0,,
20240322,46.480700000000006,1.0,,
20240325,45.675700000000006,1.0,,
20240326,45.9494,1.0,,
20240327,46.0782,1.0,,
20240328,46.1265,1.0,,
20240329,46.4485,1.0,,
20240401,46.9315,1.0,,
20240402,46.7866,1.0,,
20240403,46.8993,1.0,,
20240408,46.207,1.0,,
20240409,46.5934,1.0,,
20240410,46.3036,1.0,,
20240411,46.4324,1.0,,
20240412,46.0621,1.0,,
20240415,47.3018,1.0,,
20240416,48.139,1.0,,
20240417,48.8313,1.0,,
20240418,49.427,1.0,,
20240419,50.7794,1.0,,
20240422,50.7955,1.0,,
20240423,50.4896,1.0,,
20240424,50.4252,1.0,,
20240425,50.3125,1.0,,
20240426,50.1676,1.0,,
20240429,51.2302,1.0,,
20240430,51.6488,1.0,,
20240506,52.2767,1.0,,
20240507,52.1801,1.0,,
20240508,51.79370000000001,1.0,,
20240509,51.8742,1.0,,
20240510,51.79370000000001,1.0,,
20240513,52.8402,1.0,,
20240514,53.226600000000005,1.0,,
20240515,52.95290000000001,1.0,,
20240516,52.647000000000006,1.0,,
20240517,52.5182,1.0,,
20240520,52.791900000000005,1.0,,
20240521,52.0513,1.0,,
20240522,51.2302,1.0,,
20240523,50.7472,1.0,,
20240524,51.037,1.0,,
20240527,51.85810000000001,1.0,,
20240528,51.6005,1.0,,
20240529,50.9565,1.0,,
20240530,50.5701,1.0,,
20240531,50.554,1.0,,
20240603,50.215900000000005,1.0,,
20240604,51.1819,1.0,,
20240605,50.876000000000005,1.0,,
20240606,50.715,1.0,,
20240607,51.1819,1.0,,
20240611,50.5057,1.0,,
20240612,50.0871,1.0,,
20240613,49.37870000000001,1.0,,
20240614,49.8295,1.0,,
20240617,49.1694,1.0,,
20240618,49.168395,1.0,,
20240619,49.28393,1.0,,
20240620,48.62373,1.0,,
20240621,48.673245,1.0,,
20240624,47.99654,1.0,,
20240625,48.354861,1.0,,
20240626,48.82007,1.0,,
20240627,48.25873,1.0,,
20240628,48.423829999999995,1.0,,
20240701,49.15027,1.0,,
20240702,48.82007,1.0,,
20240703,48.44034,1.0,,
20240704,47.81296,1.0,,
20240705,48.78705,1.0,,
20240708,48.17618,1.0,,
20240709,48.50638,1.0,,
20240710,48.0441,1.0,,
20240711,48.62195,1.0,,
20240712,48.44034,1.0,,
20240715,48.82007,1.0,,
20240716,49.11725,1.0,,
20240717,49.79416,1.0,,
20240718,50.40503,1.0,,
20240719,50.8508,1.0,,
20240722,51.14798,1.0,,
20240723,49.51349,1.0,,
20240724,49.48047,1.0,,
20240725,49.546510000000005,1.0,,
20240726,49.28235,1.0,,
20240729,46.98746,1.0,,
20240730,47.08652,1.0,,
20240731,48.341280000000005,1.0,,
20240801,47.97806,1.0,,
20240802,48.57242,1.0,,
20240805,48.60544,1.0,,
20240806,49.15027,1.0,,
20240807,48.5394,1.0,,
20240808,49.23282,1.0,,
20240809,48.47336,1.0,,
20240812,49.66208,1.0,,
20240813,49.41443,1.0,,
20240814,48.80356,1.0,,
20240815,49.13376,1.0,,
20240816,49.3649,1.0,,
20240819,49.28235,1.0,,
20240820,48.85309,1.0,,
20240821,48.30826,1.0,,
20240822,47.97806,1.0,,
20240823,47.99457,1.0,,
20240826,47.30115,1.0,,
20240827,47.30115,1.0,,
20240828,47.3837,1.0,,
20240829,47.26813,1.0,,
20240830,47.53229,1.0,,
20240902,44.09821,1.0,,
20240903,43.50385,1.0,,
20240904,43.28922,1.0,,
20240905,43.652440000000006,1.0,,
20240906,43.40479,1.0,,
20240909,42.49674,1.0,,
20240910,41.81983,1.0,,
20240911,41.53916,1.0,,
20240912,40.59809,1.0,,
20240913,40.63111,1.0,,
20240918,40.76319,1.0,,
20240919,41.40708,1.0,,
20240920,41.34104,1.0,,
20240923,41.12641,1.0,,
20240924,42.49674,1.0,,
20240925,43.10761,1.0,,
20240926,45.12183,1.0,,
20240927,46.85538,1.0,,
20240930,50.61966,1.0,,
20241008,51.70932,1.0,,
20241009,47.64786,1.0,,
20241010,48.423829999999995,1.0,,
20241011,47.40021,1.0,,
20241014,47.44974,1.0,,
20241015,46.47565,1.0,,
20241016,46.244510000000005,1.0,,
20241017,45.716190000000005,1.0,,
20241018,46.80585,1.0,,
20241021,47.33417,1.0,,
20241022,47.53229,1.0,,
20241023,47.79645,1.0,,
20241024,47.53229,1.0,,
20241025,47.767779,1.0,,
20241028,47.71755,1.0,,
20241029,47.248746,1.0,,
20241030,47.28223199999999,1.0,,
20241031,46.746456,1.0,,
20241101,47.04783,1.0,,
20241104,47.48314799999999,1.0,,
20241105,48.136125,1.0,,
20241106,48.571443,1.0,,
20241107,49.89414,1.0,,
20241108,49.509051,1.0,,
20241111,49.190934,1.0,,
20241112,49.64299499999999,1.0,,
20241113,49.89414,1.0,,
20241114,48.856074,1.0,,
20241115,48.370527,1.0,,
20241118,47.86823699999999,1.0,,
20241119,48.119381999999995,1.0,,
20241120,48.621672,1.0,,
20241121,48.437498999999995,1.0,,
20241122,46.980858,1.0,,
20241125,47.114802,1.0,,
20241126,47.181774,1.0,,
20241127,48.018924,1.0,,
20241128,48.069153,1.0,,
20241129,48.571443,1.0,,
20241202,48.53795699999999,1.0,,
20241203,48.470985,1.0,,
20241204,48.069153,1.0,,
20241205,47.918466,1.0,,
20241206,48.320297999999994,1.0,,
20241209,48.186354,1.0,,
20241210,48.20309699999999,1.0,,
20241211,48.58818599999999,1.0,,
20241212,49.509051,1.0,,
20241213,48.58818599999999,1.0,,
20241216,48.136125,1.0,,
20241217,48.002181,1.0,,
20241218,48.21984,1.0,,
20241219,48.370527,1.0,,
20241220,48.65515799999999,1.0,,
20241223,48.169611,1.0,,
20241224,48.387269999999994,1.0,,
20241225,48.671901,1.0,,
20241226,48.119381999999995,1.0,,
20241227,48.186354,1.0,,
20241230,48.21984,1.0,,
20241231,47.583606,1.0,,
20250102,46.093479,1.0,,
20250103,45.892563,1.0,,
20250106,46.428339,1.0,,
20250107,45.674904,1.0,,
20250108,45.189356999999994,1.0,,
20250109,45.088899,1.0,,
20250110,44.519637,1.0,,
20250113,44.603352,1.0,,
20250114,45.574445999999995,1.0,,
20250115,45.37353,1.0,,
20250116,45.122384999999994,1.0,,
20250117,45.273072,1.0,,
20250120,45.088899,1.0,,
20250121,44.87124,1.0,,
20250122,44.70381,1.0,,
20250123,44.854496999999995,1.0,,
20250124,44.87124,1.0,,
20250127,45.03867,1.0,,
20250205,45.2061,1.0,,
20250206,45.37353,1.0,,
20250207,45.423759,1.0,,
20250210,45.591189,1.0,,
20250211,45.356787,1.0,,
20250212,45.423759,1.0,,
20250213,45.423759,1.0,,
20250214,45.674904,1.0,,
20250217,45.557703,1.0,,
20250218,44.921468999999995,1.0,,
20250219,45.055412999999994,1.0,,
20250220,45.055412999999994,1.0,,
20250221,44.787524999999995,1.0,,
20250224,44.73729599999999,1.0,,
20250225,44.28523499999999,1.0,,
20250226,44.452665,1.0,,
20250227,44.70381,1.0,,
20250228,44.519637,1.0,,
20250303,44.720552999999995,1.0,,
20250304,44.653581,1.0,,
20250305,44.385693,1.0,,
20250306,44.569866,1.0,,
20250307,44.486151,1.0,,
20250310,45.03867,1.0,,
20250311,45.574445999999995,1.0,,
20250312,45.45724499999999,1.0,,
20250313,45.557703,1.0,,
20250314,45.122384999999994,1.0,,
20250317,44.904726,1.0,,
20250318,44.954955,1.0,,
20250319,44.837754,1.0,,
20250320,44.636838,1.0,,
20250321,44.53638,1.0,,
20250324,44.687067,1.0,,
20250325,44.988441,1.0,,
20250326,45.00518399999999,1.0,,
20250327,45.021927,1.0,,
20250328,44.821011,1.0,,
20250331,44.301978,1.0,,
20250401,45.088899,1.0,,
20250402,44.938212,1.0,,
20250403,45.00518399999999,1.0,,
20250407,42.25933199999999,1.0,,
20250408,43.314141,1.0,,
20250409,44.03409,1.0,,
20250410,44.201519999999995,1.0,,
20250411,43.682486999999995,1.0,,
20250414,43.883403,1.0,,
20250415,43.799688,1.0,,
20250416,44.151291,1.0,,
20250417,44.017346999999994,1.0,,
20250418,43.883403,1.0,,
20250421,43.766202,1.0,,
20250422,43.950374999999994,1.0,,
20250423,43.649001,1.0,,
20250424,43.682486999999995,1.0,,
20250425,43.5318,1.0,,
20250428,43.314141,1.0,,
20250429,43.046253,1.0,,
20250430,44.251749,1.0,,
20250506,44.201519999999995,1.0,,
20250507,44.569866,1.0,,
20250508,44.402435999999994,1.0,,
20250509,44.385693,1.0,,
20250512,44.586609,1.0,,
20250513,44.921468999999995,1.0,,
20250514,44.804268,1.0,,
20250515,44.787524999999995,1.0,,
20250516,44.854496999999995,1.0,,
20250519,45.021927,1.0,,
20250520,45.306557999999995,1.0,,
20250521,45.39027299999999,1.0,,
20250522,45.273072,1.0,,
20250523,45.072156,1.0,,
20250526,44.787524999999995,1.0,,
20250527,44.988441,1.0,,
20250528,44.821011,1.0,,
20250529,45.055412999999994,1.0,,
20250530,45.256329,1.0,,
20250603,45.658161,1.0,,
20250604,45.524217,1.0,,
20250605,45.139128,1.0,,
20250606,45.139128,1.0,,
20250609,45.323301,1.0,,
20250610,45.306557999999995,1.0,,
20250611,45.306557999999995,1.0,,
20250612,44.971698,1.0,,
20250613,44.804268,1.0,,
20250616,44.502894,1.0,,
20250617,44.419179,1.0,,
20250618,44.117805,1.0,,
20250619,43.845578999999994,1.0,,
20250620,43.998588,1.0,,
20250623,43.86258,1.0,,
20250624,44.338607999999994,1.0,,
20250625,44.644626,1.0,,
20250626,44.797635,1.0,,
20250627,44.729631,1.0,,
20250630,44.814636,1.0,,
20250701,44.831637,1.0,,
20250702,44.814636,1.0,,
20250703,44.984646,1.0,,
20250704,45.018648,1.0,,
20250707,44.916642,1.0,,
20250708,45.05265,1.0,,
20250709,45.05265,1.0,,
20250710,45.324666,1.0,,
20250711,45.477675,1.0,,
20250714,45.426672,1.0,,
20250715,45.035649,1.0,,
20250716,45.460674,1.0,,
20250717,45.392669999999995,1.0,,
20250718,45.545679,1.0,,
20250721,45.630683999999995,1.0,,
20250722,45.817695,1.0,,
20250723,45.800694,1.0,,
20250724,46.157715,1.0,,
20250725,45.73269,1.0,,
20250728,45.647685,1.0,,
20250729,45.392669999999995,1.0,,
20250730,45.953703,1.0,,
20250731,45.664686,1.0,,
20250801,46.208718,1.0,,
20250804,45.970704,1.0,,
20250805,45.800694,1.0,,
20250806,45.409671,1.0,,
20250807,45.392669999999995,1.0,,
20250808,45.358668,1.0,,
20250811,45.477675,1.0,,
20250812,45.579680999999994,1.0,,
20250813,45.528678,1.0,,
20250814,45.409671,1.0,,
20250815,45.579680999999994,1.0,,
20250818,46.633743,1.0,,
20250819,46.174716,1.0,,
20250820,46.497735,1.0,,
20250821,46.735749,1.0,,
20250822,46.650744,1.0,,
20250825,46.905759,1.0,,
20250826,46.786752,1.0,,
20250827,45.834696,1.0,,
20250828,45.630683999999995,1.0,,
20250829,45.137655,1.0,,
20250901,45.239661,1.0,,
20250902,45.443673,1.0,,
20250903,45.001647,1.0,,
20250904,44.865639,1.0,,
20250905,45.018648,1.0,,
20250908,45.341667,1.0,,
20250909,45.22266,1.0,,
20250910,45.069651,1.0,,
20250911,45.22266,1.0,,
20250912,44.516119,1.0,,
20250915,44.447075,1.0,,
20250916,44.084594,1.0,,
20250917,44.084594,1.0,,
20250918,44.136377,1.0,,
20250919,44.084594,1.0,,
20250922,43.981028,1.0,,
20250923,43.72211299999999,1.0,,
20250924,43.981028,1.0,,
20250925,43.791157,1.0,,
20250926,43.808418,1.0,,
20250929,43.998289,1.0,,
20250930,44.101855,1.0,,
20251009,44.239943,1.0,,
20251010,44.498858,1.0,,
20251013,44.119116,1.0,,
20251014,44.395292,1.0,,
20251015,44.326248,1.0,,
20251016,44.395292,1.0,,
20251017,44.01555,1.0,,
20251020,44.205421,1.0,,
20251021,44.257204,1.0,,
20251022,44.360769999999995,1.0,,
20251023,44.360769999999995,1.0,,
20251024,44.257204,1.0,,
20251027,44.326248,1.0,,
20251028,44.136377,1.0,,
20251029,45.085732,1.0,,
20251030,45.310125,1.0,,
20251031,45.499996,1.0,,
20251103,46.035087,1.0,,
20251104,45.862477,1.0,,
20251105,45.84521599999999,1.0,,
20251106,45.91426,1.0,,
20251107,46.25948,1.0,,
20251110,47.088008,1.0,,
20251111,47.243357,1.0,,
20251112,46.932659,1.0,,
20251113,47.036225,1.0,,
20251114,46.811832,1.0,,
20251117,46.052348,1.0,,
20251118,45.966043,1.0,,
20251119,45.534518,1.0,,
20251120,45.379169,1.0,,
20251121,44.70599,1.0,,
20251124,44.947644,1.0,,
20251125,44.913122,1.0,,
20251126,44.723251,1.0,,
20251127,44.602424,1.0,,
20251128,44.53338,1.0,,
20251201,44.688729,1.0,,
20251202,44.602424,1.0,,
20251203,44.826817,1.0,,
20251204,44.636945999999995,1.0,,
20251205,44.775034,1.0,,
20251208,44.567902,1.0,,
20251209,44.153637999999994,1.0,,
20251210,44.360769999999995,1.0,,
20251211,44.274465,1.0,,
20251212,44.930383,1.0,,
20251215,44.343509000000005,1.0,,
20251216,44.239943,1.0,,
20251217,44.291726,1.0,,
20251218,44.308987,1.0,,
20251219,44.395292,1.0,,
20251222,44.516119,1.0,,
20251223,44.567902,1.0,,
20251224,44.585162999999994,1.0,,
20251225,44.619685,1.0,,
20251226,44.654207,1.0,,
20251229,44.481597,1.0,,
20251230,44.291726,1.0,,
20251231,44.42981399999999,1.0,,
20260105,44.70599,1.0,,
20260106,44.809556,1.0,,
20260107,43.911984,1.0,,
20260108,43.221543999999994,1.0,,
20260109,43.704852,1.0,,
20260112,43.739374,1.0,,
20260113,43.67033,1.0,,
20260114,43.32511,1.0,,
20260115,43.445937,1.0,,
20260116,43.273327,1.0,,
20260119,43.307849,1.0,,
20260120,43.514981,1.0,,
20260121,43.514981,1.0,,
20260122,43.566764,1.0,,
20260123,43.704852,1.0,,
20260126,44.119116,1.0,,
20260127,43.773896,1.0,,
20260128,43.704852,1.0,,
20260129,43.946506,1.0,,
20260130,43.584025,1.0,,
20260202,43.32511,1.0,,
20260203,43.445937,1.0,,
20260204,43.84294,1.0,,
20260205,44.101855,1.0,,
20260206,44.205421,1.0,,
20260209,44.101855,1.0,,
20260210,43.998289,1.0,,
20260211,43.877462,1.0,,
20260212,43.601286,1.0,,
20260213,43.342371,1.0,,
20260224,43.584025,1.0,,
20260225,43.67033,1.0,,
20260226,43.532242,1.0,,
20260227,43.653068999999995,1.0,,
20260302,43.860201,1.0,,
20260303,43.601286,1.0,,
20260304,43.117978,1.0,,
20260305,43.014412,1.0,,
20260306,43.428676,1.0,,
20260309,43.445937,1.0,,
20260310,43.532242,1.0,,
20260311,43.618547,1.0,,
20260312,43.808418,1.0,,
20260313,43.946506,1.0,,
20260316,44.119116,1.0,,
20260317,44.18816,1.0,,
20260318,43.877462,1.0,,
20260319,43.532242,1.0,,
20260320,43.359632,1.0,,
20260323,39.890170999999995,1.0,,
20260324,40.080042,1.0,,
20260325,40.166347,1.0,,
20260326,39.35508,1.0,,
20260327,39.631256,1.0,,
20260330,39.769344,1.0,,
20260331,39.458646,1.0,,
20260401,39.821127,1.0,,
20260402,39.976476,1.0,,
20260403,39.752083,1.0,,
20260407,39.286036,1.0,,
20260408,39.890170999999995,1.0,,
20260409,39.441385,1.0,,
20260410,39.562212,1.0,,
20260413,39.25151399999999,1.0,,
20260414,39.458646,1.0,,
20260415,39.7003,1.0,,
20260416,39.562212,1.0,,
20260417,39.320558,1.0,,
20260420,39.268775,1.0,,
20260421,39.286036,1.0,,
20260422,39.182469999999995,1.0,,
20260423,39.147948,1.0,,
20260424,38.871772,1.0,,
20260427,38.474768999999995,1.0,,
20260428,39.631256,1.0,,
20260429,39.475907,1.0,,
20260430,39.096165,1.0,,
20260506,39.216992,1.0,,
20260507,39.182469999999995,1.0,,
20260508,39.25151399999999,1.0,,
20260511,39.493168,1.0,,
20260512,39.631256,1.0,,
20260513,39.441385,1.0,,
20260514,38.785467,1.0,,
20260515,38.509291,1.0,,
20260518,38.14681,1.0,,
20260519,38.215854,1.0,,
20260520,37.680763,1.0,,
20260521,37.473631,1.0,,
20260522,37.352804,1.0,,
20260525,37.093889,1.0,,
20260526,37.197455,1.0,,
20260527,37.197455,1.0,,
20260528,36.852235,1.0,,
20260529,37.145672,1.0,,
20260601,37.473631,1.0,,
20260602,37.594458,1.0,,
20260603,37.214716,1.0,,
20260604,36.817713,1.0,,
20260605,37.076628,1.0,,
