ts_code,trade_date,open,high,low,close,pre_close,change,pct_chg,vol,amount
600938.SH,20220421,12.96,15.55,12.96,13.79,10.8,2.9899999999999984,27.69,8822772.84,12124020.797
600938.SH,20220422,14.51,15.17,14.05,15.17,13.79,1.3800000000000008,10.01,3576643.59,5241455.845
600938.SH,20220425,15.69,16.11,13.78,14.29,15.17,-0.8800000000000008,-5.8,5980190.53,8874383.769
600938.SH,20220426,14.0,14.27,13.25,13.62,14.29,-0.6699999999999999,-4.69,4013072.98,5502621.673
600938.SH,20220427,14.03,14.98,13.8,14.98,13.62,1.3600000000000012,9.99,4182535.35,6051043.013
600938.SH,20220428,14.51,15.46,14.45,15.46,14.98,0.4800000000000004,3.2,3654736.67,5461585.098
600938.SH,20220429,16.0,17.01,15.51,17.01,15.46,1.5500000000000007,10.03,4186283.43,6848266.351
600938.SH,20220505,17.05,17.21,16.2,16.2,17.01,-0.8100000000000023,-4.76,3172218.09,5273048.088
600938.SH,20220506,15.81,16.66,15.65,15.68,16.2,-0.5199999999999996,-3.21,2945868.03,4748174.059
600938.SH,20220509,15.49,16.39,15.16,16.26,15.68,0.5800000000000018,3.7,2451114.28,3856380.683
600938.SH,20220510,15.4,15.5,14.89,15.21,16.26,-1.0500000000000007,-6.46,2496751.05,3796563.16
600938.SH,20220511,14.99,15.78,14.9,15.48,15.21,0.2699999999999996,1.78,2326979.18,3557673.097
600938.SH,20220512,15.67,15.75,14.95,15.01,15.48,-0.47000000000000064,-3.04,1707253.54,2601140.542
600938.SH,20220513,15.23,15.5,15.05,15.26,15.01,0.25,1.67,1418447.11,2171589.145
600938.SH,20220516,15.45,16.03,15.43,15.71,15.26,0.45000000000000107,2.95,1852958.31,2924531.235
600938.SH,20220517,15.98,16.28,15.7,15.82,15.71,0.10999999999999943,0.7,1472272.93,2345332.562
600938.SH,20220518,15.61,16.53,15.28,16.15,15.82,0.3299999999999983,2.09,1515140.48,2409657.455
600938.SH,20220519,15.7,15.82,15.42,15.68,16.15,-0.46999999999999886,-2.91,1182127.93,1848521.552
600938.SH,20220520,15.55,16.05,15.55,15.72,15.68,0.040000000000000924,0.26,1062299.56,1678203.022
600938.SH,20220523,15.66,16.33,15.61,16.15,15.72,0.42999999999999794,2.74,1345521.1,2160002.234
600938.SH,20220524,16.14,16.32,15.85,15.94,16.15,-0.20999999999999908,-1.3,1062800.85,1712440.452
600938.SH,20220525,15.91,16.95,15.91,16.62,15.94,0.6800000000000015,4.27,1528064.25,2531873.422
600938.SH,20220526,16.55,17.15,16.43,16.82,16.62,0.1999999999999993,1.2,1015010.95,1701713.22
600938.SH,20220527,17.2,18.5,17.2,18.5,16.82,1.6799999999999997,9.99,2420395.08,4392283.582
600938.SH,20220530,18.39,19.67,18.22,19.5,18.5,1.0,5.41,1826485.07,3450132.214
600938.SH,20220531,19.5,19.9,19.06,19.47,19.5,-0.030000000000001137,-0.15,1336077.8,2595137.776
600938.SH,20220601,19.0,19.3,18.7,18.97,19.47,-0.5,-2.57,957321.38,1817650.98
600938.SH,20220602,18.63,18.65,17.97,18.0,18.97,-0.9699999999999989,-5.11,1092869.91,1994145.278
600938.SH,20220606,18.5,18.79,18.35,18.57,18.0,0.5700000000000003,3.17,1020947.33,1894669.733
600938.SH,20220607,18.41,19.3,18.35,18.9,18.57,0.3299999999999983,1.78,952150.59,1800841.173
600938.SH,20220608,19.16,19.45,18.7,19.3,18.9,0.40000000000000213,2.12,970250.42,1856408.608
600938.SH,20220609,19.7,20.36,19.45,19.72,19.3,0.41999999999999815,2.18,1219732.61,2434378.516
600938.SH,20220610,19.3,20.49,19.3,20.31,19.72,0.5899999999999999,2.99,887598.42,1783177.523
600938.SH,20220613,19.88,20.18,19.37,19.61,20.31,-0.6999999999999993,-3.45,929891.85,1830070.591
600938.SH,20220614,19.41,20.48,19.33,20.4,19.61,0.7899999999999991,4.03,1013137.54,2026832.95
600938.SH,20220615,20.18,20.26,19.38,19.38,20.4,-1.0199999999999996,-5.0,1212832.37,2388819.913
600938.SH,20220616,19.0,19.26,18.34,18.61,19.38,-0.7699999999999996,-3.97,1377644.17,2570155.366
600938.SH,20220617,18.47,18.88,18.12,18.65,18.61,0.03999999999999915,0.21,912238.03,1680497.645
600938.SH,20220620,17.71,17.85,16.8,17.1,18.65,-1.5499999999999972,-8.31,1752393.41,3004438.679
600938.SH,20220621,17.25,17.53,17.11,17.3,17.1,0.1999999999999993,1.17,866435.88,1501089.469
600938.SH,20220622,17.15,17.46,16.7,16.76,17.3,-0.5399999999999991,-3.12,934532.54,1586564.871
600938.SH,20220623,16.6,17.33,16.6,17.21,16.76,0.4499999999999993,2.68,813299.4,1385697.167
600938.SH,20220624,17.08,17.25,16.88,17.03,17.21,-0.17999999999999972,-1.05,667656.32,1136757.51
600938.SH,20220627,17.12,17.68,17.0,17.62,17.03,0.5899999999999999,3.46,827675.8,1441984.306
600938.SH,20220628,17.9,18.3,17.9,18.17,17.62,0.5500000000000007,3.12,856828.61,1552423.801
600938.SH,20220629,18.2,18.42,17.49,17.63,18.17,-0.5400000000000027,-2.97,764108.07,1362307.315
600938.SH,20220630,17.45,17.55,17.1,17.45,17.63,-0.17999999999999972,-1.02,659839.99,1143184.069
600938.SH,20220701,17.06,17.26,16.9,17.09,17.45,-0.35999999999999943,-2.06,525258.89,897111.099
600938.SH,20220704,17.06,17.5,17.06,17.22,17.09,0.129999999999999,0.76,530492.18,918531.057
600938.SH,20220705,17.5,17.55,17.12,17.36,17.22,0.14000000000000057,0.81,567575.85,986265.96
600938.SH,20220706,16.42,16.55,15.7,16.2,17.36,-1.1600000000000001,-6.68,1709041.39,2756730.261
600938.SH,20220707,15.84,16.15,15.61,16.12,16.2,-0.0799999999999983,-0.49,787382.01,1250945.459
600938.SH,20220708,16.51,16.52,16.0,16.03,16.12,-0.08999999999999986,-0.56,532229.03,862728.757
600938.SH,20220711,16.03,16.28,15.73,16.21,16.03,0.17999999999999972,1.12,521933.57,835101.698
600938.SH,20220712,16.05,16.28,16.0,16.22,16.21,0.00999999999999801,0.06,300766.95,486244.312
600938.SH,20220713,15.7,16.15,15.54,16.15,16.22,-0.07000000000000028,-0.43,599107.35,947962.838
600938.SH,20220714,16.08,16.25,15.71,16.19,16.15,0.0400000000000027,0.25,705285.35,1123920.927
600938.SH,20220715,15.75,16.24,15.63,15.87,16.19,-0.32000000000000206,-1.98,845449.21,1262768.946
600938.SH,20220718,16.05,16.83,16.05,16.83,15.87,0.9599999999999991,6.05,817742.27,1269320.52
600938.SH,20220719,17.03,17.11,16.48,16.77,16.83,-0.05999999999999872,-0.36,705312.74,1106588.522
600938.SH,20220720,16.86,17.17,16.78,16.88,16.77,0.10999999999999943,0.66,478565.24,759078.072
600938.SH,20220721,16.82,16.85,16.49,16.52,16.88,-0.35999999999999943,-2.13,404734.37,629316.523
600938.SH,20220722,16.25,16.48,16.05,16.16,16.52,-0.35999999999999943,-2.18,495110.32,752656.95
600938.SH,20220725,16.1,16.17,15.84,15.92,16.16,-0.2400000000000002,-1.49,362189.56,541465.194
600938.SH,20220726,16.16,16.3,16.05,16.26,15.92,0.34000000000000163,2.14,393957.13,598685.236
600938.SH,20220727,16.1,16.23,15.97,16.04,16.26,-0.22000000000000242,-1.35,295967.59,445704.851
600938.SH,20220728,16.23,16.49,16.21,16.45,16.04,0.41000000000000014,2.56,519094.17,796639.712
600938.SH,20220729,16.34,16.63,16.03,16.1,16.45,-0.34999999999999787,-2.13,441231.41,671361.607
600938.SH,20220801,16.11,16.55,16.05,16.47,16.1,0.36999999999999744,2.3,433921.83,666305.26
600938.SH,20220802,16.14,16.19,15.68,16.04,16.47,-0.4299999999999997,-2.61,501456.3,749362.813
600938.SH,20220803,15.93,16.11,15.79,15.86,16.04,-0.17999999999999972,-1.12,306527.93,458110.541
600938.SH,20220804,15.69,15.69,15.34,15.57,15.86,-0.28999999999999915,-1.83,443984.52,644488.782
600938.SH,20220805,15.25,15.27,14.94,15.21,15.57,-0.35999999999999943,-2.31,819160.55,1156321.954
600938.SH,20220808,15.09,15.25,15.01,15.24,15.21,0.02999999999999936,0.2,403211.79,573306.007
600938.SH,20220809,15.27,15.46,15.25,15.29,15.24,0.049999999999998934,0.33,457472.21,658455.155
600938.SH,20220810,15.33,15.43,15.02,15.15,15.29,-0.1399999999999988,-0.92,376023.99,535517.657
600938.SH,20220811,15.24,15.39,15.2,15.35,15.15,0.1999999999999993,1.32,352924.22,506592.119
600938.SH,20220812,15.55,16.35,15.47,16.06,15.35,0.7099999999999991,4.63,1058150.79,1578175.192
600938.SH,20220815,15.78,16.21,15.63,16.0,16.06,-0.05999999999999872,-0.37,607310.91,909011.986
600938.SH,20220816,15.67,15.82,15.49,15.63,16.0,-0.3699999999999992,-2.31,486634.49,713955.521
600938.SH,20220817,15.57,15.78,15.49,15.75,15.63,0.11999999999999922,0.77,369225.34,540546.511
600938.SH,20220818,15.74,15.74,15.34,15.37,15.75,-0.3800000000000008,-2.41,498510.12,721127.705
600938.SH,20220819,15.57,16.08,15.5,15.83,15.37,0.46000000000000085,2.99,980041.33,1456912.205
600938.SH,20220822,15.83,16.19,15.82,16.08,15.83,0.24999999999999822,1.58,552327.88,832921.097
600938.SH,20220823,16.1,17.33,16.07,17.11,16.08,1.0300000000000011,6.41,1606901.77,2529401.773
600938.SH,20220824,17.18,17.89,17.15,17.44,17.11,0.33000000000000185,1.93,1385698.25,2274884.875
600938.SH,20220825,17.77,19.18,17.64,18.86,17.44,1.4199999999999982,8.14,1789180.87,3089714.481
600938.SH,20220826,18.35,18.46,17.79,17.82,18.86,-1.0399999999999991,-5.51,966763.17,1640080.831
600938.SH,20220829,17.54,18.75,17.54,18.38,17.82,0.5599999999999987,3.14,902342.92,1547775.64
600938.SH,20220830,18.75,18.97,17.6,18.16,18.38,-0.21999999999999886,-1.2,957547.01,1625266.834
600938.SH,20220831,17.6,17.75,17.26,17.35,18.16,-0.8099999999999987,-4.46,727200.99,1188702.349
600938.SH,20220901,17.23,17.78,17.03,17.06,17.35,-0.2900000000000027,-1.67,625695.54,1019216.549
600938.SH,20220902,17.04,17.34,16.87,17.1,17.06,0.0400000000000027,0.23,355220.54,569478.253
600938.SH,20220905,17.38,18.29,17.34,18.24,17.1,1.139999999999997,6.67,765140.15,1287162.372
600938.SH,20220906,18.32,18.35,17.82,18.13,18.24,-0.10999999999999943,-0.6,533178.05,901209.522
600938.SH,20220907,17.73,17.92,17.5,17.79,18.13,-0.33999999999999986,-1.88,633193.65,1050631.656
600938.SH,20220908,17.26,17.3,16.99,17.25,17.79,-0.5399999999999991,-3.04,605394.94,974887.414
600938.SH,20220909,17.21,17.39,17.06,17.35,17.25,0.10000000000000142,0.58,331572.34,536719.088
600938.SH,20220913,17.65,17.7,17.26,17.43,17.35,0.0799999999999983,0.46,464391.99,759594.66
600938.SH,20220914,17.15,18.08,17.15,17.8,17.43,0.370000000000001,2.12,772761.1,1288651.726
600938.SH,20220915,18.11,18.13,17.53,17.84,17.8,0.03999999999999915,0.22,596826.3,1000746.964
600938.SH,20220916,17.58,17.73,17.17,17.19,17.84,-0.6499999999999986,-3.64,367621.97,599367.361
600938.SH,20220919,17.07,17.49,16.91,17.17,17.19,-0.019999999999999574,-0.12,307089.25,495454.357
600938.SH,20220920,17.33,17.37,16.99,17.22,17.17,0.04999999999999716,0.29,308385.77,495162.493
600938.SH,20220921,17.06,17.77,16.88,17.73,17.22,0.5100000000000016,2.96,449167.37,731279.543
600938.SH,20220922,17.33,17.97,17.18,17.78,17.73,0.05000000000000071,0.28,540830.21,894966.159
600938.SH,20220923,17.69,18.7,17.67,18.13,17.78,0.34999999999999787,1.97,777104.37,1332906.652
600938.SH,20220926,17.52,17.53,16.51,16.55,18.13,-1.5799999999999983,-8.71,892884.89,1424138.169
600938.SH,20220927,16.48,16.58,15.83,16.36,16.55,-0.19000000000000128,-1.15,687150.73,1034259.352
600938.SH,20220928,16.32,16.69,16.02,16.16,16.36,-0.1999999999999993,-1.22,392777.76,599625.249
600938.SH,20220929,16.51,16.75,16.32,16.46,16.16,0.3000000000000007,1.86,417674.46,647055.906
600938.SH,20220930,16.45,17.01,16.32,16.88,16.46,0.41999999999999815,2.55,386976.33,607507.772
600938.SH,20221010,17.81,17.99,17.5,17.63,16.88,0.75,4.44,646656.12,1074883.845
600938.SH,20221011,17.55,17.95,17.1,17.81,17.63,0.17999999999999972,1.02,475084.18,779668.084
600938.SH,20221012,17.55,17.87,17.43,17.78,17.81,-0.029999999999997584,-0.17,412291.27,683336.851
600938.SH,20221013,17.77,17.81,17.36,17.65,17.78,-0.13000000000000256,-0.73,362197.61,576045.428
600938.SH,20221014,17.89,18.11,17.81,18.03,17.65,0.38000000000000256,2.15,397872.03,644996.516
600938.SH,20221017,17.87,18.45,17.65,18.31,18.03,0.2799999999999976,1.55,385737.64,629074.997
600938.SH,20221018,18.27,18.27,17.8,17.83,18.31,-0.4800000000000004,-2.62,358349.67,583236.379
600938.SH,20221019,17.71,17.87,17.48,17.49,17.83,-0.33999999999999986,-1.91,262872.53,417958.714
600938.SH,20221020,17.67,18.08,17.59,17.8,17.49,0.3100000000000023,1.77,354442.9,570823.529
600938.SH,20221021,17.49,17.66,16.8,17.62,17.8,-0.17999999999999972,-1.01,973481.68,1510668.283
600938.SH,20221024,17.55,17.77,17.37,17.65,17.62,0.029999999999997584,0.17,675049.13,1072137.793
600938.SH,20221025,17.57,17.62,17.0,17.16,17.65,-0.48999999999999844,-2.78,492777.13,769625.119
600938.SH,20221026,17.14,17.4,16.61,16.8,17.16,-0.35999999999999943,-2.1,781032.1,1195370.482
600938.SH,20221027,16.95,17.16,16.8,17.01,16.8,0.21000000000000085,1.25,508645.8,781933.361
600938.SH,20221028,17.04,17.16,16.83,16.98,17.01,-0.030000000000001137,-0.18,446931.56,686583.337
600938.SH,20221031,16.83,16.87,16.23,16.27,16.98,-0.7100000000000009,-4.18,567203.83,845102.832
600938.SH,20221101,16.03,16.99,16.03,16.87,16.27,0.6000000000000014,3.69,521730.18,778613.734
600938.SH,20221102,16.84,17.35,16.76,17.22,16.87,0.34999999999999787,2.07,533578.19,824346.734
600938.SH,20221103,16.99,17.29,16.89,16.99,17.22,-0.23000000000000043,-1.34,376126.58,578701.197
600938.SH,20221104,16.95,17.52,16.94,17.42,16.99,0.43000000000000327,2.53,744926.72,1159688.595
600938.SH,20221107,17.44,18.82,17.44,18.17,17.42,0.75,4.31,1034655.76,1700795.824
600938.SH,20221108,18.29,18.44,17.82,17.99,18.17,-0.18000000000000327,-0.99,523332.48,856850.952
600938.SH,20221109,17.79,17.97,17.71,17.8,17.99,-0.18999999999999773,-1.06,362963.71,584027.202
600938.SH,20221110,17.44,17.61,17.2,17.56,17.8,-0.240000000000002,-1.35,482784.36,757919.743
600938.SH,20221111,17.84,18.11,17.52,18.04,17.56,0.4800000000000004,2.73,611892.31,987189.61
600938.SH,20221114,18.1,18.35,17.65,17.75,18.04,-0.28999999999999915,-1.61,432022.92,699716.846
600938.SH,20221115,17.49,17.8,17.28,17.79,17.75,0.03999999999999915,0.23,363804.67,579595.253
600938.SH,20221116,17.81,18.15,17.79,18.02,17.79,0.23000000000000043,1.29,470691.74,763079.104
600938.SH,20221117,17.79,17.87,17.4,17.59,18.02,-0.4299999999999997,-2.39,495116.95,786108.463
600938.SH,20221118,17.42,17.55,17.28,17.35,17.59,-0.23999999999999844,-1.36,426362.76,669383.498
600938.SH,20221121,17.06,17.21,16.96,17.14,17.35,-0.21000000000000085,-1.21,332298.69,512799.265
600938.SH,20221122,17.08,17.71,17.05,17.39,17.14,0.25,1.46,455336.51,714479.913
600938.SH,20221123,17.51,18.1,17.49,17.82,17.39,0.4299999999999997,2.47,770332.54,1242827.41
600938.SH,20221124,17.58,17.82,17.44,17.67,17.82,-0.14999999999999858,-0.84,533474.7,848598.168
600938.SH,20221125,17.62,17.94,17.59,17.84,17.67,0.16999999999999815,0.96,352252.56,567100.294
600938.SH,20221128,17.5,17.69,17.36,17.57,17.84,-0.2699999999999996,-1.51,377826.94,597736.72
600938.SH,20221129,17.62,18.08,17.47,17.99,17.57,0.41999999999999815,2.39,596448.58,959501.28
600938.SH,20221130,17.92,18.31,17.84,18.23,17.99,0.240000000000002,1.33,514410.55,843710.363
600938.SH,20221201,18.44,18.56,18.06,18.31,18.23,0.0799999999999983,0.44,589924.1,977903.393
600938.SH,20221202,18.23,18.93,18.23,18.55,18.31,0.240000000000002,1.31,583083.29,981202.531
600938.SH,20221205,18.58,19.17,18.49,18.99,18.55,0.4399999999999977,2.37,557202.62,950468.624
600938.SH,20221206,18.69,18.75,18.33,18.48,18.99,-0.509999999999998,-2.69,562410.17,939459.315
600938.SH,20221207,18.15,18.19,17.86,17.97,18.48,-0.5100000000000016,-2.76,526045.71,855237.676
600938.SH,20221208,17.87,18.02,17.71,17.93,17.97,-0.03999999999999915,-0.22,426363.81,687547.396
600938.SH,20221209,17.89,17.92,17.78,17.88,17.93,-0.05000000000000071,-0.28,268012.15,432028.316
600938.SH,20221212,17.88,17.88,17.55,17.58,17.88,-0.3000000000000007,-1.68,370779.13,591044.459
600938.SH,20221213,17.75,17.82,17.6,17.75,17.58,0.1700000000000017,0.97,228543.82,366040.071
600938.SH,20221214,17.77,17.81,17.58,17.63,17.75,-0.120000000000001,-0.68,250530.53,399737.688
600938.SH,20221215,17.78,17.79,17.58,17.6,17.63,-0.029999999999997584,-0.17,216759.95,345466.412
600938.SH,20221216,17.49,17.6,17.4,17.53,17.6,-0.07000000000000028,-0.4,191332.21,302387.814
600938.SH,20221219,17.51,17.52,16.8,16.95,17.53,-0.5800000000000018,-3.31,480541.39,741321.115
600938.SH,20221220,16.94,17.14,16.88,16.98,16.95,0.030000000000001137,0.18,214281.39,329292.009
600938.SH,20221221,17.04,17.06,16.77,16.85,16.98,-0.129999999999999,-0.77,183450.6,279696.129
600938.SH,20221222,16.99,17.03,16.7,16.73,16.85,-0.120000000000001,-0.71,227930.35,347113.582
600938.SH,20221223,16.68,16.76,16.57,16.67,16.73,-0.05999999999999872,-0.36,167852.29,252705.348
600938.SH,20221226,16.83,17.1,16.77,17.1,16.67,0.4299999999999997,2.58,314680.86,481586.815
600938.SH,20221227,17.16,17.27,17.03,17.1,17.1,0.0,0.0,257773.53,398874.741
600938.SH,20221228,17.1,17.14,16.98,17.01,17.1,-0.08999999999999986,-0.53,164469.58,253310.894
600938.SH,20221229,16.94,16.94,16.69,16.7,17.01,-0.3100000000000023,-1.82,261837.98,396234.62
600938.SH,20221230,16.76,16.94,16.75,16.83,16.7,0.129999999999999,0.78,169880.99,258092.621
600938.SH,20230103,16.84,17.18,16.84,17.14,16.83,0.3100000000000023,1.84,263646.19,405690.351
600938.SH,20230104,16.97,17.01,16.86,16.93,17.14,-0.21000000000000085,-1.23,306512.93,468911.25
600938.SH,20230105,16.85,16.91,16.74,16.91,16.93,-0.019999999999999574,-0.12,327147.31,496747.532
600938.SH,20230106,16.87,16.99,16.83,16.96,16.91,0.05000000000000071,0.3,226196.17,345371.114
600938.SH,20230109,17.0,17.16,16.95,17.16,16.96,0.1999999999999993,1.18,320618.53,494411.625
600938.SH,20230110,17.08,17.21,17.01,17.08,17.16,-0.08000000000000185,-0.47,198490.65,306445.109
600938.SH,20230111,17.05,17.21,16.99,17.15,17.08,0.07000000000000028,0.41,209301.82,323985.179
600938.SH,20230112,17.32,17.49,17.24,17.44,17.15,0.2900000000000027,1.69,421051.26,662003.042
600938.SH,20230113,17.51,17.63,17.4,17.45,17.44,0.00999999999999801,0.06,263373.83,416649.06
600938.SH,20230116,17.41,17.55,17.3,17.44,17.45,-0.00999999999999801,-0.06,294417.95,463669.105
600938.SH,20230117,17.38,17.38,17.1,17.13,17.44,-0.3100000000000023,-1.78,364963.52,566935.431
600938.SH,20230118,17.22,17.52,17.22,17.49,17.13,0.35999999999999943,2.1,387704.16,609991.279
600938.SH,20230119,17.34,17.45,17.28,17.39,17.49,-0.09999999999999787,-0.57,258755.04,405903.869
600938.SH,20230120,17.59,18.09,17.51,17.92,17.39,0.5300000000000011,3.05,659717.28,1066990.447
600938.SH,20230130,18.15,18.24,17.75,17.78,17.92,-0.14000000000000057,-0.78,513592.01,829883.435
600938.SH,20230131,17.67,17.75,17.51,17.59,17.78,-0.19000000000000128,-1.07,354358.86,563269.786
600938.SH,20230201,17.67,17.75,17.56,17.75,17.59,0.16000000000000014,0.91,445617.56,710182.2
600938.SH,20230202,17.65,17.87,17.55,17.82,17.75,0.07000000000000028,0.39,423307.19,676823.653
600938.SH,20230203,17.67,17.69,17.53,17.59,17.82,-0.23000000000000043,-1.29,347045.12,551526.393
600938.SH,20230206,17.45,17.61,17.32,17.6,17.59,0.010000000000001563,0.06,208216.78,329495.287
600938.SH,20230207,17.66,17.75,17.57,17.71,17.6,0.10999999999999943,0.62,273387.22,436387.601
600938.SH,20230208,17.86,17.93,17.61,17.67,17.71,-0.03999999999999915,-0.23,346517.94,557164.811
600938.SH,20230209,17.67,17.81,17.62,17.73,17.67,0.05999999999999872,0.34,288547.03,461967.096
600938.SH,20230210,17.69,17.72,17.51,17.59,17.73,-0.14000000000000057,-0.79,285138.59,453267.076
600938.SH,20230213,17.63,17.7,17.59,17.67,17.59,0.08000000000000185,0.45,251268.99,400501.339
600938.SH,20230214,17.67,17.81,17.58,17.81,17.67,0.13999999999999702,0.79,271377.82,433744.604
600938.SH,20230215,17.72,17.78,17.62,17.65,17.81,-0.16000000000000014,-0.9,179530.41,286564.116
600938.SH,20230216,17.63,17.79,17.38,17.51,17.65,-0.13999999999999702,-0.79,351303.57,559389.634
600938.SH,20230217,17.52,17.59,17.45,17.55,17.51,0.03999999999999915,0.23,220036.46,348444.285
600938.SH,20230220,17.52,17.79,17.45,17.77,17.55,0.21999999999999886,1.25,433774.41,693632.328
600938.SH,20230221,17.78,17.89,17.72,17.77,17.77,0.0,0.0,470231.15,756783.101
600938.SH,20230222,17.69,18.02,17.67,17.87,17.77,0.10000000000000142,0.56,466625.01,754209.451
600938.SH,20230223,17.8,17.87,17.75,17.81,17.87,-0.060000000000002274,-0.34,308731.16,496253.006
600938.SH,20230224,17.87,17.87,17.59,17.69,17.81,-0.11999999999999744,-0.67,202718.61,324041.823
600938.SH,20230227,17.68,17.75,17.6,17.66,17.69,-0.030000000000001137,-0.17,174479.93,278422.866
600938.SH,20230228,17.66,17.73,17.6,17.68,17.66,0.019999999999999574,0.11,155297.17,247630.224
600938.SH,20230301,17.7,17.89,17.69,17.87,17.68,0.19000000000000128,1.07,395108.53,635713.212
600938.SH,20230302,17.89,18.61,17.87,18.45,17.87,0.5799999999999983,3.25,1203108.58,1988026.481
600938.SH,20230303,18.46,19.2,18.32,19.02,18.45,0.5700000000000003,3.09,1395716.91,2374260.02
600938.SH,20230306,19.17,19.38,18.86,19.04,19.02,0.019999999999999574,0.11,743526.64,1282302.541
600938.SH,20230307,19.1,20.94,19.1,20.16,19.04,1.120000000000001,5.88,1737015.97,3188299.97
600938.SH,20230308,19.87,20.1,19.67,20.06,20.16,-0.10000000000000142,-0.5,901698.43,1617272.546
600938.SH,20230309,19.89,20.5,19.82,20.15,20.06,0.08999999999999986,0.45,696165.68,1269380.941
600938.SH,20230310,19.95,20.09,19.37,19.43,20.15,-0.7199999999999989,-3.57,677848.42,1204529.791
600938.SH,20230313,19.67,20.44,19.58,20.38,19.43,0.9499999999999993,4.89,884070.32,1600141.226
600938.SH,20230314,20.16,20.32,19.76,19.83,20.38,-0.5500000000000007,-2.7,650678.97,1171791.52
600938.SH,20230315,19.68,20.05,19.27,19.78,19.83,-0.04999999999999716,-0.25,705878.58,1249857.844
600938.SH,20230316,19.22,19.25,18.6,18.74,19.78,-1.0400000000000027,-5.26,1097316.96,1872429.476
600938.SH,20230317,18.84,19.59,18.84,19.34,18.74,0.6000000000000014,3.2,834058.92,1452107.588
600938.SH,20230320,19.16,19.55,18.65,18.77,19.34,-0.5700000000000003,-2.95,1003119.92,1730462.057
600938.SH,20230321,18.92,18.93,18.34,18.69,18.77,-0.0799999999999983,-0.43,555044.07,931633.846
600938.SH,20230322,18.82,18.96,18.51,18.63,18.69,-0.060000000000002274,-0.32,545649.49,922971.447
600938.SH,20230323,18.65,18.99,18.35,18.83,18.63,0.1999999999999993,1.07,602033.73,1020061.084
600938.SH,20230324,18.7,18.7,18.4,18.49,18.83,-0.33999999999999986,-1.81,602973.33,1007392.521
600938.SH,20230327,18.49,18.49,18.15,18.23,18.49,-0.259999999999998,-1.41,548491.34,903628.382
600938.SH,20230328,18.54,18.7,18.38,18.59,18.23,0.35999999999999943,1.97,706559.62,1183441.842
600938.SH,20230329,18.68,18.77,18.49,18.65,18.59,0.05999999999999872,0.32,453907.11,763908.755
600938.SH,20230330,18.49,19.15,18.32,18.99,18.65,0.33999999999999986,1.82,1007932.24,1708789.557
600938.SH,20230331,18.97,19.04,18.73,18.86,18.99,-0.129999999999999,-0.68,470634.64,801399.129
600938.SH,20230403,19.45,20.25,19.45,19.53,18.86,0.6700000000000017,3.55,1169315.04,2095313.338
600938.SH,20230404,19.8,20.24,19.67,19.99,19.53,0.4599999999999973,2.36,823075.57,1484875.093
600938.SH,20230406,19.99,20.0,19.43,19.67,19.99,-0.31999999999999673,-1.6,754512.48,1339726.083
600938.SH,20230407,19.55,19.64,19.18,19.45,19.67,-0.22000000000000242,-1.12,477310.03,836563.915
600938.SH,20230410,19.48,20.03,19.32,19.93,19.45,0.4800000000000004,2.47,800188.39,1430833.496
600938.SH,20230411,19.76,19.77,19.49,19.73,19.93,-0.1999999999999993,-1.0,468806.19,832026.197
600938.SH,20230412,19.72,20.24,19.7,20.08,19.73,0.34999999999999787,1.77,643784.15,1163417.392
600938.SH,20230413,20.26,21.45,20.26,20.84,20.08,0.7600000000000016,3.78,1371774.66,2601559.42
600938.SH,20230414,20.72,21.28,20.6,20.98,20.84,0.14000000000000057,0.67,661567.34,1249566.166
600938.SH,20230417,20.96,22.12,20.83,21.97,20.98,0.9899999999999984,4.72,1103985.39,2156459.431
600938.SH,20230418,21.73,21.73,21.2,21.39,21.97,-0.5799999999999983,-2.64,610847.24,1181554.754
600938.SH,20230419,21.32,21.6,20.99,21.12,21.39,-0.2699999999999996,-1.26,505202.04,970308.048
600938.SH,20230420,20.9,21.49,20.57,21.44,21.12,0.3200000000000003,1.52,599632.61,1138710.534
600938.SH,20230421,21.17,22.31,21.03,21.34,21.44,-0.10000000000000142,-0.47,903593.32,1765374.109
600938.SH,20230424,21.43,21.61,20.7,20.92,21.34,-0.41999999999999815,-1.97,726017.32,1383931.801
600938.SH,20230425,21.0,21.37,20.7,21.15,20.92,0.22999999999999687,1.1,798211.05,1522490.315
600938.SH,20230426,20.9,20.9,19.93,20.51,21.15,-0.639999999999997,-3.03,825591.35,1526317.321
600938.SH,20230427,20.13,20.49,20.13,20.35,20.51,-0.16000000000000014,-0.78,404411.11,742715.28
600938.SH,20230428,20.65,21.56,20.61,21.4,20.35,1.0499999999999972,5.16,753543.52,1435383.719
600938.SH,20230504,20.62,21.22,20.17,20.94,21.4,-0.4599999999999973,-2.15,802884.04,1502285.275
600938.SH,20230505,20.81,21.08,20.31,20.48,20.94,-0.46000000000000085,-2.2,520651.94,968261.796
600938.SH,20230508,20.75,22.47,20.75,22.05,20.48,1.5700000000000003,7.67,1172740.63,2308602.952
600938.SH,20230509,22.24,22.79,21.71,21.84,22.05,-0.21000000000000085,-0.95,826189.23,1654125.462
600938.SH,20230510,21.92,22.02,20.99,21.2,21.84,-0.6400000000000006,-2.93,712324.15,1370509.427
600938.SH,20230511,21.13,21.48,21.04,21.29,21.2,0.08999999999999986,0.42,371157.32,712923.437
600938.SH,20230512,21.1,21.3,20.66,20.88,21.29,-0.41000000000000014,-1.93,533398.0,1007451.671
600938.SH,20230515,20.7,21.11,20.48,21.1,20.88,0.22000000000000242,1.05,374228.93,703319.114
600938.SH,20230516,21.25,21.64,20.96,20.98,21.1,-0.120000000000001,-0.57,459558.14,883542.723
600938.SH,20230517,20.81,20.93,20.65,20.83,20.98,-0.15000000000000213,-0.71,278138.91,522727.642
600938.SH,20230518,21.09,21.25,20.98,20.99,20.83,0.16000000000000014,0.77,321534.34,613367.522
600938.SH,20230519,20.92,21.17,20.73,21.08,20.99,0.08999999999999986,0.43,307259.32,582352.921
600938.SH,20230522,20.94,21.23,20.89,21.21,21.08,0.13000000000000256,0.62,229020.48,436927.206
600938.SH,20230523,21.28,21.53,20.51,20.52,21.21,-0.6900000000000013,-3.25,509998.27,964152.594
600938.SH,20230524,20.51,20.68,20.26,20.37,20.52,-0.14999999999999858,-0.73,340965.58,629279.271
600938.SH,20230525,20.35,20.42,19.57,20.04,20.37,-0.33000000000000185,-1.62,446606.26,805552.083
600938.SH,20230526,19.82,20.13,19.6,19.93,20.04,-0.10999999999999943,-0.55,353143.49,633753.081
600938.SH,20230529,20.1,20.55,20.03,20.34,19.93,0.41000000000000014,2.06,375148.31,688807.806
600938.SH,20230530,20.34,20.49,20.11,20.3,20.34,-0.03999999999999915,-0.2,254380.08,466596.925
600938.SH,20230531,19.99,20.0,19.32,19.43,20.3,-0.870000000000001,-4.29,588031.55,1041107.845
600938.SH,20230601,19.34,19.74,19.25,19.62,19.43,0.19000000000000128,0.98,291877.09,515435.952
600938.SH,20230602,19.82,20.16,19.8,19.86,19.62,0.23999999999999844,1.22,289858.17,522934.167
600938.SH,20230605,20.14,20.2,19.89,20.01,19.86,0.15000000000000213,0.76,293094.98,529910.461
600938.SH,20230606,19.93,20.15,19.82,19.9,20.01,-0.11000000000000298,-0.55,229923.81,415727.042
600938.SH,20230607,19.86,20.04,19.76,20.03,19.9,0.13000000000000256,0.65,240558.34,433097.919
600938.SH,20230608,20.08,20.42,20.07,20.4,20.03,0.36999999999999744,1.85,325679.66,596487.566
600938.SH,20230609,20.31,20.73,20.29,20.67,20.4,0.2700000000000031,1.32,273992.03,508772.659
600938.SH,20230612,20.62,20.79,20.51,20.57,20.67,-0.10000000000000142,-0.48,288088.68,536849.116
600938.SH,20230613,20.34,20.37,19.57,19.95,20.57,-0.620000000000001,-3.01,615409.56,1104893.225
600938.SH,20230614,20.1,20.27,20.03,20.2,19.95,0.25,1.25,273723.03,498137.313
600938.SH,20230615,20.07,20.18,19.93,20.16,20.2,-0.03999999999999915,-0.2,258004.11,467485.13
600938.SH,20230616,20.46,20.53,20.32,20.48,20.16,0.3200000000000003,1.59,282567.37,522257.016
600938.SH,20230619,20.48,20.49,20.24,20.31,20.48,-0.1700000000000017,-0.83,240932.71,443264.295
600938.SH,20230620,20.24,20.27,19.83,19.87,20.31,-0.4399999999999977,-2.17,346027.08,625312.001
600938.SH,20230621,19.83,20.13,19.75,19.75,19.87,-0.120000000000001,-0.6,311289.39,559910.601
600938.SH,20230626,19.69,19.9,19.59,19.73,19.75,-0.019999999999999574,-0.1,210951.75,377141.793
600938.SH,20230627,19.83,20.14,19.58,20.03,19.73,0.3000000000000007,1.52,320320.93,575269.692
600938.SH,20230628,19.93,20.2,19.83,20.17,20.03,0.14000000000000057,0.7,225892.64,408785.158
600938.SH,20230629,20.44,20.44,19.93,19.95,20.17,-0.22000000000000242,-1.09,148224.11,268863.115
600938.SH,20230630,19.98,20.07,19.93,20.06,19.95,0.10999999999999943,0.55,129479.46,233922.563
600938.SH,20230703,20.07,20.67,20.06,20.61,20.06,0.5500000000000007,2.74,338323.64,624104.578
600938.SH,20230704,20.53,21.1,20.48,21.09,20.61,0.4800000000000004,2.33,387963.51,730891.604
600938.SH,20230705,21.2,21.31,20.88,21.1,21.09,0.010000000000001563,0.05,236960.1,451605.334
600938.SH,20230706,21.11,21.25,20.9,21.1,21.1,0.0,0.0,151424.37,287944.791
600938.SH,20230707,21.1,21.25,20.93,21.14,21.1,0.03999999999999915,0.19,160834.77,306956.18
600938.SH,20230710,21.22,21.37,20.89,21.03,21.14,-0.10999999999999943,-0.52,169605.09,322767.685
600938.SH,20230711,21.04,21.08,20.82,20.93,21.03,-0.10000000000000142,-0.48,176591.12,333728.731
600938.SH,20230712,21.02,21.46,21.02,21.33,20.93,0.3999999999999986,1.91,356849.24,687171.604
600938.SH,20230713,21.58,21.92,21.38,21.86,21.33,0.5300000000000011,2.48,396106.1,776488.138
600938.SH,20230714,22.08,22.22,21.84,21.87,21.87,0.0,0.0,264666.35,507658.559
600938.SH,20230717,21.66,21.86,21.56,21.85,21.87,-0.019999999999999574,-0.09,167675.72,317303.044
600938.SH,20230718,21.79,21.84,21.61,21.63,21.85,-0.22000000000000242,-1.01,119199.75,225318.499
600938.SH,20230719,21.77,22.18,21.7,22.0,21.63,0.370000000000001,1.71,165281.69,316631.078
600938.SH,20230720,22.0,22.11,21.53,21.61,22.0,-0.39000000000000057,-1.77,216824.05,411077.702
600938.SH,20230721,21.63,21.7,21.4,21.43,21.61,-0.17999999999999972,-0.83,164925.13,309185.307
600938.SH,20230724,21.56,21.6,21.06,21.21,21.43,-0.21999999999999886,-1.03,187796.32,348083.614
600938.SH,20230725,21.58,21.92,21.58,21.77,21.21,0.5599999999999987,2.64,291090.17,552091.917
600938.SH,20230726,21.77,21.9,21.41,21.52,21.77,-0.25,-1.15,194372.96,365799.46
600938.SH,20230727,21.53,21.9,21.52,21.6,21.52,0.08000000000000185,0.37,195823.75,370541.479
600938.SH,20230728,21.52,21.69,21.33,21.67,21.6,0.07000000000000028,0.32,339647.25,637570.514
600938.SH,20230731,21.69,21.92,21.38,21.54,21.67,-0.13000000000000256,-0.6,358792.93,674660.593
600938.SH,20230801,21.62,21.9,21.56,21.84,21.54,0.3000000000000007,1.39,443400.79,841831.841
600938.SH,20230802,21.88,21.93,21.51,21.61,21.84,-0.23000000000000043,-1.05,340636.9,642760.655
600938.SH,20230803,21.46,21.46,21.16,21.25,21.61,-0.35999999999999943,-1.67,317046.07,587734.296
600938.SH,20230804,21.39,21.63,21.33,21.37,21.25,0.120000000000001,0.56,330103.23,617410.102
600938.SH,20230807,21.39,21.55,21.32,21.51,21.37,0.14000000000000057,0.66,198766.97,372255.81
600938.SH,20230808,21.48,21.64,21.4,21.51,21.51,0.0,0.0,145095.64,272093.905
600938.SH,20230809,21.58,21.59,21.3,21.38,21.51,-0.13000000000000256,-0.6,155210.47,289276.688
600938.SH,20230810,21.52,21.83,21.52,21.8,21.38,0.4200000000000017,1.96,540520.51,1024084.787
600938.SH,20230811,21.68,21.8,21.33,21.4,21.8,-0.40000000000000213,-1.83,366143.49,687456.669
600938.SH,20230814,21.35,21.51,21.22,21.4,21.4,0.0,0.0,235139.31,438131.851
600938.SH,20230815,21.35,21.45,21.22,21.4,21.4,0.0,0.0,178662.93,332811.592
600938.SH,20230816,21.28,21.31,20.92,20.94,21.4,-0.4599999999999973,-2.15,258146.02,474778.327
600938.SH,20230817,20.75,21.15,20.65,21.15,20.94,0.2099999999999973,1.0,177923.09,324104.332
600938.SH,20230818,21.14,21.41,21.04,21.17,21.15,0.020000000000003126,0.09,213947.11,395992.631
600938.SH,20230821,21.14,21.28,21.0,21.17,21.17,0.0,0.0,165820.86,305507.645
600938.SH,20230822,21.08,21.63,21.07,21.58,21.17,0.4099999999999966,1.94,376428.09,705222.929
600938.SH,20230823,21.56,21.8,21.48,21.49,21.58,-0.08999999999999986,-0.42,237746.13,449527.306
600938.SH,20230824,21.49,21.66,21.35,21.47,21.49,-0.019999999999999574,-0.09,184982.66,346429.906
600938.SH,20230825,21.38,21.59,21.38,21.49,21.47,0.019999999999999574,0.09,153453.0,287648.905
600938.SH,20230828,22.24,22.31,21.63,21.76,21.49,0.2700000000000031,1.26,359205.59,684332.477
600938.SH,20230829,21.76,21.88,21.71,21.76,21.76,0.0,0.0,169689.3,322108.307
600938.SH,20230830,21.77,21.82,21.72,21.8,21.76,0.03999999999999915,0.18,159827.72,303484.812
600938.SH,20230831,21.91,21.91,21.72,21.79,21.8,-0.010000000000001563,-0.05,106740.33,202884.865
600938.SH,20230901,21.85,22.01,21.85,21.97,21.79,0.17999999999999972,0.83,257467.52,492890.96
600938.SH,20230904,22.11,22.33,22.1,22.32,21.97,0.3500000000000014,1.59,481026.79,932947.716
600938.SH,20230905,22.25,22.53,22.18,22.37,22.32,0.05000000000000071,0.22,407437.66,794015.934
600938.SH,20230906,22.6,22.91,22.25,22.53,22.37,0.16000000000000014,0.72,315356.47,618670.381
600938.SH,20230907,22.64,22.99,22.57,22.62,22.53,0.08999999999999986,0.4,576666.9,1145078.368
600938.SH,20230908,22.46,22.46,22.0,22.22,22.62,-0.40000000000000213,-1.77,355224.23,686101.462
600938.SH,20230911,22.24,22.5,22.17,22.37,22.22,0.15000000000000213,0.68,328171.96,639045.482
600938.SH,20230912,22.27,22.55,22.17,22.21,22.37,-0.16000000000000014,-0.72,273915.48,532663.929
600938.SH,20230913,22.41,22.54,22.31,22.49,22.21,0.2799999999999976,1.26,277695.13,542973.181
600938.SH,20230914,22.47,23.28,22.4,23.2,22.49,0.7100000000000009,3.16,629178.72,1259571.887
600938.SH,20230915,23.51,24.2,23.16,23.31,23.2,0.10999999999999943,0.47,566334.09,1166697.693
600938.SH,20230918,23.34,23.43,22.92,23.32,23.31,0.010000000000001563,0.04,375867.23,758210.426
600938.SH,20230919,23.35,23.67,23.3,23.41,23.32,0.08999999999999986,0.39,307642.0,629857.304
600938.SH,20230920,23.31,23.7,23.2,23.64,23.41,0.23000000000000043,0.98,336471.07,690758.975
600938.SH,20230921,23.51,23.88,23.46,23.79,23.64,0.14999999999999858,0.63,322533.31,666802.842
600938.SH,20230922,23.79,23.83,23.19,23.71,23.79,-0.0799999999999983,-0.34,454209.26,931918.472
600938.SH,20230925,23.67,23.82,23.43,23.44,23.71,-0.2699999999999996,-1.14,385595.26,794637.283
600938.SH,20230926,23.51,23.74,23.4,23.49,23.44,0.04999999999999716,0.21,337491.37,693876.216
600938.SH,20230927,23.56,23.88,23.44,23.86,23.49,0.370000000000001,1.58,388820.4,804754.123
600938.SH,20230928,24.29,24.47,24.0,24.25,23.86,0.39000000000000057,1.63,336696.58,709743.206
600938.SH,20231009,23.5,24.18,22.92,24.06,24.25,-0.19000000000000128,-0.78,725635.56,1478738.458
600938.SH,20231010,23.86,24.02,23.13,23.17,24.06,-0.889999999999997,-3.7,454955.76,930452.073
600938.SH,20231011,23.18,23.51,23.02,23.27,23.17,0.09999999999999787,0.43,434789.54,880937.02
600938.SH,20231012,23.17,23.46,23.04,23.38,23.27,0.10999999999999943,0.47,368366.77,747497.255
600938.SH,20231013,23.36,23.83,23.28,23.78,23.38,0.40000000000000213,1.71,324570.12,668014.497
600938.SH,20231016,24.2,24.26,23.65,23.94,23.78,0.16000000000000014,0.67,418581.24,874050.859
600938.SH,20231017,23.74,24.26,23.74,24.24,23.94,0.29999999999999716,1.25,333479.45,699591.761
600938.SH,20231018,24.45,24.45,24.05,24.11,24.24,-0.129999999999999,-0.54,258348.42,531691.827
600938.SH,20231019,24.13,24.2,23.68,23.74,24.11,-0.370000000000001,-1.53,192596.75,390190.858
600938.SH,20231020,23.84,23.88,23.64,23.67,23.74,-0.06999999999999673,-0.29,162621.74,328249.99
600938.SH,20231023,23.58,24.38,23.52,23.91,23.67,0.23999999999999844,1.01,414868.35,846137.801
600938.SH,20231024,23.93,24.07,23.6,23.78,23.91,-0.129999999999999,-0.54,337628.0,681174.378
600938.SH,20231025,23.72,23.75,22.85,23.11,23.78,-0.6700000000000017,-2.82,552633.29,1091616.885
600938.SH,20231026,23.05,23.61,22.98,23.61,23.11,0.5,2.16,279929.94,554667.451
600938.SH,20231027,23.46,23.77,23.31,23.42,23.61,-0.18999999999999773,-0.8,266400.74,531349.111
600938.SH,20231030,23.44,23.49,22.86,22.98,23.42,-0.4400000000000013,-1.88,337259.96,660656.461
600938.SH,20231031,22.86,23.11,22.71,22.95,22.98,-0.030000000000001137,-0.13,192639.49,375462.612
600938.SH,20231101,22.81,23.12,22.72,23.11,22.95,0.16000000000000014,0.7,195619.29,381818.925
600938.SH,20231102,23.11,23.31,23.02,23.12,23.11,0.010000000000001563,0.04,174740.88,344417.56
600938.SH,20231103,23.22,23.27,22.91,22.98,23.12,-0.14000000000000057,-0.61,236135.49,461277.813
600938.SH,20231106,22.87,22.87,21.86,22.13,22.98,-0.8500000000000014,-3.7,770391.67,1454566.568
600938.SH,20231107,21.98,22.47,21.89,22.4,22.13,0.2699999999999996,1.22,408130.75,771443.846
600938.SH,20231108,22.05,22.32,21.81,22.29,22.4,-0.10999999999999943,-0.49,374419.18,701736.331
600938.SH,20231109,22.12,22.41,21.99,22.34,22.29,0.05000000000000071,0.22,268533.78,506952.343
600938.SH,20231110,22.29,22.46,22.22,22.41,22.34,0.07000000000000028,0.31,178766.68,339974.046
600938.SH,20231113,22.47,22.67,22.15,22.66,22.41,0.25,1.12,307816.89,587329.758
600938.SH,20231114,22.69,22.81,22.26,22.38,22.66,-0.28000000000000114,-1.24,275217.99,524803.209
600938.SH,20231115,22.4,22.65,22.34,22.62,22.38,0.240000000000002,1.07,222808.34,426482.428
600938.SH,20231116,22.52,22.87,22.51,22.79,22.62,0.16999999999999815,0.75,226993.04,438826.706
600938.SH,20231117,22.6,22.6,22.27,22.51,22.79,-0.2799999999999976,-1.23,273989.87,522286.137
600938.SH,20231120,22.64,22.87,22.34,22.41,22.51,-0.10000000000000142,-0.44,315627.76,605502.602
600938.SH,20231121,22.51,22.55,22.34,22.35,22.41,-0.05999999999999872,-0.27,241453.56,459561.686
600938.SH,20231122,22.32,22.61,22.26,22.44,22.35,0.08999999999999986,0.4,240468.49,458812.527
600938.SH,20231123,22.36,22.65,22.35,22.64,22.44,0.1999999999999993,0.89,228370.7,437342.469
600938.SH,20231124,22.59,22.89,22.59,22.84,22.64,0.1999999999999993,0.88,251658.47,488167.831
600938.SH,20231127,22.82,22.86,22.46,22.58,22.84,-0.26000000000000156,-1.14,287187.64,551166.514
600938.SH,20231128,22.59,22.72,22.54,22.64,22.58,0.060000000000002274,0.27,200461.39,385801.359
600938.SH,20231129,22.69,22.95,22.66,22.91,22.64,0.2699999999999996,1.19,246563.2,479220.349
600938.SH,20231130,22.95,23.42,22.95,23.4,22.91,0.48999999999999844,2.14,303549.96,599523.041
600938.SH,20231201,23.19,23.58,23.19,23.49,23.4,0.08999999999999986,0.38,252177.59,502061.124
600938.SH,20231204,23.45,23.72,23.32,23.37,23.49,-0.11999999999999744,-0.51,248641.16,495846.676
600938.SH,20231205,23.32,23.4,23.09,23.11,23.37,-0.26000000000000156,-1.11,203778.68,402220.691
600938.SH,20231206,23.07,23.07,22.69,22.92,23.11,-0.18999999999999773,-0.82,279805.21,542590.343
600938.SH,20231207,22.67,22.92,22.36,22.84,22.92,-0.08000000000000185,-0.35,348778.73,672615.383
600938.SH,20231208,22.85,23.62,22.84,23.62,22.84,0.7800000000000011,3.42,448325.11,890654.638
600938.SH,20231211,23.47,23.49,22.89,23.15,23.62,-0.4700000000000024,-1.99,409271.42,803646.108
600938.SH,20231212,23.08,23.38,22.95,23.35,23.15,0.20000000000000284,0.86,226539.28,447864.936
600938.SH,20231213,23.08,23.28,22.81,22.82,23.35,-0.5300000000000011,-2.27,361364.73,705122.647
600938.SH,20231214,22.89,23.12,22.81,23.02,22.82,0.1999999999999993,0.88,179824.77,351357.279
600938.SH,20231215,23.13,23.32,22.78,22.78,23.02,-0.23999999999999844,-1.04,202977.23,396257.348
600938.SH,20231218,22.74,23.07,22.66,23.01,22.78,0.23000000000000043,1.01,184351.4,360199.941
600938.SH,20231219,23.07,23.26,23.0,23.2,23.01,0.18999999999999773,0.83,191032.62,375870.523
600938.SH,20231220,23.31,23.54,23.28,23.35,23.2,0.15000000000000213,0.65,261875.38,521819.153
600938.SH,20231221,23.31,23.41,23.13,23.21,23.35,-0.14000000000000057,-0.6,217234.0,428886.642
600938.SH,20231222,23.19,23.55,23.15,23.46,23.21,0.25,1.08,294611.69,587315.905
600938.SH,20231225,23.49,23.54,23.28,23.54,23.46,0.0799999999999983,0.34,266688.77,531066.871
600938.SH,20231226,23.47,23.82,23.47,23.58,23.54,0.03999999999999915,0.17,409380.72,824338.668
600938.SH,20231227,23.66,24.35,23.59,24.27,23.58,0.6900000000000013,2.93,474152.76,968898.706
600938.SH,20231228,24.19,24.54,23.98,24.32,24.27,0.05000000000000071,0.21,424171.81,871953.022
600938.SH,20231229,24.13,24.81,24.08,24.68,24.32,0.35999999999999943,1.48,428870.6,892269.161
600938.SH,20240102,24.68,25.31,24.51,24.62,24.68,-0.05999999999999872,-0.24,335433.71,707878.844
600938.SH,20240103,24.52,25.05,24.51,24.83,24.62,0.2099999999999973,0.85,318518.75,670313.772
600938.SH,20240104,25.03,25.37,24.81,25.11,24.83,0.28000000000000114,1.13,345894.51,736248.68
600938.SH,20240105,25.21,25.43,24.79,24.93,25.11,-0.17999999999999972,-0.72,274837.23,585946.154
600938.SH,20240108,24.95,24.99,24.6,24.92,24.93,-0.00999999999999801,-0.04,239773.49,506045.691
600938.SH,20240109,24.6,24.9,24.32,24.84,24.92,-0.08000000000000185,-0.32,296339.1,618951.165
600938.SH,20240110,24.84,25.1,24.35,24.41,24.84,-0.4299999999999997,-1.73,299794.08,626028.039
600938.SH,20240111,24.34,24.48,24.05,24.18,24.41,-0.23000000000000043,-0.94,264088.47,542679.985
600938.SH,20240112,24.3,24.54,24.17,24.26,24.18,0.08000000000000185,0.33,230198.5,475584.047
600938.SH,20240115,24.26,24.67,24.26,24.61,24.26,0.34999999999999787,1.44,265667.08,553736.815
600938.SH,20240116,24.61,24.71,24.25,24.55,24.61,-0.05999999999999872,-0.24,245034.77,509199.908
600938.SH,20240117,24.47,24.68,24.31,24.32,24.55,-0.23000000000000043,-0.94,247373.24,514958.068
600938.SH,20240118,24.25,24.46,23.4,24.31,24.32,-0.010000000000001563,-0.04,415770.04,841618.275
600938.SH,20240119,24.19,24.42,24.02,24.13,24.31,-0.17999999999999972,-0.74,264634.37,544852.209
600938.SH,20240122,24.11,24.35,23.87,24.08,24.13,-0.05000000000000071,-0.21,322947.96,663644.226
600938.SH,20240123,24.1,24.25,23.8,24.18,24.08,0.10000000000000142,0.42,243109.08,496456.282
600938.SH,20240124,24.21,24.9,24.18,24.86,24.18,0.6799999999999997,2.81,328351.27,684914.797
600938.SH,20240125,25.1,26.46,24.87,26.27,24.86,1.4100000000000001,5.67,652606.45,1428358.713
600938.SH,20240126,26.48,27.31,26.25,26.93,26.27,0.6600000000000001,2.51,709003.0,1609288.054
600938.SH,20240129,26.93,27.65,26.73,26.88,26.93,-0.05000000000000071,-0.19,584746.99,1354169.672
600938.SH,20240130,26.6,27.3,26.6,26.94,26.88,0.060000000000002274,0.22,353405.4,808130.061
600938.SH,20240131,26.83,27.25,26.72,27.0,26.94,0.05999999999999872,0.22,296559.9,680677.411
600938.SH,20240201,26.78,26.99,26.07,26.11,27.0,-0.8900000000000006,-3.3,511976.31,1148952.021
600938.SH,20240202,25.99,26.51,25.8,26.33,26.11,0.21999999999999886,0.84,430236.98,958391.789
600938.SH,20240205,26.21,27.36,26.13,27.12,26.33,0.7900000000000027,3.0,577667.46,1326685.463
600938.SH,20240206,27.12,27.52,26.72,26.92,27.12,-0.1999999999999993,-0.74,450400.42,1034232.895
600938.SH,20240207,26.79,27.09,26.34,27.09,26.92,0.16999999999999815,0.63,547687.07,1241297.967
600938.SH,20240208,26.93,27.06,26.48,26.9,27.09,-0.19000000000000128,-0.7,366413.02,833344.914
600938.SH,20240219,26.93,29.1,26.9,28.97,26.9,2.0700000000000003,7.7,592794.25,1417301.946
600938.SH,20240220,28.72,29.51,28.56,28.82,28.97,-0.14999999999999858,-0.52,477947.95,1172007.618
600938.SH,20240221,28.82,29.75,28.82,28.91,28.82,0.08999999999999986,0.31,513733.43,1273366.182
600938.SH,20240222,28.96,30.32,28.86,29.78,28.91,0.870000000000001,3.01,651747.25,1635827.005
600938.SH,20240223,30.06,30.19,29.31,29.42,29.78,-0.35999999999999943,-1.21,475018.01,1196352.299
600938.SH,20240226,29.31,29.75,29.07,29.45,29.42,0.029999999999997584,0.1,509439.14,1274906.562
600938.SH,20240227,29.43,30.59,29.35,30.33,29.45,0.879999999999999,2.99,629786.11,1614261.215
600938.SH,20240228,30.35,30.55,29.36,29.62,30.33,-0.7099999999999973,-2.34,594812.26,1505200.865
600938.SH,20240229,29.6,29.78,29.45,29.75,29.62,0.129999999999999,0.44,317367.75,798503.565
600938.SH,20240301,29.53,29.84,29.46,29.58,29.75,-0.1700000000000017,-0.57,250076.44,629000.414
600938.SH,20240304,29.78,31.77,29.73,31.75,29.58,2.1700000000000017,7.34,643067.7,1694303.348
600938.SH,20240305,31.43,31.9,31.37,31.85,31.75,0.10000000000000142,0.31,434887.04,1168122.974
600938.SH,20240306,31.92,32.96,31.81,31.9,31.85,0.04999999999999716,0.16,597507.34,1639189.321
600938.SH,20240307,31.9,33.55,31.73,33.04,31.9,1.1400000000000006,3.57,587805.65,1642166.454
600938.SH,20240308,33.43,36.35,32.81,36.0,33.04,2.960000000000001,8.96,738439.66,2161609.299
600938.SH,20240311,35.67,35.69,33.55,34.3,36.0,-1.7000000000000028,-4.72,1029948.98,3002410.15
600938.SH,20240312,33.94,33.98,32.15,32.33,34.3,-1.9699999999999989,-5.74,1116162.31,3112922.819
600938.SH,20240313,31.85,33.02,31.58,32.81,32.33,0.480000000000004,1.48,783432.2,2154421.054
600938.SH,20240314,32.94,34.09,32.77,33.65,32.81,0.8399999999999963,2.56,798756.78,2273351.81
600938.SH,20240315,33.84,34.37,32.22,33.02,33.65,-0.6299999999999955,-1.87,611526.2,1723313.492
600938.SH,20240318,32.49,33.21,32.25,33.14,33.02,0.11999999999999744,0.36,521566.23,1451654.804
600938.SH,20240319,33.56,34.09,33.31,33.45,33.14,0.3100000000000023,0.94,547902.35,1571384.428
600938.SH,20240320,33.43,34.14,33.03,33.78,33.45,0.3299999999999983,0.99,658531.75,1884796.134
600938.SH,20240321,33.74,34.09,33.25,33.41,33.78,-0.37000000000000455,-1.1,564264.18,1611704.66
600938.SH,20240322,32.49,32.81,31.81,32.15,33.41,-1.259999999999998,-3.77,719795.02,1975922.125
600938.SH,20240325,32.02,33.3,32.02,33.1,32.15,0.9500000000000028,2.95,635210.9,1773902.0
600938.SH,20240326,33.49,33.68,32.61,33.02,33.1,-0.0799999999999983,-0.24,473913.71,1327066.979
600938.SH,20240327,32.81,32.96,32.61,32.78,33.02,-0.240000000000002,-0.73,285135.21,794782.292
600938.SH,20240328,32.72,33.21,32.37,33.14,32.78,0.35999999999999943,1.1,399062.18,1114100.124
600938.SH,20240329,33.43,34.49,33.43,34.41,33.14,1.269999999999996,3.83,753432.33,2187439.141
600938.SH,20240401,34.47,34.7,33.9,34.11,34.41,-0.29999999999999716,-0.87,453767.0,1317598.636
600938.SH,20240402,34.39,35.28,34.39,35.08,34.11,0.9699999999999989,2.84,628218.24,1866214.647
600938.SH,20240403,35.55,35.87,35.09,35.22,35.08,0.14000000000000057,0.4,524548.9,1576205.135
600938.SH,20240408,34.57,35.78,34.48,35.02,35.22,-0.19999999999999574,-0.57,521931.83,1563296.494
600938.SH,20240409,35.09,35.21,33.91,34.27,35.02,-0.75,-2.14,417884.86,1222831.698
600938.SH,20240410,33.9,34.7,33.88,34.44,34.27,0.1699999999999946,0.5,371198.54,1084418.926
600938.SH,20240411,34.27,35.03,34.27,34.57,34.44,0.13000000000000256,0.38,398390.85,1175986.369
600938.SH,20240412,34.43,34.58,34.02,34.37,34.57,-0.20000000000000284,-0.58,381169.7,1110288.441
600938.SH,20240415,34.23,35.23,34.19,35.14,34.37,0.7700000000000031,2.24,562956.65,1666991.641
600938.SH,20240416,35.09,35.78,34.92,35.16,35.14,0.01999999999999602,0.06,574064.87,1723545.361
600938.SH,20240417,35.0,35.04,34.38,35.02,35.16,-0.13999999999999346,-0.4,471903.59,1391554.398
600938.SH,20240418,34.61,35.01,34.25,34.31,35.02,-0.7100000000000009,-2.03,509698.4,1495962.249
600938.SH,20240419,34.75,36.61,34.75,35.67,34.31,1.3599999999999994,3.96,1046888.8,3166056.994
600938.SH,20240422,35.18,35.62,33.89,34.01,35.67,-1.6600000000000037,-4.65,1047648.58,3081449.076
600938.SH,20240423,33.9,34.01,32.91,33.38,34.01,-0.6299999999999955,-1.85,496780.27,1408066.236
600938.SH,20240424,33.67,33.9,33.36,33.76,33.38,0.37999999999999545,1.14,300810.28,859186.08
600938.SH,20240425,33.63,33.96,33.56,33.96,33.76,0.20000000000000284,0.59,218571.53,628616.805
600938.SH,20240426,34.94,35.52,34.9,35.28,33.96,1.3200000000000003,3.89,855360.1,2559500.703
600938.SH,20240429,35.07,35.08,34.28,34.47,35.28,-0.8100000000000023,-2.3,605907.45,1778576.582
600938.SH,20240430,34.25,35.38,34.19,35.22,34.47,0.75,2.18,613718.54,1827957.904
600938.SH,20240506,34.42,34.42,34.02,34.39,35.22,-0.8299999999999983,-2.36,669049.86,1946523.6
600938.SH,20240507,34.39,34.61,34.29,34.43,34.39,0.03999999999999915,0.12,322896.63,944500.428
600938.SH,20240508,34.34,34.52,34.14,34.21,34.43,-0.21999999999999886,-0.64,347468.54,1013700.189
600938.SH,20240509,34.38,34.47,33.99,34.08,34.21,-0.13000000000000256,-0.38,371261.08,1076863.581
600938.SH,20240510,34.19,34.36,33.98,34.3,34.08,0.21999999999999886,0.65,399923.39,1162353.173
600938.SH,20240513,34.02,34.35,33.97,34.04,34.3,-0.259999999999998,-0.76,330811.26,957823.134
600938.SH,20240514,34.1,34.19,33.87,33.9,34.04,-0.14000000000000057,-0.41,335291.76,969116.525
600938.SH,20240515,33.78,33.9,33.26,33.32,33.9,-0.5799999999999983,-1.71,363955.8,1034100.974
600938.SH,20240516,33.35,33.81,33.17,33.26,33.32,-0.060000000000002274,-0.18,325499.34,924481.145
600938.SH,20240517,33.38,33.39,32.55,33.19,33.26,-0.07000000000000028,-0.21,382060.73,1074924.786
600938.SH,20240520,33.25,34.28,33.23,34.17,33.19,0.980000000000004,2.95,598386.6,1718001.816
600938.SH,20240521,33.97,34.12,33.75,33.75,34.17,-0.4200000000000017,-1.23,295006.93,849221.711
600938.SH,20240522,33.67,33.75,33.43,33.5,33.75,-0.25,-0.74,292041.5,831974.758
600938.SH,20240523,33.29,33.41,33.17,33.22,33.5,-0.28000000000000114,-0.84,274050.14,774677.066
600938.SH,20240524,33.28,33.54,33.1,33.36,33.22,0.14000000000000057,0.42,222633.12,631434.295
600938.SH,20240527,33.5,34.31,33.5,34.22,33.36,0.8599999999999994,2.58,544281.0,1576747.448
600938.SH,20240528,34.39,35.28,34.39,34.67,34.22,0.45000000000000284,1.32,661692.95,1961226.743
600938.SH,20240529,34.91,35.94,34.72,35.83,34.67,1.1599999999999966,3.35,811497.47,2442392.628
600938.SH,20240530,35.48,35.76,34.76,34.87,35.83,-0.9600000000000009,-2.68,421143.35,1264013.72
600938.SH,20240531,34.61,35.0,34.61,34.84,34.87,-0.02999999999999403,-0.09,309603.86,915496.932
600938.SH,20240603,34.72,36.09,34.71,35.31,34.84,0.46999999999999886,1.35,634740.12,1921004.042
600938.SH,20240604,34.32,35.51,34.14,35.28,35.31,-0.030000000000001137,-0.08,551735.14,1634773.326
600938.SH,20240605,35.21,35.67,34.25,34.31,35.28,-0.9699999999999989,-2.75,659818.7,1940190.297
600938.SH,20240606,34.49,35.25,34.36,35.05,34.31,0.7399999999999949,2.16,540904.31,1606133.087
600938.SH,20240607,35.47,35.7,35.23,35.54,35.05,0.490000000000002,1.4,376363.94,1134036.402
600938.SH,20240611,36.0,36.47,34.88,35.47,35.54,-0.07000000000000028,-0.2,542086.28,1637470.052
600938.SH,20240612,35.12,37.11,35.12,36.98,35.47,1.509999999999998,4.26,751273.38,2311088.143
600938.SH,20240613,36.95,38.11,36.38,36.81,36.98,-0.1699999999999946,-0.46,685829.68,2162873.464
600938.SH,20240614,36.94,37.01,35.96,36.15,36.81,-0.6600000000000037,-1.79,482409.62,1491390.794
600938.SH,20240617,36.03,36.34,35.69,35.77,36.15,-0.37999999999999545,-1.05,301955.0,921747.176
600938.SH,20240618,36.08,36.16,35.48,35.9,35.77,0.12999999999999545,0.36,281516.0,857908.238
600938.SH,20240619,36.08,37.11,36.08,37.09,35.9,1.1900000000000048,3.31,569481.58,1777340.878
600938.SH,20240620,37.2,37.88,37.02,37.71,37.09,0.6199999999999974,1.67,505651.8,1612059.651
600938.SH,20240621,37.71,38.14,37.23,37.67,37.71,-0.03999999999999915,-0.11,496825.42,1592067.275
600938.SH,20240624,37.67,38.82,37.66,38.22,37.67,0.5499999999999972,1.46,549958.06,1792017.879
600938.SH,20240625,38.53,38.69,37.5,37.96,38.2,-0.240000000000002,-0.63,438884.13,1418011.733
600938.SH,20240626,37.85,37.96,37.25,37.64,37.97,-0.3299999999999983,-0.87,330914.32,1055720.417
600938.SH,20240627,37.62,37.9,37.29,37.76,37.64,0.11999999999999744,0.32,344485.71,1102079.134
600938.SH,20240628,37.99,38.84,37.88,38.84,37.76,1.0800000000000054,2.86,515580.84,1683121.449
600938.SH,20240701,38.74,40.44,38.63,40.07,38.84,1.2299999999999969,3.17,581000.68,1952045.844
600938.SH,20240702,40.3,41.61,40.19,41.36,40.07,1.2899999999999991,3.22,533794.14,1853726.648
600938.SH,20240703,41.4,41.92,40.32,40.98,41.36,-0.38000000000000256,-0.92,513488.65,1792239.701
600938.SH,20240704,41.04,41.36,40.85,41.29,40.98,0.3100000000000023,0.76,356120.04,1244103.12
600938.SH,20240705,41.41,41.48,39.72,40.35,41.29,-0.9399999999999977,-2.28,561240.33,1928430.281
600938.SH,20240708,39.99,41.07,39.88,40.92,40.35,0.5700000000000003,1.41,407922.08,1409264.852
600938.SH,20240709,40.63,40.84,40.03,40.71,40.92,-0.21000000000000085,-0.51,388301.44,1336650.202
600938.SH,20240710,40.5,40.72,39.86,39.89,40.71,-0.8200000000000003,-2.01,399932.28,1363332.426
600938.SH,20240711,40.02,40.28,39.35,39.78,39.89,-0.10999999999999943,-0.28,468306.61,1580610.038
600938.SH,20240712,40.06,40.74,39.58,39.86,39.78,0.0799999999999983,0.2,440343.89,1473487.242
600938.SH,20240715,39.54,40.57,39.28,40.57,39.86,0.7100000000000009,1.78,374741.63,1255275.412
600938.SH,20240716,40.71,40.93,40.38,40.63,40.57,0.060000000000002274,0.15,352107.37,1194700.707
600938.SH,20240717,40.5,40.5,38.42,38.65,40.63,-1.980000000000004,-4.87,794220.22,2605261.07
600938.SH,20240718,38.88,39.52,38.65,39.52,38.65,0.8700000000000045,2.25,429184.65,1401124.324
600938.SH,20240719,39.15,39.16,37.84,37.99,39.52,-1.5300000000000011,-3.87,625104.05,1996478.906
600938.SH,20240722,37.27,37.54,35.96,36.85,37.99,-1.1400000000000006,-3.0,757182.39,2319635.926
600938.SH,20240723,36.6,36.98,36.21,36.36,36.85,-0.490000000000002,-1.33,397322.42,1211908.312
600938.SH,20240724,36.07,36.79,35.65,36.44,36.36,0.0799999999999983,0.22,501375.46,1520701.137
600938.SH,20240725,36.46,36.55,34.68,34.68,36.44,-1.759999999999998,-4.83,724089.32,2125435.056
600938.SH,20240726,34.56,35.29,34.34,34.67,34.68,-0.00999999999999801,-0.03,479821.17,1392944.446
600938.SH,20240729,34.45,35.58,34.19,35.48,34.67,0.8099999999999952,2.34,490429.81,1435673.06
600938.SH,20240730,34.99,35.09,33.31,33.64,35.48,-1.8399999999999963,-5.19,786674.87,2230963.598
600938.SH,20240731,33.4,34.87,33.31,34.54,33.64,0.8999999999999986,2.68,585108.57,1669579.794
600938.SH,20240801,35.11,35.91,34.98,35.22,34.54,0.6799999999999997,1.97,504807.21,1491527.786
600938.SH,20240802,34.64,34.86,33.88,34.08,35.22,-1.1400000000000006,-3.24,440387.14,1258470.028
600938.SH,20240805,32.99,33.17,31.84,32.2,34.08,-1.8799999999999955,-5.52,821911.55,2225352.843
600938.SH,20240806,32.53,33.04,31.95,32.31,32.2,0.10999999999999943,0.34,436425.34,1177268.998
600938.SH,20240807,31.93,33.29,31.64,32.94,32.31,0.6299999999999955,1.95,484219.57,1322684.558
600938.SH,20240808,33.31,33.71,32.87,33.01,32.94,0.07000000000000028,0.21,386004.32,1068708.438
600938.SH,20240809,33.2,34.12,33.2,33.88,33.01,0.8700000000000045,2.64,451909.53,1272081.616
600938.SH,20240812,33.91,34.06,33.52,33.74,33.88,-0.14000000000000057,-0.41,266153.11,749702.358
600938.SH,20240813,34.22,34.45,33.84,34.1,33.74,0.35999999999999943,1.07,356537.64,1014895.312
600938.SH,20240814,33.85,34.19,33.67,34.07,34.1,-0.030000000000001137,-0.09,224645.04,637262.051
600938.SH,20240815,33.83,34.32,33.7,34.21,34.07,0.14000000000000057,0.41,251443.0,715874.338
600938.SH,20240816,34.36,35.01,34.32,34.82,34.21,0.6099999999999994,1.78,342715.96,992882.266
600938.SH,20240819,34.57,34.99,34.55,34.75,34.82,-0.07000000000000028,-0.2,260029.22,754929.729
600938.SH,20240820,34.57,34.74,33.46,33.86,34.75,-0.8900000000000006,-2.56,386070.24,1096075.065
600938.SH,20240821,33.73,33.95,33.24,33.7,33.86,-0.1599999999999966,-0.47,274227.7,766134.818
600938.SH,20240822,33.32,33.47,33.09,33.41,33.7,-0.29000000000000625,-0.86,241599.11,671801.569
600938.SH,20240823,33.61,33.9,33.31,33.47,33.41,0.060000000000002274,0.18,231111.02,647574.095
600938.SH,20240826,34.02,34.27,33.94,34.24,33.47,0.7700000000000031,2.3,329543.29,937977.518
600938.SH,20240827,34.56,35.28,34.45,35.22,34.24,0.9799999999999969,2.86,515204.8,1501567.627
600938.SH,20240828,34.95,35.53,34.92,35.47,35.22,0.25,0.71,410272.71,1206907.958
600938.SH,20240829,35.47,35.53,34.34,34.75,35.47,-0.7199999999999989,-2.03,454870.95,1324174.685
600938.SH,20240830,34.81,35.25,34.62,35.18,34.75,0.4299999999999997,1.24,381481.37,1115421.525
600938.SH,20240902,34.52,34.86,34.01,34.63,35.18,-0.5499999999999972,-1.56,334767.91,965208.669
600938.SH,20240903,34.74,34.92,33.68,33.92,34.63,-0.7100000000000009,-2.05,407180.23,1159738.462
600938.SH,20240904,32.47,32.56,32.03,32.05,33.92,-1.8700000000000045,-5.51,558103.69,1502713.41
600938.SH,20240905,32.05,32.27,31.71,31.87,32.05,-0.17999999999999616,-0.56,316729.76,844475.329
600938.SH,20240906,31.81,32.19,31.78,31.83,31.87,-0.0400000000000027,-0.13,230071.4,613721.15
600938.SH,20240909,31.16,31.3,30.39,30.68,31.83,-1.1499999999999986,-3.61,475951.65,1220851.536
600938.SH,20240910,30.77,31.02,30.56,30.94,30.68,0.26000000000000156,0.85,303793.01,780227.042
600938.SH,20240911,29.97,30.32,29.09,30.32,30.94,-0.620000000000001,-2.0,670772.95,1654683.013
600938.SH,20240912,30.14,30.72,29.89,30.54,30.32,0.21999999999999886,0.73,401368.05,1015348.253
600938.SH,20240913,30.86,31.72,30.86,31.37,30.54,0.8300000000000018,2.72,472469.26,1237620.152
600938.SH,20240918,31.74,31.85,31.36,31.53,31.37,0.16000000000000014,0.51,270055.04,711325.67
600938.SH,20240919,31.52,31.99,31.08,31.98,31.53,0.4499999999999993,1.43,392360.97,1034241.768
600938.SH,20240920,32.17,32.59,31.73,32.08,31.98,0.09999999999999787,0.31,379391.93,1017593.294
600938.SH,20240923,32.02,32.65,32.01,32.45,32.08,0.37000000000000455,1.15,272930.67,737417.824
600938.SH,20240924,32.59,33.59,32.41,33.5,32.45,1.0499999999999972,3.24,415875.15,1148863.368
600938.SH,20240925,34.03,34.73,33.8,34.0,33.5,0.5,1.49,572275.21,1636408.332
600938.SH,20240926,33.62,33.92,32.83,33.28,34.0,-0.7199999999999989,-2.12,906487.35,2513730.667
600938.SH,20240927,32.83,33.37,32.68,33.28,33.28,0.0,0.0,588441.65,1619116.248
600938.SH,20240930,34.01,36.36,34.01,36.01,33.28,2.729999999999997,8.2,1303669.22,3827912.576
600938.SH,20241008,39.62,39.62,35.95,37.71,36.01,1.7000000000000028,4.72,1324235.06,4169883.875
600938.SH,20241009,36.37,36.37,34.34,34.59,37.71,-3.1199999999999974,-8.27,897802.39,2635139.939
600938.SH,20241010,34.46,37.0,34.45,35.94,34.59,1.3499999999999943,3.9,867583.29,2594803.585
600938.SH,20241011,36.54,36.73,35.75,36.03,35.94,0.09000000000000341,0.25,730571.51,2209763.269
600938.SH,20241014,36.07,36.64,35.84,36.15,36.03,0.11999999999999744,0.33,471587.69,1423599.985
600938.SH,20241015,35.23,35.4,34.7,34.71,36.15,-1.4399999999999977,-3.98,614283.37,1794986.148
600938.SH,20241016,34.34,35.06,34.06,34.85,34.71,0.14000000000000057,0.4,394437.93,1140973.109
600938.SH,20241017,34.87,35.33,34.48,34.67,34.85,-0.17999999999999972,-0.52,449154.5,1308842.03
600938.SH,20241018,34.83,35.16,34.37,34.9,34.67,0.22999999999999687,0.66,478501.79,1352391.683
600938.SH,20241021,34.65,35.02,34.37,34.73,34.9,-0.1700000000000017,-0.49,464020.09,1311373.833
600938.SH,20241022,34.84,35.02,34.42,34.58,34.73,-0.14999999999999858,-0.43,375093.88,1058965.564
600938.SH,20241023,34.79,34.91,34.49,34.7,34.58,0.12000000000000455,0.35,366947.79,1036604.874
600938.SH,20241024,34.63,34.8,34.48,34.68,34.7,-0.020000000000003126,-0.06,269643.27,761298.181
600938.SH,20241025,34.49,34.58,34.15,34.21,34.68,-0.46999999999999886,-1.36,409099.89,1143535.74
600938.SH,20241028,33.67,33.67,33.27,33.61,34.21,-0.6000000000000014,-1.75,635168.65,1728569.436
600938.SH,20241029,33.51,33.82,33.22,33.27,33.61,-0.3399999999999963,-1.01,389515.36,1062435.601
600938.SH,20241030,33.3,33.3,32.32,32.54,33.27,-0.730000000000004,-2.19,590513.57,1570866.35
600938.SH,20241031,32.65,32.86,32.27,32.41,32.54,-0.13000000000000256,-0.4,355600.1,940849.14
600938.SH,20241101,32.75,33.4,32.54,33.19,32.41,0.7800000000000011,2.41,642796.61,1734907.196
600938.SH,20241104,33.28,33.36,32.36,32.8,33.19,-0.39000000000000057,-1.18,600086.48,1597436.568
600938.SH,20241105,32.89,33.46,32.8,33.35,32.8,0.5500000000000043,1.68,581439.38,1571413.646
600938.SH,20241106,33.19,33.5,32.78,32.96,33.35,-0.39000000000000057,-1.17,592062.79,1599274.846
600938.SH,20241107,33.09,33.22,32.38,33.19,32.96,0.22999999999999687,0.7,645587.24,1725856.642
600938.SH,20241108,33.21,33.38,32.67,32.76,33.19,-0.4299999999999997,-1.3,604340.36,1622462.407
600938.SH,20241111,32.4,32.42,31.88,32.41,32.76,-0.3500000000000014,-1.07,613269.9,1607994.86
600938.SH,20241112,31.98,32.58,31.89,32.03,32.41,-0.37999999999999545,-1.17,602974.26,1579800.06
600938.SH,20241113,32.03,32.86,31.84,32.46,32.03,0.4299999999999997,1.34,645088.46,1707093.281
600938.SH,20241114,32.27,32.79,32.05,32.09,32.46,-0.36999999999999744,-1.14,499354.13,1317747.444
600938.SH,20241115,32.14,32.14,31.34,31.49,32.09,-0.600000000000005,-1.87,777679.56,2008192.481
600938.SH,20241118,31.62,32.33,31.22,31.97,31.49,0.4800000000000004,1.52,646137.93,1682842.789
600938.SH,20241119,32.27,32.48,32.05,32.4,31.97,0.4299999999999997,1.35,509536.33,1340670.803
600938.SH,20241120,32.29,32.57,32.14,32.55,32.4,0.14999999999999858,0.46,375250.85,989747.521
600938.SH,20241121,32.57,32.78,32.37,32.46,32.55,-0.0899999999999963,-0.28,302237.06,802001.058
600938.SH,20241122,32.57,32.96,32.08,32.16,32.46,-0.30000000000000426,-0.92,518985.28,1380504.877
600938.SH,20241125,32.32,32.91,32.17,32.52,32.16,0.36000000000000654,1.12,529030.06,1405620.071
600938.SH,20241126,31.9,32.14,31.6,32.05,32.52,-0.47000000000000597,-1.45,338713.75,880578.61
600938.SH,20241127,31.9,32.21,31.86,32.14,32.05,0.09000000000000341,0.28,260654.36,680794.922
600938.SH,20241128,32.05,32.22,31.9,31.93,32.14,-0.21000000000000085,-0.65,254178.03,663878.938
600938.SH,20241129,31.93,32.25,31.93,32.13,31.93,0.20000000000000284,0.63,271171.18,710013.649
600938.SH,20241202,32.25,32.25,31.94,32.25,32.13,0.11999999999999744,0.37,341366.11,892562.984
600938.SH,20241203,32.15,33.12,32.13,33.01,32.25,0.759999999999998,2.36,581252.04,1548762.489
600938.SH,20241204,33.12,33.86,33.06,33.73,33.01,0.7199999999999989,2.18,682122.17,1866731.748
600938.SH,20241205,33.44,33.54,33.14,33.18,33.73,-0.5499999999999972,-1.63,411127.24,1116603.063
600938.SH,20241206,33.33,33.44,33.08,33.13,33.18,-0.04999999999999716,-0.15,388233.85,1050471.039
600938.SH,20241209,33.01,33.62,32.78,33.43,33.13,0.29999999999999716,0.91,453042.83,1231574.594
600938.SH,20241210,33.75,33.84,33.13,33.17,33.43,-0.259999999999998,-0.78,450392.27,1225897.046
600938.SH,20241211,33.14,33.44,33.08,33.41,33.17,0.23999999999999488,0.72,299899.15,813415.771
600938.SH,20241212,33.52,33.68,33.41,33.57,33.41,0.1600000000000037,0.48,266006.15,727800.359
600938.SH,20241213,33.43,33.56,33.14,33.17,33.57,-0.3999999999999986,-1.19,272576.5,740641.997
600938.SH,20241216,33.17,34.1,33.17,33.99,33.17,0.8200000000000003,2.47,628727.4,1731099.071
600938.SH,20241217,33.94,34.56,33.93,34.0,33.99,0.00999999999999801,0.03,431775.55,1204531.217
600938.SH,20241218,34.08,34.35,33.97,34.02,34.0,0.020000000000003126,0.06,344167.62,957348.494
600938.SH,20241219,33.77,34.29,33.62,33.82,34.02,-0.20000000000000284,-0.59,337413.18,934625.032
600938.SH,20241220,33.73,33.92,33.55,33.62,33.82,-0.20000000000000284,-0.59,246104.9,675321.204
600938.SH,20241223,33.86,34.97,33.86,34.91,33.62,1.2899999999999991,3.84,818515.41,2312944.782
600938.SH,20241224,34.84,35.55,34.48,35.28,34.91,0.37000000000000455,1.06,648500.4,1860853.587
600938.SH,20241225,35.44,36.2,35.43,35.63,35.28,0.3500000000000014,0.99,550741.13,1605474.534
600938.SH,20241226,35.52,35.56,35.06,35.38,35.63,-0.25,-0.7,405610.56,1169024.492
600938.SH,20241227,35.39,35.61,35.23,35.44,35.38,0.05999999999999517,0.17,292759.99,844799.138
600938.SH,20241230,35.5,36.26,35.45,36.2,35.44,0.7600000000000051,2.14,560282.91,1641906.843
600938.SH,20241231,36.29,36.58,36.08,36.21,36.2,0.00999999999999801,0.03,489449.06,1449715.491
600938.SH,20250102,36.27,36.47,35.16,35.44,36.21,-0.7700000000000031,-2.13,492999.22,1435749.463
600938.SH,20250103,35.71,36.35,35.63,35.7,35.44,0.2600000000000051,0.73,466480.18,1368514.963
600938.SH,20250106,36.1,36.19,34.97,35.16,35.7,-0.5400000000000063,-1.51,430233.76,1238542.063
600938.SH,20250107,34.8,35.27,34.67,35.27,35.16,0.11000000000000654,0.31,293258.89,836229.055
600938.SH,20250108,35.48,36.08,35.24,35.72,35.27,0.44999999999999574,1.28,433523.26,1262790.867
600938.SH,20250109,35.34,35.41,34.89,35.07,35.72,-0.6499999999999986,-1.82,289629.16,827818.873
600938.SH,20250110,35.21,35.24,34.47,34.67,35.07,-0.3999999999999986,-1.14,268514.57,760316.803
600938.SH,20250113,35.44,36.13,35.12,35.38,34.67,0.7100000000000009,2.05,521316.97,1509713.547
600938.SH,20250114,35.38,35.52,35.1,35.48,35.38,0.09999999999999432,0.28,391811.55,1128149.612
600938.SH,20250115,35.22,35.75,35.02,35.24,35.48,-0.23999999999999488,-0.68,297331.52,856824.094
600938.SH,20250116,35.68,36.2,35.55,36.14,35.24,0.8999999999999986,2.55,589211.12,1726397.51
600938.SH,20250117,35.93,36.27,35.67,35.73,36.14,-0.4100000000000037,-1.13,318965.16,933846.222
600938.SH,20250120,35.73,35.87,34.63,34.86,35.73,-0.8699999999999974,-2.43,573862.8,1640672.575
600938.SH,20250121,34.64,34.7,33.88,34.04,34.86,-0.8200000000000003,-2.35,471303.59,1309729.198
600938.SH,20250122,33.75,34.09,33.63,33.87,34.04,-0.1700000000000017,-0.5,302109.9,832019.886
600938.SH,20250123,33.99,34.4,33.7,33.87,33.87,0.0,0.0,405608.61,1123018.278
600938.SH,20250124,33.66,33.68,33.02,33.4,33.87,-0.46999999999999886,-1.39,501032.98,1357483.394
600938.SH,20250127,33.17,33.86,33.11,33.76,33.4,0.35999999999999943,1.08,350041.61,956235.204
600938.SH,20250205,33.5,33.57,32.98,33.18,33.76,-0.5799999999999983,-1.72,370103.0,999532.039
600938.SH,20250206,33.03,33.24,32.97,33.23,33.18,0.04999999999999716,0.15,267547.99,722447.058
600938.SH,20250207,33.11,33.28,32.9,33.14,33.23,-0.0899999999999963,-0.27,404047.2,1088473.142
600938.SH,20250210,33.19,33.36,33.05,33.19,33.14,0.04999999999999716,0.15,347964.18,941046.83
600938.SH,20250211,33.32,33.78,33.32,33.75,33.19,0.5600000000000023,1.69,495113.55,1357647.517
600938.SH,20250212,33.81,33.82,33.27,33.44,33.75,-0.3100000000000023,-0.92,398019.96,1085042.738
600938.SH,20250213,33.05,33.25,32.9,33.13,33.44,-0.30999999999999517,-0.93,369465.42,996596.645
600938.SH,20250214,33.18,33.19,33.0,33.02,33.13,-0.10999999999999943,-0.33,265061.59,713886.801
600938.SH,20250217,32.95,32.96,32.52,32.58,33.02,-0.44000000000000483,-1.33,482418.85,1281698.876
600938.SH,20250218,32.64,33.06,32.55,32.73,32.58,0.14999999999999858,0.46,505511.69,1351438.558
600938.SH,20250219,32.73,32.81,32.4,32.47,32.73,-0.259999999999998,-0.79,377525.26,1000035.292
600938.SH,20250220,32.47,32.64,32.35,32.53,32.47,0.060000000000002274,0.18,311398.44,824392.97
600938.SH,20250221,32.64,32.65,32.21,32.36,32.53,-0.1700000000000017,-0.52,436533.19,1149710.491
600938.SH,20250224,31.9,32.04,31.41,31.52,32.36,-0.8399999999999999,-2.6,832726.46,2147671.3
600938.SH,20250225,31.52,31.54,31.32,31.39,31.52,-0.129999999999999,-0.41,349209.89,893317.938
600938.SH,20250226,30.96,31.25,30.92,31.23,31.39,-0.16000000000000014,-0.51,428093.27,1084759.828
600938.SH,20250227,31.17,31.72,30.92,31.59,31.23,0.35999999999999943,1.15,566734.94,1448835.891
600938.SH,20250228,31.65,32.09,31.56,31.72,31.59,0.129999999999999,0.41,498558.18,1294962.864
600938.SH,20250303,31.84,31.9,31.29,31.35,31.72,-0.36999999999999744,-1.17,368403.0,946192.821
600938.SH,20250304,30.92,30.92,30.38,30.43,31.35,-0.9200000000000017,-2.93,697697.02,1734142.199
600938.SH,20250305,30.17,30.43,30.16,30.31,30.43,-0.120000000000001,-0.39,371521.3,916463.399
600938.SH,20250306,30.06,30.49,29.82,30.49,30.31,0.17999999999999972,0.59,524907.4,1289918.812
600938.SH,20250307,30.37,30.74,30.28,30.55,30.49,0.060000000000002274,0.2,433548.2,1079500.784
600938.SH,20250310,30.53,30.85,30.48,30.7,30.55,0.14999999999999858,0.49,327698.39,819261.765
600938.SH,20250311,30.38,30.9,30.33,30.87,30.7,0.1700000000000017,0.55,298730.66,746026.965
600938.SH,20250312,30.9,31.12,30.76,31.03,30.87,0.16000000000000014,0.52,285688.92,720857.964
600938.SH,20250313,31.17,31.72,31.09,31.46,31.03,0.4299999999999997,1.39,544845.66,1398248.301
600938.SH,20250314,31.32,31.56,31.32,31.46,31.46,0.0,0.0,331939.05,851025.724
600938.SH,20250317,31.79,31.94,31.55,31.56,31.46,0.09999999999999787,0.32,383485.85,990564.986
600938.SH,20250318,31.57,31.61,31.32,31.49,31.56,-0.07000000000000028,-0.22,236590.51,606161.236
600938.SH,20250319,31.27,31.62,31.22,31.57,31.49,0.08000000000000185,0.25,259435.96,665432.569
600938.SH,20250320,31.49,32.02,31.49,31.93,31.57,0.35999999999999943,1.14,394946.26,1026229.158
600938.SH,20250321,32.09,32.55,31.92,32.0,31.93,0.07000000000000028,0.22,585483.35,1539518.976
600938.SH,20250324,32.03,32.42,31.92,32.4,32.0,0.3999999999999986,1.25,434234.36,1140839.817
600938.SH,20250325,32.4,32.58,32.22,32.55,32.4,0.14999999999999858,0.46,324394.9,858417.445
600938.SH,20250326,32.58,32.69,32.21,32.26,32.55,-0.28999999999999915,-0.89,344959.12,910296.179
600938.SH,20250327,32.4,32.55,32.19,32.4,32.26,0.14000000000000057,0.43,328877.62,867166.069
600938.SH,20250328,31.9,31.98,31.55,31.65,32.4,-0.75,-2.31,449219.51,1161334.855
600938.SH,20250331,31.65,32.03,31.43,31.87,31.65,0.22000000000000242,0.7,381660.54,989413.526
600938.SH,20250401,32.24,32.63,32.22,32.54,31.87,0.6699999999999982,2.1,543473.89,1439445.595
600938.SH,20250402,32.63,32.68,31.76,31.86,32.54,-0.6799999999999997,-2.09,527259.97,1375580.67
600938.SH,20250403,31.29,31.57,31.23,31.51,31.86,-0.34999999999999787,-1.1,372384.97,954447.619
600938.SH,20250407,28.36,29.27,28.36,28.51,31.51,-3.0,-9.52,1051932.84,2456603.891
600938.SH,20250408,28.79,29.88,28.64,29.87,28.51,1.3599999999999994,4.77,672515.54,1600804.655
600938.SH,20250409,29.16,29.78,28.9,29.78,29.87,-0.08999999999999986,-0.3,602470.6,1441091.704
600938.SH,20250410,30.43,30.43,29.87,29.99,29.78,0.2099999999999973,0.71,401307.03,983181.701
600938.SH,20250411,29.98,29.98,29.65,29.74,29.99,-0.25,-0.83,298393.9,723457.361
600938.SH,20250414,29.82,30.44,29.77,30.31,29.74,0.5700000000000003,1.92,353221.56,867285.669
600938.SH,20250415,30.31,30.41,30.13,30.38,30.31,0.07000000000000028,0.23,220512.9,544574.641
600938.SH,20250416,30.37,30.37,30.09,30.36,30.38,-0.019999999999999574,-0.07,291971.47,719079.594
600938.SH,20250417,30.54,30.62,30.3,30.46,30.36,0.10000000000000142,0.33,223388.09,553837.263
600938.SH,20250418,30.51,31.01,30.51,30.86,30.46,0.3999999999999986,1.31,344498.75,864109.19
600938.SH,20250421,30.63,30.79,30.53,30.58,30.86,-0.28000000000000114,-0.91,278460.21,694974.789
600938.SH,20250422,30.52,30.82,30.46,30.64,30.58,0.060000000000002274,0.2,181607.54,453593.636
600938.SH,20250423,30.8,30.97,30.68,30.85,30.64,0.21000000000000085,0.69,261248.75,657059.835
600938.SH,20250424,30.65,30.9,30.57,30.79,30.85,-0.060000000000002274,-0.19,235996.82,591608.215
600938.SH,20250425,30.82,31.03,30.76,31.03,30.79,0.240000000000002,0.78,230589.04,581535.94
600938.SH,20250428,31.01,31.84,30.92,31.57,31.03,0.5399999999999991,1.74,350525.71,896842.603
600938.SH,20250429,31.41,31.61,30.79,30.81,31.57,-0.7600000000000016,-2.41,331097.79,841698.154
600938.SH,20250430,30.74,30.95,30.59,30.7,30.81,-0.10999999999999943,-0.36,322932.19,809552.399
600938.SH,20250506,30.48,30.64,30.11,30.55,30.7,-0.14999999999999858,-0.49,414589.54,1027452.462
600938.SH,20250507,30.98,31.08,30.58,30.7,30.55,0.14999999999999858,0.49,362923.12,908556.895
600938.SH,20250508,30.64,30.76,30.55,30.67,30.7,-0.029999999999997584,-0.1,249354.0,623354.288
600938.SH,20250509,30.87,30.98,30.62,30.65,30.67,-0.020000000000003126,-0.07,308906.53,774747.007
600938.SH,20250512,30.8,30.85,30.57,30.82,30.65,0.1700000000000017,0.55,341893.94,855221.25
600938.SH,20250513,30.92,31.14,30.84,30.87,30.82,0.05000000000000071,0.16,422145.07,1064997.44
600938.SH,20250514,30.96,31.71,30.95,31.56,30.87,0.6899999999999977,2.24,598841.13,1529281.541
600938.SH,20250515,31.36,31.6,31.06,31.08,31.56,-0.4800000000000004,-1.52,357829.56,910532.788
600938.SH,20250516,31.05,31.23,30.78,30.79,31.08,-0.28999999999999915,-0.93,267576.0,672950.588
600938.SH,20250519,30.81,30.9,30.69,30.79,30.79,0.0,0.0,171456.51,429997.834
600938.SH,20250520,30.81,30.98,30.81,30.96,30.79,0.1700000000000017,0.55,178864.86,450453.239
600938.SH,20250521,31.07,31.6,31.07,31.51,30.96,0.5500000000000007,1.78,469410.74,1200849.284
600938.SH,20250522,31.3,31.66,31.3,31.48,31.51,-0.030000000000001137,-0.1,287964.37,739943.338
600938.SH,20250523,31.44,32.03,31.44,31.48,31.48,0.0,0.0,353369.25,912839.608
600938.SH,20250526,31.5,31.76,31.32,31.48,31.48,0.0,0.0,220651.5,566504.094
600938.SH,20250527,31.43,31.73,31.34,31.35,31.48,-0.129999999999999,-0.41,187024.59,479707.995
600938.SH,20250528,31.4,31.65,31.22,31.51,31.35,0.16000000000000014,0.51,223851.93,575008.806
600938.SH,20250529,31.63,31.82,31.49,31.55,31.51,0.03999999999999915,0.13,212298.0,546334.302
600938.SH,20250530,31.43,31.72,31.36,31.65,31.55,0.09999999999999787,0.32,246092.42,633411.985
600938.SH,20250603,31.87,31.93,31.66,31.81,31.65,0.16000000000000014,0.51,211857.98,548929.221
600938.SH,20250604,31.87,31.98,31.76,31.79,31.81,-0.019999999999999574,-0.06,200709.68,521380.885
600938.SH,20250605,31.72,31.87,31.71,31.84,31.79,0.05000000000000071,0.16,136045.0,352497.264
600938.SH,20250606,31.86,32.2,31.78,32.13,31.84,0.2900000000000027,0.91,259631.72,678578.936
600938.SH,20250609,32.21,32.52,32.21,32.51,32.13,0.37999999999999545,1.18,301130.94,795211.548
600938.SH,20250610,32.59,32.64,32.27,32.51,32.51,0.0,0.0,366839.8,971291.466
600938.SH,20250611,32.52,32.68,32.44,32.65,32.51,0.14000000000000057,0.43,228194.97,605788.698
600938.SH,20250612,33.12,33.24,32.65,32.95,32.65,0.30000000000000426,0.92,411705.47,1104368.914
600938.SH,20250613,33.86,34.11,33.36,33.93,32.95,0.9799999999999969,2.97,1067950.07,2941769.167
600938.SH,20250616,33.99,34.19,33.19,33.34,33.93,-0.5899999999999963,-1.74,847003.19,2324560.545
600938.SH,20250617,33.07,33.25,32.65,33.09,33.34,-0.25,-0.75,585429.4,1572675.49
600938.SH,20250618,33.49,33.72,33.14,33.19,33.09,0.09999999999999432,0.3,468426.33,1274823.713
600938.SH,20250619,33.17,33.38,32.81,33.06,33.19,-0.12999999999999545,-0.39,460816.16,1240134.553
600938.SH,20250620,32.98,33.03,32.68,32.75,33.06,-0.3100000000000023,-0.94,290251.48,775285.539
600938.SH,20250623,33.25,33.43,32.62,32.81,32.75,0.060000000000002274,0.18,580671.85,1557883.76
600938.SH,20250624,31.93,32.31,31.62,32.09,32.81,-0.7199999999999989,-2.19,633942.5,1654091.451
600938.SH,20250625,32.02,32.21,31.99,32.19,32.09,0.09999999999999432,0.31,340570.02,891478.801
600938.SH,20250626,32.19,32.43,32.14,32.36,32.19,0.1700000000000017,0.53,272711.77,718961.104
600938.SH,20250627,32.32,32.37,32.03,32.05,32.36,-0.3100000000000023,-0.96,306708.4,804058.05
600938.SH,20250630,32.06,32.11,31.83,32.04,32.05,-0.00999999999999801,-0.03,242992.99,632983.507
600938.SH,20250701,32.04,32.1,31.86,32.06,32.04,0.020000000000003126,0.06,227343.94,592758.92
600938.SH,20250702,32.13,32.29,32.1,32.27,32.06,0.21000000000000085,0.66,274232.6,719340.492
600938.SH,20250703,32.36,32.41,32.2,32.26,32.27,-0.010000000000005116,-0.03,202563.19,532779.86
600938.SH,20250704,32.22,32.35,32.14,32.26,32.26,0.0,0.0,192501.41,506360.158
600938.SH,20250707,32.14,32.14,31.81,31.89,32.26,-0.36999999999999744,-1.15,275221.68,715107.13
600938.SH,20250708,31.95,32.02,31.88,31.98,31.89,0.08999999999999986,0.28,197565.06,514385.135
600938.SH,20250709,32.06,32.2,31.98,32.1,31.98,0.120000000000001,0.38,268094.74,701181.071
600938.SH,20250710,32.13,33.35,32.06,33.25,32.1,1.1499999999999986,3.58,1117429.2,3000888.685
600938.SH,20250711,33.28,33.44,32.48,32.51,33.26,-0.75,-2.25,762212.04,1997109.357
600938.SH,20250714,32.77,32.92,32.69,32.7,32.51,0.19000000000000483,0.58,291514.81,760811.198
600938.SH,20250715,32.63,32.68,32.39,32.4,32.7,-0.30000000000000426,-0.92,296307.38,766414.451
600938.SH,20250716,32.44,32.57,32.35,32.39,32.4,-0.00999999999999801,-0.03,201379.29,520119.588
600938.SH,20250717,32.4,32.46,32.21,32.26,32.39,-0.13000000000000256,-0.4,221910.06,570585.213
600938.SH,20250718,32.35,32.46,32.26,32.45,32.26,0.19000000000000483,0.59,210764.45,543417.903
600938.SH,20250721,32.43,32.67,32.35,32.64,32.45,0.18999999999999773,0.59,279825.17,725456.451
600938.SH,20250722,32.63,32.84,32.49,32.8,32.64,0.1599999999999966,0.49,358459.26,933106.882
600938.SH,20250723,32.84,33.02,32.7,32.72,32.8,-0.0799999999999983,-0.24,372790.86,975888.757
600938.SH,20250724,32.77,32.79,32.55,32.7,32.72,-0.01999999999999602,-0.06,322627.87,839039.416
600938.SH,20250725,32.72,32.87,32.65,32.72,32.7,0.01999999999999602,0.06,299470.85,781669.946
600938.SH,20250728,32.64,32.75,32.38,32.46,32.72,-0.259999999999998,-0.79,348482.54,902849.414
600938.SH,20250729,32.62,32.83,32.53,32.79,32.46,0.3299999999999983,1.02,356301.58,928846.699
600938.SH,20250730,32.97,33.37,32.92,33.26,32.79,0.46999999999999886,1.43,509552.83,1345253.057
600938.SH,20250731,33.28,33.31,32.73,32.84,33.26,-0.4199999999999946,-1.26,336588.43,882796.366
600938.SH,20250801,32.68,32.8,32.48,32.57,32.84,-0.2700000000000031,-0.82,326253.09,846785.411
600938.SH,20250804,32.26,32.39,32.2,32.38,32.57,-0.18999999999999773,-0.58,266152.57,684230.087
600938.SH,20250805,32.39,32.7,32.26,32.68,32.38,0.29999999999999716,0.93,236149.93,611789.407
600938.SH,20250806,32.54,32.7,32.5,32.65,32.68,-0.030000000000001137,-0.09,201570.01,523777.278
600938.SH,20250807,32.62,32.88,32.54,32.84,32.65,0.19000000000000483,0.58,261291.74,681470.963
600938.SH,20250808,32.74,33.12,32.65,32.9,32.84,0.05999999999999517,0.18,290406.33,762296.184
600938.SH,20250811,32.88,32.95,32.43,32.45,32.9,-0.44999999999999574,-1.37,437095.87,1132852.044
600938.SH,20250812,32.46,32.73,32.46,32.68,32.45,0.22999999999999687,0.71,278969.8,725274.835
600938.SH,20250813,32.62,32.72,32.49,32.51,32.68,-0.1700000000000017,-0.52,288875.32,749662.399
600938.SH,20250814,32.51,32.6,32.36,32.39,32.51,-0.11999999999999744,-0.37,258673.97,669016.57
600938.SH,20250815,32.41,32.48,32.25,32.29,32.39,-0.10000000000000142,-0.31,340866.88,878110.483
600938.SH,20250818,32.21,32.31,32.1,32.1,32.29,-0.18999999999999773,-0.59,574783.0,1473616.192
600938.SH,20250819,32.1,32.18,32.01,32.01,32.1,-0.09000000000000341,-0.28,306708.67,783569.2
600938.SH,20250820,32.03,32.16,31.94,32.11,32.01,0.10000000000000142,0.31,310825.8,793025.565
600938.SH,20250821,32.14,32.46,32.13,32.35,32.11,0.240000000000002,0.75,383387.95,986894.924
600938.SH,20250822,32.35,32.36,32.09,32.21,32.35,-0.14000000000000057,-0.43,339489.94,869628.05
600938.SH,20250825,32.33,32.63,32.14,32.63,32.21,0.4200000000000017,1.3,522667.22,1349320.481
600938.SH,20250826,32.64,32.77,32.43,32.64,32.63,0.00999999999999801,0.03,385033.44,1000665.393
600938.SH,20250827,32.5,32.58,31.98,31.98,32.64,-0.6600000000000001,-2.02,602730.2,1548479.432
600938.SH,20250828,32.1,32.39,32.06,32.35,31.98,0.370000000000001,1.16,445133.59,1142395.718
600938.SH,20250829,32.45,33.03,32.2,32.24,32.35,-0.10999999999999943,-0.34,857469.2,2228293.391
600938.SH,20250901,32.25,32.58,32.16,32.57,32.24,0.3299999999999983,1.02,458638.55,1181711.202
600938.SH,20250902,32.65,33.24,32.64,33.12,32.57,0.5499999999999972,1.69,1003388.99,2641387.072
600938.SH,20250903,33.23,33.36,32.7,32.94,33.12,-0.17999999999999972,-0.54,450929.11,1184412.53
600938.SH,20250904,32.64,32.64,31.9,32.19,32.94,-0.75,-2.28,833515.69,2133054.06
600938.SH,20250905,32.11,32.35,32.09,32.31,32.19,0.12000000000000455,0.37,344273.81,883407.642
600938.SH,20250908,32.11,32.83,32.08,32.83,32.31,0.519999999999996,1.61,586447.23,1521910.957
600938.SH,20250909,32.7,32.9,32.48,32.58,32.83,-0.25,-0.76,277241.18,721271.431
600938.SH,20250910,32.7,32.83,32.48,32.79,32.58,0.21000000000000085,0.64,274013.3,713087.866
600938.SH,20250911,32.83,33.0,32.62,32.92,32.79,0.13000000000000256,0.4,397319.87,1039335.265
600938.SH,20250912,32.78,33.09,32.77,33.02,32.92,0.10000000000000142,0.3,402205.16,1057050.167
600938.SH,20250915,33.02,33.09,32.64,32.98,33.02,-0.04000000000000625,-0.12,379087.01,992702.386
600938.SH,20250916,32.95,33.33,32.89,33.27,32.98,0.29000000000000625,0.88,509247.47,1346199.137
600938.SH,20250917,33.37,33.77,33.28,33.66,33.27,0.38999999999999346,1.17,463371.94,1238635.496
600938.SH,20250918,33.52,33.52,32.67,32.84,33.66,-0.8199999999999932,-2.44,607155.42,1594441.596
600938.SH,20250919,32.79,33.24,32.74,33.14,32.84,0.29999999999999716,0.91,362631.62,954830.259
600938.SH,20250922,33.16,33.21,32.79,32.84,33.14,-0.29999999999999716,-0.91,274718.15,719684.345
600938.SH,20250923,32.79,33.1,32.69,32.78,32.84,-0.060000000000002274,-0.18,334203.44,874462.608
600938.SH,20250924,32.89,33.47,32.89,33.05,32.78,0.269999999999996,0.82,356946.97,941589.316
600938.SH,20250925,33.07,33.53,33.04,33.39,33.05,0.3400000000000034,1.03,445612.36,1183035.539
600938.SH,20250926,33.33,33.51,33.23,33.27,33.39,-0.11999999999999744,-0.36,221925.5,589291.301
600938.SH,20250929,33.33,33.37,32.9,33.14,33.27,-0.13000000000000256,-0.39,315427.08,831091.786
600938.SH,20250930,32.84,32.88,32.49,32.8,33.14,-0.3400000000000034,-1.03,517910.66,1348014.475
600938.SH,20251009,32.65,33.24,32.6,33.23,32.8,0.4299999999999997,1.31,443434.58,1163695.151
600938.SH,20251010,33.14,34.2,33.09,33.61,33.23,0.38000000000000256,1.14,642671.98,1726721.938
600938.SH,20251013,33.05,33.42,32.83,33.04,33.61,-0.5700000000000003,-1.7,496441.95,1304495.292
600938.SH,20251014,33.08,33.47,32.92,33.29,33.04,0.25,0.76,407455.36,1079108.16
600938.SH,20251015,33.27,33.46,33.04,33.26,33.29,-0.030000000000001137,-0.09,364845.98,964717.384
600938.SH,20251016,33.24,33.47,33.16,33.16,33.26,-0.10000000000000142,-0.3,420849.68,1117103.604
600938.SH,20251017,33.3,33.39,32.92,32.96,33.16,-0.19999999999999574,-0.6,430294.48,1107977.398
600938.SH,20251020,33.03,33.62,32.85,33.62,32.96,0.6599999999999966,2.0,407698.17,1052292.347
600938.SH,20251021,33.62,33.94,33.32,33.76,33.62,0.14000000000000057,0.42,390655.39,1019857.934
600938.SH,20251022,33.76,35.02,33.72,34.95,33.76,1.1900000000000048,3.52,889669.43,2383676.822
600938.SH,20251023,35.36,35.68,35.05,35.41,34.95,0.45999999999999375,1.32,729423.42,2001812.795
600938.SH,20251024,35.38,35.62,34.97,35.18,35.41,-0.22999999999999687,-0.65,513130.85,1404604.927
600938.SH,20251027,35.18,36.0,34.92,35.72,35.18,0.5399999999999991,1.53,540811.87,1493629.178
600938.SH,20251028,35.64,35.94,34.96,34.98,35.72,-0.740000000000002,-2.07,385493.52,1055682.612
600938.SH,20251029,34.95,35.13,34.79,34.97,34.98,-0.00999999999999801,-0.03,263184.48,714505.551
600938.SH,20251030,34.91,35.35,34.75,34.79,34.97,-0.17999999999999972,-0.51,292022.82,795156.966
600938.SH,20251031,35.01,35.11,34.51,34.92,34.79,0.13000000000000256,0.37,398736.95,1077612.802
600938.SH,20251103,34.96,36.71,34.96,36.61,34.92,1.6899999999999977,4.84,809218.35,2274965.232
600938.SH,20251104,36.59,36.79,36.08,36.25,36.61,-0.35999999999999943,-0.98,328240.87,929130.589
600938.SH,20251105,36.04,36.08,35.74,35.8,36.25,-0.45000000000000284,-1.24,275100.54,766568.824
600938.SH,20251106,35.74,36.69,35.59,36.45,35.8,0.6500000000000057,1.82,318045.71,897958.178
600938.SH,20251107,36.52,36.81,36.32,36.65,36.45,0.19999999999999574,0.55,273902.16,777345.291
600938.SH,20251110,36.58,37.6,36.43,37.41,36.65,0.759999999999998,2.07,497675.9,1440095.668
600938.SH,20251111,37.55,37.59,36.98,37.17,37.41,-0.23999999999999488,-0.64,306504.55,886388.799
600938.SH,20251112,37.35,38.73,37.29,38.11,37.17,0.9399999999999977,2.53,578178.67,1714810.604
600938.SH,20251113,37.38,37.59,36.78,37.32,38.11,-0.7899999999999991,-2.07,557936.37,1609498.151
600938.SH,20251114,37.23,37.72,37.2,37.38,37.32,0.060000000000002274,0.16,339577.0,987868.25
600938.SH,20251117,37.25,37.95,36.99,37.3,37.38,-0.0800000000000054,-0.21,436728.77,1267823.559
600938.SH,20251118,37.16,37.47,36.59,36.81,37.3,-0.4899999999999949,-1.31,342978.19,984711.603
600938.SH,20251119,36.81,38.14,36.71,38.02,36.81,1.2100000000000009,3.29,500019.79,1462867.966
600938.SH,20251120,37.63,38.23,37.57,37.61,38.02,-0.4100000000000037,-1.08,353546.96,1039559.216
600938.SH,20251121,37.48,37.68,36.93,37.24,37.61,-0.36999999999999744,-0.98,408344.45,1179861.838
600938.SH,20251124,37.1,37.23,35.98,36.07,37.24,-1.1700000000000017,-3.14,435548.29,1228772.691
600938.SH,20251125,36.25,36.48,35.94,36.27,36.07,0.20000000000000284,0.55,329770.51,927091.619
600938.SH,20251126,36.11,36.45,35.54,35.82,36.27,-0.45000000000000284,-1.24,411403.13,1144814.489
600938.SH,20251127,35.91,36.35,35.55,36.17,35.82,0.3500000000000014,0.98,385108.18,1078619.171
600938.SH,20251128,36.31,36.43,35.65,35.8,36.17,-0.37000000000000455,-1.02,328948.44,917069.792
600938.SH,20251201,36.05,36.83,35.89,36.69,35.8,0.8900000000000006,2.49,516397.18,1464851.864
600938.SH,20251202,36.69,37.33,36.65,37.05,36.69,0.35999999999999943,0.98,295936.07,851179.776
600938.SH,20251203,36.93,37.25,36.79,36.99,37.05,-0.05999999999999517,-0.16,213420.87,613918.881
600938.SH,20251204,37.15,37.61,37.15,37.46,36.99,0.46999999999999886,1.27,263903.26,766569.829
600938.SH,20251205,37.54,37.6,37.03,37.28,37.46,-0.17999999999999972,-0.48,225648.97,653085.607
600938.SH,20251208,37.34,37.37,36.63,36.76,37.28,-0.5200000000000031,-1.39,264174.5,755117.458
600938.SH,20251209,36.45,36.83,36.21,36.35,36.76,-0.4099999999999966,-1.12,223332.98,632007.712
600938.SH,20251210,36.35,36.54,36.18,36.34,36.35,-0.00999999999999801,-0.03,178488.3,503761.401
600938.SH,20251211,36.52,37.06,36.2,36.34,36.34,0.0,0.0,339723.64,965206.421
600938.SH,20251212,36.32,36.81,36.22,36.58,36.34,0.23999999999999488,0.66,442871.18,1257647.046
600938.SH,20251215,36.57,36.89,36.43,36.48,36.58,-0.10000000000000142,-0.27,259852.02,738963.303
600938.SH,20251216,36.32,36.38,35.89,36.04,36.48,-0.4399999999999977,-1.21,284138.51,796314.39
600938.SH,20251217,35.78,36.45,35.68,36.39,36.04,0.3500000000000014,0.97,318405.93,894986.218
600938.SH,20251218,36.58,37.07,36.38,36.8,36.39,0.4099999999999966,1.13,290857.49,828576.802
600938.SH,20251219,36.71,36.79,35.76,35.8,36.8,-1.0,-2.72,574950.4,1608367.214
600938.SH,20251222,35.81,35.85,35.23,35.62,35.8,-0.17999999999999972,-0.5,479877.87,1320048.033
600938.SH,20251223,35.77,36.3,35.69,36.21,35.62,0.5900000000000034,1.66,433190.35,1213074.357
600938.SH,20251224,36.2,36.22,35.82,36.21,36.21,0.0,0.0,244369.22,684201.17
600938.SH,20251225,36.22,36.47,36.11,36.23,36.21,0.01999999999999602,0.06,240555.85,678663.214
600938.SH,20251226,36.21,36.58,36.13,36.47,36.23,0.240000000000002,0.66,273514.98,774022.999
600938.SH,20251229,36.32,37.41,36.29,37.28,36.47,0.8100000000000023,2.22,482839.38,1389914.147
600938.SH,20251230,37.26,38.75,37.2,38.46,37.28,1.1799999999999997,3.17,585025.66,1731998.913
600938.SH,20251231,38.54,39.11,38.41,38.87,38.46,0.4099999999999966,1.07,444046.61,1339366.255
600938.SH,20260105,39.11,39.21,36.99,37.41,38.87,-1.4600000000000009,-3.76,937240.49,2731071.064
600938.SH,20260106,37.41,38.49,37.2,38.37,37.41,0.9600000000000009,2.57,581338.73,1711411.23
600938.SH,20260107,37.93,37.97,36.44,36.83,38.37,-1.5399999999999991,-4.01,1021011.14,2929832.923
600938.SH,20260108,36.65,36.76,36.47,36.57,36.83,-0.259999999999998,-0.71,343942.93,976249.576
600938.SH,20260109,37.1,37.28,36.74,37.02,36.57,0.45000000000000284,1.23,478519.48,1372824.054
600938.SH,20260112,37.06,37.11,36.74,36.85,37.02,-0.1700000000000017,-0.46,338721.73,969380.801
600938.SH,20260113,36.88,38.51,36.87,38.17,36.85,1.3200000000000003,3.58,785299.87,2308505.248
600938.SH,20260114,38.5,38.77,37.82,38.09,38.17,-0.0799999999999983,-0.21,675131.77,2007142.751
600938.SH,20260115,37.87,39.21,37.74,38.69,38.09,0.5999999999999943,1.58,591522.52,1780315.468
600938.SH,20260116,38.13,38.75,37.5,37.78,38.69,-0.9099999999999966,-2.35,470891.49,1392027.539
600938.SH,20260119,37.72,38.23,37.56,37.91,37.78,0.12999999999999545,0.34,319391.79,941193.785
600938.SH,20260120,37.93,38.36,37.84,38.18,37.91,0.2700000000000031,0.71,284488.45,841027.574
600938.SH,20260121,38.17,39.4,38.17,39.36,38.18,1.1799999999999997,3.09,627473.21,1896441.608
600938.SH,20260122,39.74,41.72,39.69,40.99,39.36,1.6300000000000026,4.14,855922.81,2729295.676
600938.SH,20260123,40.97,40.97,39.92,40.45,40.99,-0.5399999999999991,-1.32,562009.56,1767045.704
600938.SH,20260126,41.09,43.28,41.09,43.14,40.45,2.6899999999999977,6.65,877603.09,2898207.192
600938.SH,20260127,42.95,43.85,42.35,42.83,43.14,-0.3100000000000023,-0.72,747487.82,2501405.883
600938.SH,20260128,43.71,46.65,43.69,45.82,42.83,2.990000000000002,6.98,1175619.08,4145740.556
600938.SH,20260129,47.16,47.53,45.43,46.91,45.82,1.0899999999999963,2.38,1209331.54,4372397.727
600938.SH,20260130,46.91,47.36,44.44,45.75,46.91,-1.1599999999999966,-2.47,940678.08,3336217.59
600938.SH,20260202,43.6,45.07,43.19,43.19,45.75,-2.5600000000000023,-5.6,868004.15,2958251.865
600938.SH,20260203,42.75,43.54,42.57,43.51,43.19,0.3200000000000003,0.74,433871.87,1452178.724
600938.SH,20260204,44.38,44.65,43.54,43.81,43.51,0.30000000000000426,0.69,435707.98,1487611.702
600938.SH,20260205,44.23,44.7,42.93,43.38,43.81,-0.4299999999999997,-0.98,441987.98,1492866.856
600938.SH,20260206,42.25,44.52,42.15,44.18,43.38,0.7999999999999972,1.84,510867.32,1723840.381
600938.SH,20260209,44.05,44.32,43.71,43.91,44.18,-0.2700000000000031,-0.61,321419.23,1095594.916
600938.SH,20260210,44.17,44.9,44.13,44.21,43.91,0.30000000000000426,0.68,342298.34,1181308.841
600938.SH,20260211,44.16,45.06,43.68,44.86,44.21,0.6499999999999986,1.47,411833.51,1421559.958
600938.SH,20260212,45.11,45.96,45.02,45.78,44.86,0.9200000000000017,2.05,451579.85,1595551.2
600938.SH,20260213,44.44,44.76,43.87,44.3,45.78,-1.480000000000004,-3.23,361053.6,1242567.841
600938.SH,20260224,46.11,47.99,46.09,47.94,44.3,3.6400000000000006,8.22,869021.39,3201329.222
600938.SH,20260225,48.05,48.05,46.18,46.87,47.94,-1.0700000000000003,-2.23,835454.73,3064711.969
600938.SH,20260226,46.51,46.96,45.6,45.69,46.87,-1.1799999999999997,-2.52,447882.12,1602907.493
600938.SH,20260227,45.7,46.28,45.46,46.2,45.69,0.5100000000000051,1.12,335828.01,1196290.549
600938.SH,20260302,50.83,50.83,48.82,50.83,46.2,4.6299999999999955,10.02,1772718.65,6931981.525
600938.SH,20260303,53.83,55.92,52.81,55.92,50.83,5.090000000000003,10.01,2532802.21,10837477.449
600938.SH,20260304,57.32,57.32,50.33,55.2,55.92,-0.7199999999999989,-1.29,2625235.48,11106643.9
600938.SH,20260305,54.1,55.2,52.25,53.58,55.2,-1.6200000000000045,-2.93,1687169.41,7047613.975
600938.SH,20260306,52.39,54.59,51.09,52.16,53.58,-1.4200000000000017,-2.65,1227185.33,4978030.142
600938.SH,20260309,57.37,57.37,55.39,55.85,52.16,3.690000000000005,7.07,2134153.57,9411869.502
600938.SH,20260310,50.27,53.66,50.27,52.79,55.85,-3.0600000000000023,-5.48,1651585.46,6646850.543
600938.SH,20260311,51.78,54.2,51.78,53.79,52.79,1.0,1.89,1208099.93,4963745.203
600938.SH,20260312,54.9,55.71,53.65,55.39,53.79,1.6000000000000014,2.97,1495555.23,6375293.637
600938.SH,20260313,56.03,56.24,53.33,54.1,55.39,-1.2899999999999991,-2.33,1199884.33,5101635.671
600938.SH,20260316,54.36,55.23,53.03,53.08,54.1,-1.0200000000000031,-1.89,791046.97,3323690.029
600938.SH,20260317,52.18,53.28,51.4,52.12,53.08,-0.9600000000000009,-1.81,847839.5,3437184.348
600938.SH,20260318,51.46,51.77,49.72,51.4,52.12,-0.7199999999999989,-1.38,865980.38,3415900.608
600938.SH,20260319,53.22,54.62,52.55,54.41,51.4,3.009999999999998,5.86,1362304.0,5665720.561
600938.SH,20260320,51.97,54.53,51.92,53.98,54.41,-0.4299999999999997,-0.79,925306.27,3841072.285
600938.SH,20260323,54.46,55.65,53.74,54.23,53.98,0.25,0.46,1027313.38,4342934.706
600938.SH,20260324,52.71,54.1,52.71,54.04,54.23,-0.18999999999999773,-0.35,806824.28,3354215.647
600938.SH,20260325,52.5,52.66,50.91,52.27,54.04,-1.769999999999996,-3.28,1036304.26,4175819.276
600938.SH,20260326,52.26,53.07,51.88,52.72,52.27,0.44999999999999574,0.86,637085.31,2598879.405
600938.SH,20260327,52.59,53.34,52.0,52.9,52.72,0.17999999999999972,0.34,533638.49,2177606.596
600938.SH,20260330,54.09,54.36,52.67,52.94,52.9,0.03999999999999915,0.08,624965.64,2589366.475
600938.SH,20260331,52.89,53.39,51.4,51.52,52.94,-1.4199999999999946,-2.68,587213.35,2378094.093
600938.SH,20260401,50.35,51.74,49.59,49.77,51.52,-1.75,-3.4,749309.37,2945621.11
600938.SH,20260402,50.49,51.11,50.12,50.66,49.77,0.8899999999999935,1.79,726345.94,2858105.528
600938.SH,20260403,50.88,50.94,50.07,50.47,50.66,-0.18999999999999773,-0.38,505212.14,1980168.06
600938.SH,20260407,50.48,51.76,49.85,51.21,50.47,0.740000000000002,1.47,674328.77,2668369.267
600938.SH,20260408,47.03,48.51,47.03,48.14,51.21,-3.0700000000000003,-5.99,1157049.38,4301820.561
600938.SH,20260409,48.37,49.46,47.98,49.35,48.14,1.2100000000000009,2.51,742751.66,2810690.491
600938.SH,20260410,48.95,49.54,48.79,49.08,49.35,-0.2700000000000031,-0.55,446909.02,1704785.989
600938.SH,20260413,50.13,50.21,48.59,49.09,49.08,0.010000000000005116,0.02,617181.18,2355082.143
600938.SH,20260414,48.47,48.95,48.05,48.56,49.09,-0.5300000000000011,-1.08,520721.87,1957559.537
600938.SH,20260415,47.67,47.8,46.73,47.52,48.56,-1.0399999999999991,-2.14,690233.57,2532171.888
600938.SH,20260416,47.08,47.9,46.95,47.61,47.52,0.0899999999999963,0.19,516328.16,1899838.398
600938.SH,20260417,47.63,48.24,47.35,48.1,47.61,0.490000000000002,1.03,407174.95,1510656.611
600938.SH,20260420,47.67,48.36,47.02,47.87,48.1,-0.23000000000000398,-0.48,477236.84,1767026.393
600938.SH,20260421,47.87,48.43,47.79,48.23,47.87,0.35999999999999943,0.75,346004.48,1293144.344
600938.SH,20260422,48.54,48.75,47.67,47.78,48.23,-0.44999999999999574,-0.93,377407.21,1410318.179
600938.SH,20260423,48.11,49.36,47.87,49.0,47.78,1.2199999999999989,2.55,636116.35,2404173.675
600938.SH,20260424,49.21,49.94,48.95,49.44,49.0,0.4399999999999977,0.9,525002.65,2012585.77
600938.SH,20260427,49.44,50.47,49.08,50.0,49.44,0.5600000000000023,1.13,524219.55,2033081.019
600938.SH,20260428,50.02,51.4,49.94,51.23,50.0,1.2299999999999969,2.46,518620.72,2047234.7
600938.SH,20260429,51.32,51.86,50.8,51.46,51.23,0.23000000000000398,0.45,584097.4,2323514.673
600938.SH,20260430,52.04,52.19,51.14,51.51,51.46,0.04999999999999716,0.1,449544.5,1800254.444
600938.SH,20260506,50.24,50.38,49.15,49.31,51.51,-2.1999999999999957,-4.27,683559.0,2624982.868
600938.SH,20260507,47.93,48.46,46.76,46.84,49.31,-2.469999999999999,-5.01,751753.34,2767267.588
600938.SH,20260508,47.27,47.43,46.73,46.82,46.84,-0.020000000000003126,-0.04,400224.26,1459769.408
600938.SH,20260511,47.27,47.38,46.6,46.69,46.82,-0.13000000000000256,-0.28,442478.06,1608750.023
600938.SH,20260512,46.63,46.98,46.5,46.62,46.69,-0.07000000000000028,-0.15,395428.27,1432479.615
600938.SH,20260513,46.65,47.34,46.53,46.64,46.62,0.020000000000003126,0.04,338595.3,1230969.812
600938.SH,20260514,46.45,46.73,46.24,46.45,46.64,-0.18999999999999773,-0.41,353812.39,1276301.397
600938.SH,20260515,46.49,47.23,45.92,47.03,46.45,0.5799999999999983,1.25,433350.29,1571830.327
600938.SH,20260518,47.65,48.11,47.25,47.53,47.03,0.5,1.06,464060.51,1715067.191
600938.SH,20260519,47.32,47.62,46.85,47.56,47.53,0.030000000000001137,0.06,371023.4,1361103.741
600938.SH,20260520,47.52,48.95,47.34,48.41,47.56,0.8499999999999943,1.79,479174.96,1803427.314
600938.SH,20260521,47.08,47.31,46.63,46.65,48.41,-1.759999999999998,-3.64,459895.72,1675524.26
600938.SH,20260522,46.37,46.68,45.73,46.15,46.65,-0.5,-1.07,341311.29,1220525.923
600938.SH,20260525,44.97,45.84,44.45,44.59,46.15,-1.5599999999999952,-3.38,607178.8,2121145.136
600938.SH,20260526,44.59,45.44,44.56,45.3,44.59,0.7099999999999937,1.59,391755.5,1371911.709
600938.SH,20260527,45.08,45.29,43.68,43.91,45.3,-1.3900000000000006,-3.07,424090.24,1452710.33
600938.SH,20260528,43.8,45.01,43.68,44.39,43.91,0.480000000000004,1.09,375818.07,1290543.563
600938.SH,20260529,43.87,44.52,43.32,44.31,44.39,-0.0799999999999983,-0.18,390947.38,1337276.51
600938.SH,20260601,44.48,45.06,44.18,44.85,44.31,0.5399999999999991,1.22,375766.93,1305486.316
600938.SH,20260602,45.34,46.45,45.14,45.32,44.85,0.46999999999999886,1.05,417463.62,1478894.943
600938.SH,20260603,45.33,46.85,45.16,46.73,45.32,1.4099999999999966,3.11,550823.58,1964438.121
600938.SH,20260604,46.27,46.27,45.41,45.66,46.73,-1.0700000000000003,-2.29,349746.0,1243202.927
