ts_code,trade_date,close
H00300.CSI,20150105,4192.9874
H00300.CSI,20150106,4192.4325
H00300.CSI,20150107,4195.5765
H00300.CSI,20150108,4098.2451
H00300.CSI,20150109,4084.7204
H00300.CSI,20150112,4046.5451
H00300.CSI,20150113,4047.0794
H00300.CSI,20150114,4033.7008
H00300.CSI,20150115,4150.8248
H00300.CSI,20150116,4186.5566
H00300.CSI,20150119,3864.0944
H00300.CSI,20150120,3911.3901
H00300.CSI,20150121,4087.2102
H00300.CSI,20150122,4108.7795
H00300.CSI,20150123,4113.5228
H00300.CSI,20150126,4155.275
H00300.CSI,20150127,4117.2074
H00300.CSI,20150128,4060.0744
H00300.CSI,20150129,4009.9472
H00300.CSI,20150130,3955.3479
H00300.CSI,20150202,3862.7179
H00300.CSI,20150203,3958.8664
H00300.CSI,20150204,3917.7781
H00300.CSI,20150205,3877.6733
H00300.CSI,20150206,3814.8765
H00300.CSI,20150209,3853.4594
H00300.CSI,20150210,3923.7372
H00300.CSI,20150211,3955.0411
H00300.CSI,20150212,3965.1189
H00300.CSI,20150213,3996.1614
H00300.CSI,20150216,4030.3154
H00300.CSI,20150217,4056.6186
H00300.CSI,20150225,4006.4122
H00300.CSI,20150226,4107.2612
H00300.CSI,20150227,4114.8032
H00300.CSI,20150302,4147.5365
H00300.CSI,20150303,4040.0089
H00300.CSI,20150304,4066.4072
H00300.CSI,20150305,4026.6996
H00300.CSI,20150306,4006.1717
H00300.CSI,20150309,4074.3869
H00300.CSI,20150310,4054.6473
H00300.CSI,20150311,4059.3026
H00300.CSI,20150312,4137.8375
H00300.CSI,20150313,4166.4148
H00300.CSI,20150316,4267.7798
H00300.CSI,20150317,4327.0352
H00300.CSI,20150318,4429.4582
H00300.CSI,20150319,4422.1842
H00300.CSI,20150320,4483.0332
H00300.CSI,20150323,4574.5776
H00300.CSI,20150324,4575.7125
H00300.CSI,20150325,4538.128
H00300.CSI,20150326,4549.1685
H00300.CSI,20150327,4574.1585
H00300.CSI,20150330,4708.3087
H00300.CSI,20150331,4665.7258
H00300.CSI,20150401,4749.4433
H00300.CSI,20150402,4750.4581
H00300.CSI,20150403,4803.161
H00300.CSI,20150407,4906.2447
H00300.CSI,20150408,4947.4278
H00300.CSI,20150409,4909.0622
H00300.CSI,20150410,5003.8285
H00300.CSI,20150413,5092.5883
H00300.CSI,20150414,5112.6103
H00300.CSI,20150415,5046.7326
H00300.CSI,20150416,5200.0389
H00300.CSI,20150417,5295.1906
H00300.CSI,20150420,5209.6859
H00300.CSI,20150421,5321.7219
H00300.CSI,20150422,5460.8508
H00300.CSI,20150423,5462.1213
H00300.CSI,20150424,5418.1157
H00300.CSI,20150427,5539.0341
H00300.CSI,20150428,5463.3029
H00300.CSI,20150429,5500.8869
H00300.CSI,20150430,5474.6445
H00300.CSI,20150504,5518.4874
H00300.CSI,20150505,5298.4456
H00300.CSI,20150506,5248.295
H00300.CSI,20150507,5152.3525
H00300.CSI,20150508,5254.6875
H00300.CSI,20150511,5407.1282
H00300.CSI,20150512,5472.9946
H00300.CSI,20150513,5439.7853
H00300.CSI,20150514,5419.8519
H00300.CSI,20150515,5324.1284
H00300.CSI,20150518,5275.588
H00300.CSI,20150519,5455.7202
H00300.CSI,20150520,5483.9658
H00300.CSI,20150521,5583.628
H00300.CSI,20150522,5711.5725
H00300.CSI,20150525,5882.4812
H00300.CSI,20150526,5997.4481
H00300.CSI,20150527,5980.5213
H00300.CSI,20150528,5580.9091
H00300.CSI,20150529,5588.8314
H00300.CSI,20150601,5860.7629
H00300.CSI,20150602,5959.8412
H00300.CSI,20150603,5942.7191
H00300.CSI,20150604,5986.6316
H00300.CSI,20150605,6043.5718
H00300.CSI,20150608,6186.0209
H00300.CSI,20150609,6144.3615
H00300.CSI,20150610,6135.8367
H00300.CSI,20150611,6133.881
H00300.CSI,20150612,6167.4134
H00300.CSI,20150615,6036.4537
H00300.CSI,20150616,5857.2185
H00300.CSI,20150617,5943.0553
H00300.CSI,20150618,5702.815
H00300.CSI,20150619,5366.7579
H00300.CSI,20150623,5543.5541
H00300.CSI,20150624,5652.7675
H00300.CSI,20150625,5452.2169
H00300.CSI,20150626,5024.7145
H00300.CSI,20150629,4857.1192
H00300.CSI,20150630,5184.4053
H00300.CSI,20150701,4930.6731
H00300.CSI,20150702,4762.6174
H00300.CSI,20150703,4515.4125
H00300.CSI,20150706,4647.2651
H00300.CSI,20150707,4569.6151
H00300.CSI,20150708,4262.9472
H00300.CSI,20150709,4536.566
H00300.CSI,20150710,4782.2093
H00300.CSI,20150713,4905.5183
H00300.CSI,20150714,4789.545
H00300.CSI,20150715,4620.7867
H00300.CSI,20150716,4657.0419
H00300.CSI,20150717,4839.821
H00300.CSI,20150720,4850.4489
H00300.CSI,20150721,4859.1285
H00300.CSI,20150722,4851.0546
H00300.CSI,20150723,4960.9967
H00300.CSI,20150724,4874.2506
H00300.CSI,20150727,4458.1898
H00300.CSI,20150728,4449.3964
H00300.CSI,20150729,4588.6617
H00300.CSI,20150730,4454.5235
H00300.CSI,20150731,4456.0971
H00300.CSI,20150803,4470.7334
H00300.CSI,20150804,4609.5756
H00300.CSI,20150805,4514.7076
H00300.CSI,20150806,4473.862
H00300.CSI,20150807,4561.9682
H00300.CSI,20150810,4769.2074
H00300.CSI,20150811,4748.545
H00300.CSI,20150812,4689.6699
H00300.CSI,20150813,4758.958
H00300.CSI,20150814,4757.7056
H00300.CSI,20150817,4762.7653
H00300.CSI,20150818,4468.0591
H00300.CSI,20150819,4538.9839
H00300.CSI,20150820,4393.6646
H00300.CSI,20150821,4193.2712
H00300.CSI,20150824,3826.4567
H00300.CSI,20150825,3554.7713
H00300.CSI,20150826,3534.6376
H00300.CSI,20150827,3744.8514
H00300.CSI,20150828,3904.4856
H00300.CSI,20150831,3932.8142
H00300.CSI,20150901,3927.6119
H00300.CSI,20150902,3931.9917
H00300.CSI,20150907,3797.2426
H00300.CSI,20150908,3894.8327
H00300.CSI,20150909,3971.9919
H00300.CSI,20150910,3923.2148
H00300.CSI,20150911,3911.094
H00300.CSI,20150914,3833.9093
H00300.CSI,20150915,3683.2935
H00300.CSI,20150916,3866.9076
H00300.CSI,20150917,3782.4826
H00300.CSI,20150918,3799.2946
H00300.CSI,20150921,3865.8713
H00300.CSI,20150922,3901.8433
H00300.CSI,20150923,3813.8918
H00300.CSI,20150924,3839.6247
H00300.CSI,20150925,3777.6207
H00300.CSI,20150928,3790.2452
H00300.CSI,20150929,3715.6338
H00300.CSI,20150930,3743.7952
H00300.CSI,20151008,3853.1239
H00300.CSI,20151009,3904.1258
H00300.CSI,20151012,4030.4094
H00300.CSI,20151013,4027.3546
H00300.CSI,20151014,3981.8425
H00300.CSI,20151015,4076.1871
H00300.CSI,20151016,4131.4241
H00300.CSI,20151019,4131.5606
H00300.CSI,20151020,4182.548
H00300.CSI,20151021,4060.4417
H00300.CSI,20151022,4120.3905
H00300.CSI,20151023,4174.994
H00300.CSI,20151026,4196.0605
H00300.CSI,20151027,4200.2904
H00300.CSI,20151028,4120.8417
H00300.CSI,20151029,4130.6462
H00300.CSI,20151030,4131.5491
H00300.CSI,20151102,4063.6074
H00300.CSI,20151103,4051.3679
H00300.CSI,20151104,4242.0751
H00300.CSI,20151105,4332.5998
H00300.CSI,20151106,4434.7829
H00300.CSI,20151109,4489.7075
H00300.CSI,20151110,4481.3873
H00300.CSI,20151111,4481.8641
H00300.CSI,20151112,4437.0629
H00300.CSI,20151113,4379.6818
H00300.CSI,20151116,4400.5897
H00300.CSI,20151117,4393.88
H00300.CSI,20151118,4343.8632
H00300.CSI,20151119,4413.2952
H00300.CSI,20151120,4412.6103
H00300.CSI,20151123,4388.0029
H00300.CSI,20151124,4388.6502
H00300.CSI,20151125,4421.0553
H00300.CSI,20151126,4395.1268
H00300.CSI,20151127,4158.4599
H00300.CSI,20151130,4169.4725
H00300.CSI,20151201,4199.0316
H00300.CSI,20151202,4351.316
H00300.CSI,20151203,4383.2838
H00300.CSI,20151204,4299.4524
H00300.CSI,20151207,4311.161
H00300.CSI,20151208,4235.6526
H00300.CSI,20151209,4250.7549
H00300.CSI,20151210,4235.7274
H00300.CSI,20151211,4218.1612
H00300.CSI,20151214,4338.8857
H00300.CSI,20151215,4319.0889
H00300.CSI,20151216,4309.1483
H00300.CSI,20151217,4391.519
H00300.CSI,20151218,4405.5786
H00300.CSI,20151221,4520.2244
H00300.CSI,20151222,4532.8145
H00300.CSI,20151223,4520.7117
H00300.CSI,20151224,4477.4744
H00300.CSI,20151225,4487.7621
H00300.CSI,20151228,4358.4981
H00300.CSI,20151229,4398.5363
H00300.CSI,20151230,4402.3957
H00300.CSI,20151231,4362.442
H00300.CSI,20160104,4056.173
H00300.CSI,20160105,4067.5304
H00300.CSI,20160106,4138.8874
H00300.CSI,20160107,3851.9273
H00300.CSI,20160108,3930.4761
H00300.CSI,20160111,3732.742
H00300.CSI,20160112,3759.9385
H00300.CSI,20160113,3689.9814
H00300.CSI,20160114,3766.8798
H00300.CSI,20160115,3646.6308
H00300.CSI,20160118,3660.6605
H00300.CSI,20160119,3768.6965
H00300.CSI,20160120,3711.6982
H00300.CSI,20160121,3602.918
H00300.CSI,20160122,3640.4716
H00300.CSI,20160125,3658.5057
H00300.CSI,20160126,3438.242
H00300.CSI,20160127,3426.3662
H00300.CSI,20160128,3336.8053
H00300.CSI,20160129,3444.7685
H00300.CSI,20160201,3392.1017
H00300.CSI,20160202,3462.5923
H00300.CSI,20160203,3447.7483
H00300.CSI,20160204,3489.9836
H00300.CSI,20160205,3465.4636
H00300.CSI,20160215,3445.4892
H00300.CSI,20160216,3551.1077
H00300.CSI,20160217,3581.8414
H00300.CSI,20160218,3570.5914
H00300.CSI,20160219,3568.1201
H00300.CSI,20160222,3646.7914
H00300.CSI,20160223,3612.293
H00300.CSI,20160224,3635.8914
H00300.CSI,20160225,3412.8006
H00300.CSI,20160226,3447.9636
H00300.CSI,20160229,3365.4332
H00300.CSI,20160301,3427.6867
H00300.CSI,20160302,3568.7839
H00300.CSI,20160303,3577.0752
H00300.CSI,20160304,3618.5575
H00300.CSI,20160307,3631.3646
H00300.CSI,20160308,3634.6781
H00300.CSI,20160309,3592.8471
H00300.CSI,20160310,3524.121
H00300.CSI,20160311,3530.1312
H00300.CSI,20160314,3585.5763
H00300.CSI,20160315,3596.207
H00300.CSI,20160316,3614.0468
H00300.CSI,20160317,3654.0127
H00300.CSI,20160318,3709.8709
H00300.CSI,20160321,3800.4833
H00300.CSI,20160322,3772.8264
H00300.CSI,20160323,3784.8755
H00300.CSI,20160324,3721.4354
H00300.CSI,20160325,3740.1091
H00300.CSI,20160328,3707.2572
H00300.CSI,20160329,3667.1189
H00300.CSI,20160330,3761.6977
H00300.CSI,20160331,3763.8177
H00300.CSI,20160401,3768.3476
H00300.CSI,20160405,3818.1624
H00300.CSI,20160406,3810.024
H00300.CSI,20160407,3753.6228
H00300.CSI,20160408,3726.0615
H00300.CSI,20160411,3777.9571
H00300.CSI,20160412,3764.5219
H00300.CSI,20160413,3814.7398
H00300.CSI,20160414,3831.6404
H00300.CSI,20160415,3827.5018
H00300.CSI,20160418,3776.3684
H00300.CSI,20160419,3787.9297
H00300.CSI,20160420,3720.9318
H00300.CSI,20160421,3697.0424
H00300.CSI,20160422,3714.0293
H00300.CSI,20160425,3699.0146
H00300.CSI,20160426,3719.1064
H00300.CSI,20160427,3703.974
H00300.CSI,20160428,3698.2788
H00300.CSI,20160429,3694.4626
H00300.CSI,20160503,3761.0725
H00300.CSI,20160504,3756.426
H00300.CSI,20160505,3761.6443
H00300.CSI,20160506,3666.2209
H00300.CSI,20160509,3590.4023
H00300.CSI,20160510,3594.4979
H00300.CSI,20160511,3610.599
H00300.CSI,20160512,3619.2101
H00300.CSI,20160513,3601.4051
H00300.CSI,20160516,3625.4177
H00300.CSI,20160517,3615.723
H00300.CSI,20160518,3595.4304
H00300.CSI,20160519,3589.2082
H00300.CSI,20160520,3607.6454
H00300.CSI,20160523,3619.1622
H00300.CSI,20160524,3591.4916
H00300.CSI,20160525,3586.6983
H00300.CSI,20160526,3592.5464
H00300.CSI,20160527,3590.5516
H00300.CSI,20160530,3595.6588
H00300.CSI,20160531,3717.1992
H00300.CSI,20160601,3706.6641
H00300.CSI,20160602,3714.4623
H00300.CSI,20160603,3740.9048
H00300.CSI,20160606,3732.1435
H00300.CSI,20160607,3730.5507
H00300.CSI,20160608,3717.4351
H00300.CSI,20160613,3602.8308
H00300.CSI,20160614,3614.2851
H00300.CSI,20160615,3662.0057
H00300.CSI,20160616,3638.965
H00300.CSI,20160617,3659.2176
H00300.CSI,20160620,3662.3376
H00300.CSI,20160621,3654.8582
H00300.CSI,20160622,3687.9997
H00300.CSI,20160623,3671.4418
H00300.CSI,20160624,3629.043
H00300.CSI,20160627,3680.5142
H00300.CSI,20160628,3700.4483
H00300.CSI,20160629,3718.2874
H00300.CSI,20160630,3722.8907
H00300.CSI,20160701,3724.7199
H00300.CSI,20160704,3784.6305
H00300.CSI,20160705,3789.8894
H00300.CSI,20160706,3802.3579
H00300.CSI,20160707,3801.6451
H00300.CSI,20160708,3787.0535
H00300.CSI,20160711,3801.3501
H00300.CSI,20160712,3884.7414
H00300.CSI,20160713,3904.2691
H00300.CSI,20160714,3897.1882
H00300.CSI,20160715,3899.0807
H00300.CSI,20160718,3882.2713
H00300.CSI,20160719,3867.6266
H00300.CSI,20160720,3855.2338
H00300.CSI,20160721,3873.0883
H00300.CSI,20160722,3841.0464
H00300.CSI,20160725,3848.993
H00300.CSI,20160726,3895.3866
H00300.CSI,20160727,3834.7552
H00300.CSI,20160728,3838.2278
H00300.CSI,20160729,3820.4321
H00300.CSI,20160801,3788.0921
H00300.CSI,20160802,3802.6919
H00300.CSI,20160803,3808.0034
H00300.CSI,20160804,3817.2822
H00300.CSI,20160805,3823.1853
H00300.CSI,20160808,3857.8649
H00300.CSI,20160809,3885.0594
H00300.CSI,20160810,3868.9634
H00300.CSI,20160811,3858.4494
H00300.CSI,20160812,3932.0696
H00300.CSI,20160815,4050.4653
H00300.CSI,20160816,4032.3475
H00300.CSI,20160817,4026.1437
H00300.CSI,20160818,4016.1057
H00300.CSI,20160819,4018.574
H00300.CSI,20160822,3984.8674
H00300.CSI,20160823,3991.1172
H00300.CSI,20160824,3977.8848
H00300.CSI,20160825,3952.9283
H00300.CSI,20160826,3950.9711
H00300.CSI,20160829,3951.7966
H00300.CSI,20160830,3956.8215
H00300.CSI,20160831,3975.8364
H00300.CSI,20160901,3944.5139
H00300.CSI,20160902,3959.4929
H00300.CSI,20160905,3967.102
H00300.CSI,20160906,3994.5225
H00300.CSI,20160907,3992.3612
H00300.CSI,20160908,3990.8635
H00300.CSI,20160909,3965.1466
H00300.CSI,20160912,3898.8948
H00300.CSI,20160913,3896.1804
H00300.CSI,20160914,3870.3642
H00300.CSI,20160919,3899.516
H00300.CSI,20160920,3892.6795
H00300.CSI,20160921,3904.2071
H00300.CSI,20160922,3933.4707
H00300.CSI,20160923,3914.9998
H00300.CSI,20160926,3850.325
H00300.CSI,20160927,3874.8009
H00300.CSI,20160928,3863.0068
H00300.CSI,20160929,3879.3379
H00300.CSI,20160930,3890.0908
H00300.CSI,20161010,3938.619
H00300.CSI,20161011,3953.7911
H00300.CSI,20161012,3945.962
H00300.CSI,20161013,3949.1136
H00300.CSI,20161014,3952.943
H00300.CSI,20161017,3919.4989
H00300.CSI,20161018,3971.4583
H00300.CSI,20161019,3965.3699
H00300.CSI,20161020,3968.3034
H00300.CSI,20161021,3979.2275
H00300.CSI,20161024,4026.8645
H00300.CSI,20161025,4026.733
H00300.CSI,20161026,4011.6011
H00300.CSI,20161027,4000.7131
H00300.CSI,20161028,3994.0541
H00300.CSI,20161031,3989.4523
H00300.CSI,20161101,4016.6846
H00300.CSI,20161102,3985.9542
H00300.CSI,20161103,4023.9658
H00300.CSI,20161104,4010.9196
H00300.CSI,20161107,4013.8095
H00300.CSI,20161108,4031.2832
H00300.CSI,20161109,4009.6829
H00300.CSI,20161110,4054.5949
H00300.CSI,20161111,4086.4149
H00300.CSI,20161114,4101.9931
H00300.CSI,20161115,4101.5406
H00300.CSI,20161116,4101.2086
H00300.CSI,20161117,4109.5111
H00300.CSI,20161118,4086.6951
H00300.CSI,20161121,4114.9827
H00300.CSI,20161122,4147.5728
H00300.CSI,20161123,4155.1845
H00300.CSI,20161124,4171.9396
H00300.CSI,20161125,4210.8737
H00300.CSI,20161128,4227.4299
H00300.CSI,20161129,4262.0613
H00300.CSI,20161130,4230.9221
H00300.CSI,20161201,4263.2519
H00300.CSI,20161202,4220.1041
H00300.CSI,20161205,4148.8943
H00300.CSI,20161206,4136.632
H00300.CSI,20161207,4156.5632
H00300.CSI,20161208,4149.8606
H00300.CSI,20161209,4178.0329
H00300.CSI,20161212,4076.9562
H00300.CSI,20161213,4072.087
H00300.CSI,20161214,4040.8857
H00300.CSI,20161215,3994.8298
H00300.CSI,20161216,4001.5229
H00300.CSI,20161219,3981.1354
H00300.CSI,20161220,3957.3147
H00300.CSI,20161221,3992.5602
H00300.CSI,20161222,3989.1351
H00300.CSI,20161223,3955.5628
H00300.CSI,20161226,3973.2639
H00300.CSI,20161227,3966.0701
H00300.CSI,20161228,3948.7336
H00300.CSI,20161229,3943.8018
H00300.CSI,20161230,3958.5305
H00300.CSI,20170103,3996.9745
H00300.CSI,20170104,4028.169
H00300.CSI,20170105,4027.5441
H00300.CSI,20170106,4003.4794
H00300.CSI,20170109,4022.8947
H00300.CSI,20170110,4016.162
H00300.CSI,20170111,3987.7281
H00300.CSI,20170112,3967.5516
H00300.CSI,20170113,3970.288
H00300.CSI,20170116,3969.7299
H00300.CSI,20170117,3977.9945
H00300.CSI,20170118,3993.5519
H00300.CSI,20170119,3981.5018
H00300.CSI,20170120,4012.1169
H00300.CSI,20170123,4023.1092
H00300.CSI,20170124,4023.5519
H00300.CSI,20170125,4037.2489
H00300.CSI,20170126,4051.6671
H00300.CSI,20170203,4023.6014
H00300.CSI,20170206,4034.0211
H00300.CSI,20170207,4025.0277
H00300.CSI,20170208,4046.079
H00300.CSI,20170209,4061.6312
H00300.CSI,20170210,4082.194
H00300.CSI,20170213,4109.4464
H00300.CSI,20170214,4108.8834
H00300.CSI,20170215,4092.0318
H00300.CSI,20170216,4115.017
H00300.CSI,20170217,4091.7075
H00300.CSI,20170220,4151.4435
H00300.CSI,20170221,4165.1132
H00300.CSI,20170222,4173.4052
H00300.CSI,20170223,4153.7529
H00300.CSI,20170224,4154.3844
H00300.CSI,20170227,4121.3429
H00300.CSI,20170228,4129.2211
H00300.CSI,20170301,4135.9507
H00300.CSI,20170302,4108.0369
H00300.CSI,20170303,4099.3862
H00300.CSI,20170306,4121.8676
H00300.CSI,20170307,4130.8045
H00300.CSI,20170308,4124.5554
H00300.CSI,20170309,4098.4983
H00300.CSI,20170310,4099.6318
H00300.CSI,20170313,4135.7575
H00300.CSI,20170314,4134.0778
H00300.CSI,20170315,4142.4732
H00300.CSI,20170316,4163.8371
H00300.CSI,20170317,4121.1385
H00300.CSI,20170320,4125.6923
H00300.CSI,20170321,4145.7061
H00300.CSI,20170322,4126.2156
H00300.CSI,20170323,4140.4814
H00300.CSI,20170324,4173.5163
H00300.CSI,20170327,4159.6892
H00300.CSI,20170328,4149.8473
H00300.CSI,20170329,4145.0915
H00300.CSI,20170330,4111.077
H00300.CSI,20170331,4134.1489
H00300.CSI,20170405,4191.3846
H00300.CSI,20170406,4203.5306
H00300.CSI,20170407,4207.6987
H00300.CSI,20170410,4193.0685
H00300.CSI,20170411,4207.8906
H00300.CSI,20170412,4198.4523
H00300.CSI,20170413,4204.5865
H00300.CSI,20170414,4171.0155
H00300.CSI,20170417,4163.1641
H00300.CSI,20170418,4142.6356
H00300.CSI,20170419,4122.5249
H00300.CSI,20170420,4141.2742
H00300.CSI,20170421,4147.5807
H00300.CSI,20170424,4105.0988
H00300.CSI,20170425,4116.7713
H00300.CSI,20170426,4121.8479
H00300.CSI,20170427,4123.6867
H00300.CSI,20170428,4115.4608
H00300.CSI,20170502,4099.696
H00300.CSI,20170503,4083.6558
H00300.CSI,20170504,4073.1966
H00300.CSI,20170505,4047.0869
H00300.CSI,20170508,4018.6857
H00300.CSI,20170509,4012.734
H00300.CSI,20170510,3997.1723
H00300.CSI,20170511,4020.4426
H00300.CSI,20170512,4055.8875
H00300.CSI,20170515,4072.8945
H00300.CSI,20170516,4108.6649
H00300.CSI,20170517,4086.3212
H00300.CSI,20170518,4072.6279
H00300.CSI,20170519,4079.6389
H00300.CSI,20170522,4088.8272
H00300.CSI,20170523,4104.5123
H00300.CSI,20170524,4104.6642
H00300.CSI,20170525,4179.5379
H00300.CSI,20170526,4173.6897
H00300.CSI,20170531,4188.7984
H00300.CSI,20170601,4194.8721
H00300.CSI,20170602,4181.483
H00300.CSI,20170605,4161.403
H00300.CSI,20170606,4190.5915
H00300.CSI,20170607,4240.5895
H00300.CSI,20170608,4273.567
H00300.CSI,20170609,4293.5614
H00300.CSI,20170612,4291.5951
H00300.CSI,20170613,4301.5938
H00300.CSI,20170614,4253.3821
H00300.CSI,20170615,4246.1723
H00300.CSI,20170616,4239.5414
H00300.CSI,20170619,4282.1623
H00300.CSI,20170620,4273.5465
H00300.CSI,20170621,4324.1486
H00300.CSI,20170622,4327.8008
H00300.CSI,20170623,4367.0997
H00300.CSI,20170626,4421.8756
H00300.CSI,20170627,4429.8816
H00300.CSI,20170628,4395.5396
H00300.CSI,20170629,4424.5636
H00300.CSI,20170630,4423.1097
H00300.CSI,20170703,4403.8774
H00300.CSI,20170704,4367.2708
H00300.CSI,20170705,4420.0372
H00300.CSI,20170706,4422.7783
H00300.CSI,20170707,4422.4802
H00300.CSI,20170710,4422.9427
H00300.CSI,20170711,4448.7891
H00300.CSI,20170712,4435.9611
H00300.CSI,20170713,4473.5857
H00300.CSI,20170714,4497.9976
H00300.CSI,20170717,4450.1348
H00300.CSI,20170718,4456.0758
H00300.CSI,20170719,4533.3981
H00300.CSI,20170720,4555.7463
H00300.CSI,20170721,4533.5503
H00300.CSI,20170724,4552.0006
H00300.CSI,20170725,4523.2181
H00300.CSI,20170726,4506.2261
H00300.CSI,20170727,4515.4883
H00300.CSI,20170728,4527.3246
H00300.CSI,20170731,4546.7649
H00300.CSI,20170801,4586.6393
H00300.CSI,20170802,4576.4872
H00300.CSI,20170803,4536.36
H00300.CSI,20170804,4512.3152
H00300.CSI,20170807,4535.7011
H00300.CSI,20170808,4543.4495
H00300.CSI,20170809,4542.212
H00300.CSI,20170810,4524.0636
H00300.CSI,20170811,4441.4409
H00300.CSI,20170814,4499.1968
H00300.CSI,20170815,4513.0469
H00300.CSI,20170816,4507.4764
H00300.CSI,20170817,4531.6568
H00300.CSI,20170818,4537.2643
H00300.CSI,20170821,4557.1439
H00300.CSI,20170822,4570.9139
H00300.CSI,20170823,4575.5313
H00300.CSI,20170824,4549.7468
H00300.CSI,20170825,4624.8458
H00300.CSI,20170828,4682.0601
H00300.CSI,20170829,4674.405
H00300.CSI,20170830,4674.1159
H00300.CSI,20170831,4659.2344
H00300.CSI,20170901,4669.5297
H00300.CSI,20170904,4690.2469
H00300.CSI,20170905,4704.1873
H00300.CSI,20170906,4694.9224
H00300.CSI,20170907,4671.0436
H00300.CSI,20170908,4666.3093
H00300.CSI,20170911,4665.8895
H00300.CSI,20170912,4680.8774
H00300.CSI,20170913,4686.5754
H00300.CSI,20170914,4671.1462
H00300.CSI,20170915,4672.9281
H00300.CSI,20170918,4687.3767
H00300.CSI,20170919,4673.9277
H00300.CSI,20170920,4686.9667
H00300.CSI,20170921,4681.334
H00300.CSI,20170922,4681.2277
H00300.CSI,20170925,4656.9064
H00300.CSI,20170926,4661.7742
H00300.CSI,20170927,4662.2848
H00300.CSI,20170928,4663.918
H00300.CSI,20170929,4680.954
H00300.CSI,20171009,4736.7207
H00300.CSI,20171010,4746.062
H00300.CSI,20171011,4761.7076
H00300.CSI,20171012,4774.2342
H00300.CSI,20171013,4784.0538
H00300.CSI,20171016,4774.8352
H00300.CSI,20171017,4774.3747
H00300.CSI,20171018,4812.3126
H00300.CSI,20171019,4796.5573
H00300.CSI,20171020,4791.5038
H00300.CSI,20171023,4796.3188
H00300.CSI,20171024,4831.2459
H00300.CSI,20171025,4852.6649
H00300.CSI,20171026,4872.9521
H00300.CSI,20171027,4907.6209
H00300.CSI,20171030,4892.6785
H00300.CSI,20171031,4889.0131
H00300.CSI,20171101,4876.6942
H00300.CSI,20171102,4877.3192
H00300.CSI,20171103,4871.9059
H00300.CSI,20171106,4906.3055
H00300.CSI,20171107,4947.0077
H00300.CSI,20171108,4939.3927
H00300.CSI,20171109,4973.4292
H00300.CSI,20171110,5017.3704
H00300.CSI,20171113,5037.0914
H00300.CSI,20171114,5002.0444
H00300.CSI,20171115,4970.7078
H00300.CSI,20171116,5008.9523
H00300.CSI,20171117,5028.2785
H00300.CSI,20171120,5056.3414
H00300.CSI,20171121,5146.4759
H00300.CSI,20171122,5158.5133
H00300.CSI,20171123,5005.7798
H00300.CSI,20171124,5008.006
H00300.CSI,20171127,4941.8022
H00300.CSI,20171128,4948.9722
H00300.CSI,20171129,4946.4456
H00300.CSI,20171130,4888.2981
H00300.CSI,20171201,4878.5817
H00300.CSI,20171204,4903.8653
H00300.CSI,20171205,4929.8721
H00300.CSI,20171206,4900.1739
H00300.CSI,20171207,4845.5518
H00300.CSI,20171208,4884.992
H00300.CSI,20171211,4965.6734
H00300.CSI,20171212,4900.4121
H00300.CSI,20171213,4941.9927
H00300.CSI,20171214,4912.7793
H00300.CSI,20171215,4857.5086
H00300.CSI,20171218,4862.921
H00300.CSI,20171219,4923.9782
H00300.CSI,20171220,4918.0729
H00300.CSI,20171221,4963.6586
H00300.CSI,20171222,4947.4905
H00300.CSI,20171225,4931.5566
H00300.CSI,20171226,4946.2997
H00300.CSI,20171227,4870.14
H00300.CSI,20171228,4903.9277
H00300.CSI,20171229,4918.5184
H00300.CSI,20180102,4987.5172
H00300.CSI,20180103,5016.7918
H00300.CSI,20180104,5038.0472
H00300.CSI,20180105,5050.1745
H00300.CSI,20180108,5076.2981
H00300.CSI,20180109,5111.8529
H00300.CSI,20180110,5134.4459
H00300.CSI,20180111,5131.7287
H00300.CSI,20180112,5155.4188
H00300.CSI,20180115,5155.7095
H00300.CSI,20180116,5196.2618
H00300.CSI,20180117,5183.6245
H00300.CSI,20180118,5212.0561
H00300.CSI,20180119,5229.1126
H00300.CSI,20180122,5291.5906
H00300.CSI,20180123,5347.7395
H00300.CSI,20180124,5356.6135
H00300.CSI,20180125,5326.3448
H00300.CSI,20180126,5346.9998
H00300.CSI,20180129,5250.2435
H00300.CSI,20180130,5194.207
H00300.CSI,20180131,5218.3669
H00300.CSI,20180201,5181.7536
H00300.CSI,20180202,5212.6725
H00300.CSI,20180205,5216.2285
H00300.CSI,20180206,5063.3584
H00300.CSI,20180207,4943.2838
H00300.CSI,20180208,4896.3836
H00300.CSI,20180209,4687.2103
H00300.CSI,20180212,4747.5624
H00300.CSI,20180213,4803.1254
H00300.CSI,20180214,4841.3601
H00300.CSI,20180222,4946.0376
H00300.CSI,20180223,4968.4394
H00300.CSI,20180226,5026.2014
H00300.CSI,20180227,4953.6621
H00300.CSI,20180228,4910.5335
H00300.CSI,20180301,4941.5869
H00300.CSI,20180302,4901.7703
H00300.CSI,20180305,4903.767
H00300.CSI,20180306,4962.9179
H00300.CSI,20180307,4926.4137
H00300.CSI,20180308,4976.3857
H00300.CSI,20180309,5014.5422
H00300.CSI,20180312,5037.4875
H00300.CSI,20180313,4993.0483
H00300.CSI,20180314,4971.1923
H00300.CSI,20180315,4999.0399
H00300.CSI,20180316,4950.5403
H00300.CSI,20180319,4972.2947
H00300.CSI,20180320,4976.5127
H00300.CSI,20180321,4956.1878
H00300.CSI,20180322,4906.5154
H00300.CSI,20180323,4765.6624
H00300.CSI,20180326,4735.1
H00300.CSI,20180327,4775.8326
H00300.CSI,20180328,4689.7278
H00300.CSI,20180329,4752.3772
H00300.CSI,20180330,4757.8868
H00300.CSI,20180402,4743.7555
H00300.CSI,20180403,4713.9288
H00300.CSI,20180404,4704.6326
H00300.CSI,20180409,4702.2731
H00300.CSI,20180410,4792.8832
H00300.CSI,20180411,4806.5161
H00300.CSI,20180412,4758.0549
H00300.CSI,20180413,4724.5035
H00300.CSI,20180416,4648.5129
H00300.CSI,20180417,4575.0155
H00300.CSI,20180418,4596.5755
H00300.CSI,20180419,4652.1806
H00300.CSI,20180420,4589.9512
H00300.CSI,20180423,4596.6288
H00300.CSI,20180424,4690.8026
H00300.CSI,20180425,4672.8598
H00300.CSI,20180426,4583.5116
H00300.CSI,20180427,4585.6556
H00300.CSI,20180502,4593.9908
H00300.CSI,20180503,4629.821
H00300.CSI,20180504,4610.4389
H00300.CSI,20180507,4683.3815
H00300.CSI,20180508,4737.7239
H00300.CSI,20180509,4729.8664
H00300.CSI,20180510,4756.3486
H00300.CSI,20180511,4731.7923
H00300.CSI,20180514,4776.3697
H00300.CSI,20180515,4794.6075
H00300.CSI,20180516,4756.598
H00300.CSI,20180517,4721.6437
H00300.CSI,20180518,4769.4055
H00300.CSI,20180521,4792.0209
H00300.CSI,20180522,4774.5022
H00300.CSI,20180523,4711.4009
H00300.CSI,20180524,4678.1092
H00300.CSI,20180525,4668.0699
H00300.CSI,20180528,4688.6583
H00300.CSI,20180529,4653.598
H00300.CSI,20180530,4555.1291
H00300.CSI,20180531,4652.6226
H00300.CSI,20180601,4614.1153
H00300.CSI,20180604,4659.4149
H00300.CSI,20180605,4707.5375
H00300.CSI,20180606,4697.886
H00300.CSI,20180607,4696.6304
H00300.CSI,20180608,4637.0328
H00300.CSI,20180611,4637.6737
H00300.CSI,20180612,4694.1574
H00300.CSI,20180613,4648.4765
H00300.CSI,20180614,4630.3488
H00300.CSI,20180615,4613.7679
H00300.CSI,20180619,4451.6816
H00300.CSI,20180620,4470.2682
H00300.CSI,20180621,4418.7653
H00300.CSI,20180622,4441.3029
H00300.CSI,20180625,4382.0591
H00300.CSI,20180626,4346.4653
H00300.CSI,20180627,4258.5264
H00300.CSI,20180628,4215.852
H00300.CSI,20180629,4327.2948
H00300.CSI,20180702,4200.4903
H00300.CSI,20180703,4202.5759
H00300.CSI,20180704,4147.1797
H00300.CSI,20180705,4122.7562
H00300.CSI,20180706,4152.8386
H00300.CSI,20180709,4269.9016
H00300.CSI,20180710,4282.4359
H00300.CSI,20180711,4209.0897
H00300.CSI,20180712,4306.7622
H00300.CSI,20180713,4325.8836
H00300.CSI,20180716,4305.3408
H00300.CSI,20180717,4282.3437
H00300.CSI,20180718,4260.8005
H00300.CSI,20180719,4257.3555
H00300.CSI,20180720,4337.8332
H00300.CSI,20180723,4378.9237
H00300.CSI,20180724,4448.5007
H00300.CSI,20180725,4443.7523
H00300.CSI,20180726,4392.363
H00300.CSI,20180727,4375.1855
H00300.CSI,20180730,4367.6476
H00300.CSI,20180731,4371.3725
H00300.CSI,20180801,4284.8205
H00300.CSI,20180802,4189.8405
H00300.CSI,20180803,4120.9045
H00300.CSI,20180806,4068.7229
H00300.CSI,20180807,4187.842
H00300.CSI,20180808,4122.2498
H00300.CSI,20180809,4225.9343
H00300.CSI,20180810,4235.4275
H00300.CSI,20180813,4217.3623
H00300.CSI,20180814,4195.68
H00300.CSI,20180815,4095.6052
H00300.CSI,20180816,4076.6717
H00300.CSI,20180817,4018.7386
H00300.CSI,20180820,4065.5631
H00300.CSI,20180821,4139.7837
H00300.CSI,20180822,4116.8029
H00300.CSI,20180823,4133.8527
H00300.CSI,20180824,4142.1218
H00300.CSI,20180827,4243.466
H00300.CSI,20180828,4235.6197
H00300.CSI,20180829,4218.6819
H00300.CSI,20180830,4174.485
H00300.CSI,20180831,4153.818
H00300.CSI,20180903,4138.0239
H00300.CSI,20180904,4190.4352
H00300.CSI,20180905,4108.521
H00300.CSI,20180906,4067.3191
H00300.CSI,20180907,4085.7219
H00300.CSI,20180910,4026.4167
H00300.CSI,20180911,4019.1164
H00300.CSI,20180912,3992.144
H00300.CSI,20180913,4035.2087
H00300.CSI,20180914,4042.0958
H00300.CSI,20180917,3995.7825
H00300.CSI,20180918,4076.2461
H00300.CSI,20180919,4129.9203
H00300.CSI,20180920,4126.9823
H00300.CSI,20180921,4252.3545
H00300.CSI,20180925,4214.0997
H00300.CSI,20180926,4260.7779
H00300.CSI,20180927,4243.8623
H00300.CSI,20180928,4287.9854
H00300.CSI,20181008,4103.4837
H00300.CSI,20181009,4100.7302
H00300.CSI,20181010,4091.8861
H00300.CSI,20181011,3895.5165
H00300.CSI,20181012,3953.6567
H00300.CSI,20181015,3898.4497
H00300.CSI,20181016,3866.6807
H00300.CSI,20181017,3888.2183
H00300.CSI,20181018,3796.1273
H00300.CSI,20181019,3909.041
H00300.CSI,20181022,4078.0152
H00300.CSI,20181023,3970.0647
H00300.CSI,20181024,3976.2512
H00300.CSI,20181025,3984.03
H00300.CSI,20181026,3958.3459
H00300.CSI,20181029,3837.6785
H00300.CSI,20181030,3879.3015
H00300.CSI,20181031,3933.6909
H00300.CSI,20181101,3962.6408
H00300.CSI,20181102,4103.8471
H00300.CSI,20181105,4069.6588
H00300.CSI,20181106,4045.1065
H00300.CSI,20181107,4018.614
H00300.CSI,20181108,4007.2183
H00300.CSI,20181109,3950.6799
H00300.CSI,20181112,3997.6979
H00300.CSI,20181113,4037.912
H00300.CSI,20181114,3997.451
H00300.CSI,20181115,4044.5413
H00300.CSI,20181116,4063.6291
H00300.CSI,20181119,4109.6951
H00300.CSI,20181120,4014.6487
H00300.CSI,20181121,4024.733
H00300.CSI,20181122,4009.6837
H00300.CSI,20181123,3921.1778
H00300.CSI,20181126,3918.3939
H00300.CSI,20181127,3913.4017
H00300.CSI,20181128,3965.4075
H00300.CSI,20181129,3913.9167
H00300.CSI,20181130,3957.6205
H00300.CSI,20181203,4067.7164
H00300.CSI,20181204,4076.1481
H00300.CSI,20181205,4056.557
H00300.CSI,20181206,3968.8259
H00300.CSI,20181207,3969.0559
H00300.CSI,20181210,3923.1454
H00300.CSI,20181211,3941.9239
H00300.CSI,20181212,3955.3888
H00300.CSI,20181213,4016.6209
H00300.CSI,20181214,3949.5277
H00300.CSI,20181217,3943.6464
H00300.CSI,20181218,3902.7652
H00300.CSI,20181219,3856.2315
H00300.CSI,20181220,3826.6547
H00300.CSI,20181221,3779.2219
H00300.CSI,20181224,3790.2037
H00300.CSI,20181225,3764.1099
H00300.CSI,20181226,3745.0868
H00300.CSI,20181227,3730.7067
H00300.CSI,20181228,3755.9137
H00300.CSI,20190102,3704.617
H00300.CSI,20190103,3698.762
H00300.CSI,20190104,3787.3774
H00300.CSI,20190107,3810.3681
H00300.CSI,20190108,3802.135
H00300.CSI,20190109,3840.5249
H00300.CSI,20190110,3833.3022
H00300.CSI,20190111,3860.8626
H00300.CSI,20190114,3827.1869
H00300.CSI,20190115,3902.2962
H00300.CSI,20190116,3903.1212
H00300.CSI,20190117,3881.62
H00300.CSI,20190118,3952.4268
H00300.CSI,20190121,3974.2119
H00300.CSI,20190122,3921.4169
H00300.CSI,20190123,3918.5926
H00300.CSI,20190124,3940.7097
H00300.CSI,20190125,3972.7564
H00300.CSI,20190128,3971.8932
H00300.CSI,20190129,3984.6083
H00300.CSI,20190130,3952.8123
H00300.CSI,20190131,3994.1686
H00300.CSI,20190201,4051.2609
H00300.CSI,20190211,4124.96
H00300.CSI,20190212,4154.7298
H00300.CSI,20190213,4237.9311
H00300.CSI,20190214,4244.3095
H00300.CSI,20190215,4165.171
H00300.CSI,20190218,4298.7078
H00300.CSI,20190219,4291.0517
H00300.CSI,20190220,4306.4208
H00300.CSI,20190221,4294.9164
H00300.CSI,20190222,4391.4917
H00300.CSI,20190225,4653.9072
H00300.CSI,20190226,4598.0157
H00300.CSI,20190227,4590.1523
H00300.CSI,20190228,4578.8943
H00300.CSI,20190301,4679.153
H00300.CSI,20190304,4734.5456
H00300.CSI,20190305,4761.8854
H00300.CSI,20190306,4801.9134
H00300.CSI,20190307,4752.9464
H00300.CSI,20190308,4564.1803
H00300.CSI,20190311,4654.4956
H00300.CSI,20190312,4686.1881
H00300.CSI,20190313,4647.3072
H00300.CSI,20190314,4615.2266
H00300.CSI,20190315,4673.2765
H00300.CSI,20190318,4806.4777
H00300.CSI,20190319,4784.2839
H00300.CSI,20190320,4786.1271
H00300.CSI,20190321,4787.9385
H00300.CSI,20190322,4784.0826
H00300.CSI,20190325,4670.5564
H00300.CSI,20190326,4617.6637
H00300.CSI,20190327,4671.2584
H00300.CSI,20190328,4652.7505
H00300.CSI,20190329,4832.4267
H00300.CSI,20190401,4959.2004
H00300.CSI,20190402,4955.9023
H00300.CSI,20190403,5019.3865
H00300.CSI,20190404,5069.527
H00300.CSI,20190408,5064.9839
H00300.CSI,20190409,5087.7063
H00300.CSI,20190410,5100.7106
H00300.CSI,20190411,4990.5166
H00300.CSI,20190412,4979.3298
H00300.CSI,20190415,4962.9855
H00300.CSI,20190416,5100.7759
H00300.CSI,20190417,5102.5869
H00300.CSI,20190418,5084.1278
H00300.CSI,20190419,5144.7951
H00300.CSI,20190422,5026.3992
H00300.CSI,20190423,5018.1514
H00300.CSI,20190424,5032.0078
H00300.CSI,20190425,4921.7896
H00300.CSI,20190426,4856.1861
H00300.CSI,20190429,4870.0437
H00300.CSI,20190430,4886.1223
H00300.CSI,20190506,4600.729
H00300.CSI,20190507,4646.1603
H00300.CSI,20190508,4579.7134
H00300.CSI,20190509,4495.1728
H00300.CSI,20190510,4658.5373
H00300.CSI,20190513,4581.455
H00300.CSI,20190514,4552.0145
H00300.CSI,20190515,4654.9568
H00300.CSI,20190516,4676.0893
H00300.CSI,20190517,4557.3362
H00300.CSI,20190520,4518.6562
H00300.CSI,20190521,4580.3366
H00300.CSI,20190522,4558.6239
H00300.CSI,20190523,4481.8333
H00300.CSI,20190524,4495.4839
H00300.CSI,20190527,4551.646
H00300.CSI,20190528,4597.0204
H00300.CSI,20190529,4587.1679
H00300.CSI,20190530,4561.6051
H00300.CSI,20190531,4549.7157
H00300.CSI,20190603,4554.2437
H00300.CSI,20190604,4512.1924
H00300.CSI,20190605,4511.5806
H00300.CSI,20190606,4472.5701
H00300.CSI,20190610,4530.519
H00300.CSI,20190611,4670.1916
H00300.CSI,20190612,4635.2717
H00300.CSI,20190613,4628.2983
H00300.CSI,20190614,4591.5443
H00300.CSI,20190617,4591.8042
H00300.CSI,20190618,4608.2083
H00300.CSI,20190619,4677.0665
H00300.CSI,20190620,4819.0385
H00300.CSI,20190621,4826.3531
H00300.CSI,20190624,4836.1233
H00300.CSI,20190625,4786.3634
H00300.CSI,20190626,4779.1166
H00300.CSI,20190627,4832.5628
H00300.CSI,20190628,4825.3292
H00300.CSI,20190701,4964.4633
H00300.CSI,20190702,4966.199
H00300.CSI,20190703,4914.1947
H00300.CSI,20190704,4889.0037
H00300.CSI,20190705,4918.2506
H00300.CSI,20190708,4805.3003
H00300.CSI,20190709,4796.3028
H00300.CSI,20190710,4790.1589
H00300.CSI,20190711,4792.6348
H00300.CSI,20190712,4830.6734
H00300.CSI,20190715,4850.3077
H00300.CSI,20190716,4828.9009
H00300.CSI,20190717,4827.0847
H00300.CSI,20190718,4783.3135
H00300.CSI,20190719,4835.2763
H00300.CSI,20190722,4802.4688
H00300.CSI,20190723,4815.4679
H00300.CSI,20190724,4853.871
H00300.CSI,20190725,4893.9884
H00300.CSI,20190726,4904.341
H00300.CSI,20190729,4898.9334
H00300.CSI,20190730,4919.7136
H00300.CSI,20190731,4876.6971
H00300.CSI,20190801,4836.1492
H00300.CSI,20190802,4766.0931
H00300.CSI,20190805,4675.334
H00300.CSI,20190806,4628.0724
H00300.CSI,20190807,4609.1113
H00300.CSI,20190808,4671.1269
H00300.CSI,20190809,4625.9954
H00300.CSI,20190812,4709.9684
H00300.CSI,20190813,4667.5006
H00300.CSI,20190814,4688.7006
H00300.CSI,20190815,4706.2382
H00300.CSI,20190816,4727.739
H00300.CSI,20190819,4830.723
H00300.CSI,20190820,4826.4923
H00300.CSI,20190821,4818.9562
H00300.CSI,20190822,4834.6243
H00300.CSI,20190823,4869.4902
H00300.CSI,20190826,4799.7353
H00300.CSI,20190827,4865.0771
H00300.CSI,20190828,4846.7718
H00300.CSI,20190829,4830.9698
H00300.CSI,20190830,4842.9506
H00300.CSI,20190902,4905.0662
H00300.CSI,20190903,4911.8099
H00300.CSI,20190904,4956.3152
H00300.CSI,20190905,5006.4673
H00300.CSI,20190906,5036.0375
H00300.CSI,20190909,5067.2101
H00300.CSI,20190910,5049.7579
H00300.CSI,20190911,5012.5599
H00300.CSI,20190912,5066.485
H00300.CSI,20190916,5047.7815
H00300.CSI,20190917,4963.5927
H00300.CSI,20190918,4987.6541
H00300.CSI,20190919,5005.8931
H00300.CSI,20190920,5020.2675
H00300.CSI,20190923,4962.8795
H00300.CSI,20190924,4976.4369
H00300.CSI,20190925,4938.0498
H00300.CSI,20190926,4900.0792
H00300.CSI,20190927,4914.7681
H00300.CSI,20190930,4866.1324
H00300.CSI,20191008,4895.6657
H00300.CSI,20191009,4902.7586
H00300.CSI,20191010,4942.815
H00300.CSI,20191011,4990.5675
H00300.CSI,20191014,5043.5331
H00300.CSI,20191015,5021.8557
H00300.CSI,20191016,5004.5503
H00300.CSI,20191017,5007.786
H00300.CSI,20191018,4936.5404
H00300.CSI,20191021,4951.2244
H00300.CSI,20191022,4970.4141
H00300.CSI,20191023,4938.7788
H00300.CSI,20191024,4938.2468
H00300.CSI,20191025,4971.8779
H00300.CSI,20191028,5009.8901
H00300.CSI,20191029,4989.0178
H00300.CSI,20191030,4964.7752
H00300.CSI,20191031,4959.0675
H00300.CSI,20191101,5042.8108
H00300.CSI,20191104,5075.6451
H00300.CSI,20191105,5107.1484
H00300.CSI,20191106,5084.2701
H00300.CSI,20191107,5093.1927
H00300.CSI,20191108,5069.1241
H00300.CSI,20191111,4979.7706
H00300.CSI,20191112,4980.7563
H00300.CSI,20191113,4976.0262
H00300.CSI,20191114,4983.5228
H00300.CSI,20191115,4946.8177
H00300.CSI,20191118,4986.1666
H00300.CSI,20191119,5036.4197
H00300.CSI,20191120,4986.4323
H00300.CSI,20191121,4963.1248
H00300.CSI,20191122,4912.591
H00300.CSI,20191125,4948.5886
H00300.CSI,20191126,4965.7472
H00300.CSI,20191127,4945.287
H00300.CSI,20191128,4928.2962
H00300.CSI,20191129,4885.3814
H00300.CSI,20191202,4894.8089
H00300.CSI,20191203,4913.9851
H00300.CSI,20191204,4912.3667
H00300.CSI,20191205,4950.0659
H00300.CSI,20191206,4979.4414
H00300.CSI,20191209,4970.6952
H00300.CSI,20191210,4976.9956
H00300.CSI,20191211,4980.0133
H00300.CSI,20191212,4965.0519
H00300.CSI,20191213,5063.8307
H00300.CSI,20191216,5088.4916
H00300.CSI,20191217,5157.7238
H00300.CSI,20191218,5146.2989
H00300.CSI,20191219,5139.1215
H00300.CSI,20191220,5126.4921
H00300.CSI,20191223,5062.4864
H00300.CSI,20191224,5095.4893
H00300.CSI,20191225,5092.8209
H00300.CSI,20191226,5137.6392
H00300.CSI,20191227,5132.5856
H00300.CSI,20191230,5208.6495
H00300.CSI,20191231,5227.7258
H00300.CSI,20200102,5298.753
H00300.CSI,20200103,5289.468
H00300.CSI,20200106,5269.4719
H00300.CSI,20200107,5308.9447
H00300.CSI,20200108,5247.8056
H00300.CSI,20200109,5314.2308
H00300.CSI,20200110,5312.7188
H00300.CSI,20200113,5364.7888
H00300.CSI,20200114,5346.793
H00300.CSI,20200115,5317.2484
H00300.CSI,20200116,5294.6726
H00300.CSI,20200117,5302.0864
H00300.CSI,20200120,5341.6172
H00300.CSI,20200121,5250.3468
H00300.CSI,20200122,5272.8354
H00300.CSI,20200123,5109.4541
H00300.CSI,20200203,4706.783
H00300.CSI,20200204,4830.9236
H00300.CSI,20200205,4885.6559
H00300.CSI,20200206,4976.5766
H00300.CSI,20200207,4976.6969
H00300.CSI,20200210,4997.2882
H00300.CSI,20200211,5043.8143
H00300.CSI,20200212,5084.6096
H00300.CSI,20200213,5053.3271
H00300.CSI,20200214,5088.823
H00300.CSI,20200217,5203.2779
H00300.CSI,20200218,5177.8661
H00300.CSI,20200219,5169.9541
H00300.CSI,20200220,5289.074
H00300.CSI,20200221,5295.2429
H00300.CSI,20200224,5273.9936
H00300.CSI,20200225,5262.5283
H00300.CSI,20200226,5197.6516
H00300.CSI,20200227,5212.7873
H00300.CSI,20200228,5027.9706
H00300.CSI,20200302,5193.3779
H00300.CSI,20200303,5221.0636
H00300.CSI,20200304,5251.296
H00300.CSI,20200305,5368.2813
H00300.CSI,20200306,5281.2272
H00300.CSI,20200309,5100.8163
H00300.CSI,20200310,5210.0507
H00300.CSI,20200311,5140.7542
H00300.CSI,20200312,5041.8323
H00300.CSI,20200313,4970.8822
H00300.CSI,20200316,4757.1668
H00300.CSI,20200317,4733.9955
H00300.CSI,20200318,4640.2956
H00300.CSI,20200319,4580.1089
H00300.CSI,20200320,4661.948
H00300.CSI,20200323,4505.0899
H00300.CSI,20200324,4626.0772
H00300.CSI,20200325,4750.3757
H00300.CSI,20200326,4719.1479
H00300.CSI,20200327,4734.4783
H00300.CSI,20200330,4688.6022
H00300.CSI,20200331,4703.9722
H00300.CSI,20200401,4689.8337
H00300.CSI,20200402,4765.7753
H00300.CSI,20200403,4738.5778
H00300.CSI,20200407,4846.7982
H00300.CSI,20200408,4824.2401
H00300.CSI,20200409,4840.1485
H00300.CSI,20200410,4809.9904
H00300.CSI,20200413,4789.6723
H00300.CSI,20200414,4882.1188
H00300.CSI,20200415,4845.9571
H00300.CSI,20200416,4852.3612
H00300.CSI,20200417,4899.7142
H00300.CSI,20200420,4917.5392
H00300.CSI,20200421,4859.5928
H00300.CSI,20200422,4899.5818
H00300.CSI,20200423,4887.2915
H00300.CSI,20200424,4845.6987
H00300.CSI,20200427,4878.7499
H00300.CSI,20200428,4912.4138
H00300.CSI,20200429,4935.4267
H00300.CSI,20200430,4994.0726
H00300.CSI,20200506,5024.2939
H00300.CSI,20200507,5010.1529
H00300.CSI,20200508,5065.0291
H00300.CSI,20200511,5060.7512
H00300.CSI,20200512,5060.9393
H00300.CSI,20200513,5071.2265
H00300.CSI,20200514,5016.2296
H00300.CSI,20200515,5001.1504
H00300.CSI,20200518,5014.0544
H00300.CSI,20200519,5056.8757
H00300.CSI,20200520,5030.9693
H00300.CSI,20200521,5003.6487
H00300.CSI,20200522,4889.5866
H00300.CSI,20200525,4896.6885
H00300.CSI,20200526,4952.8836
H00300.CSI,20200527,4918.3855
H00300.CSI,20200528,4933.7605
H00300.CSI,20200529,4950.6064
H00300.CSI,20200601,5084.2693
H00300.CSI,20200602,5103.2151
H00300.CSI,20200603,5104.3874
H00300.CSI,20200604,5103.0958
H00300.CSI,20200605,5128.452
H00300.CSI,20200608,5155.089
H00300.CSI,20200609,5187.2812
H00300.CSI,20200610,5181.6074
H00300.CSI,20200611,5130.5396
H00300.CSI,20200612,5140.2975
H00300.CSI,20200615,5080.1931
H00300.CSI,20200616,5156.9704
H00300.CSI,20200617,5161.5912
H00300.CSI,20200618,5198.3
H00300.CSI,20200619,5270.5251
H00300.CSI,20200622,5276.7463
H00300.CSI,20200623,5302.5436
H00300.CSI,20200624,5332.6826
H00300.CSI,20200629,5295.1997
H00300.CSI,20200630,5370.273
H00300.CSI,20200701,5478.5617
H00300.CSI,20200702,5593.1958
H00300.CSI,20200703,5701.9171
H00300.CSI,20200706,6025.878
H00300.CSI,20200707,6062.6971
H00300.CSI,20200708,6162.39
H00300.CSI,20200709,6249.9405
H00300.CSI,20200710,6146.6894
H00300.CSI,20200713,6279.8951
H00300.CSI,20200714,6223.093
H00300.CSI,20200715,6149.7348
H00300.CSI,20200716,5856.2389
H00300.CSI,20200717,5897.2349
H00300.CSI,20200720,6073.5367
H00300.CSI,20200721,6087.5775
H00300.CSI,20200722,6118.9419
H00300.CSI,20200723,6120.3207
H00300.CSI,20200724,5851.7102
H00300.CSI,20200727,5881.7541
H00300.CSI,20200728,5933.458
H00300.CSI,20200729,6077.4884
H00300.CSI,20200730,6048.0325
H00300.CSI,20200731,6098.7346
H00300.CSI,20200803,6197.8002
H00300.CSI,20200804,6203.6876
H00300.CSI,20200805,6205.8525
H00300.CSI,20200806,6187.2992
H00300.CSI,20200807,6117.3449
H00300.CSI,20200810,6139.361
H00300.CSI,20200811,6083.3761
H00300.CSI,20200812,6040.4338
H00300.CSI,20200813,6024.926
H00300.CSI,20200814,6118.0258
H00300.CSI,20200817,6261.899
H00300.CSI,20200818,6258.9523
H00300.CSI,20200819,6165.3144
H00300.CSI,20200820,6085.9718
H00300.CSI,20200821,6139.2581
H00300.CSI,20200824,6187.8323
H00300.CSI,20200825,6195.8288
H00300.CSI,20200826,6123.2
H00300.CSI,20200827,6156.0074
H00300.CSI,20200828,6302.9291
H00300.CSI,20200831,6266.4331
H00300.CSI,20200901,6300.141
H00300.CSI,20200902,6302.437
H00300.CSI,20200903,6267.5779
H00300.CSI,20200904,6206.5867
H00300.CSI,20200907,6075.368
H00300.CSI,20200908,6107.924
H00300.CSI,20200909,5965.061
H00300.CSI,20200910,5961.6635
H00300.CSI,20200911,6020.6105
H00300.CSI,20200914,6051.5354
H00300.CSI,20200915,6100.2385
H00300.CSI,20200916,6062.9539
H00300.CSI,20200917,6030.872
H00300.CSI,20200918,6166.7469
H00300.CSI,20200921,6107.3159
H00300.CSI,20200922,6035.1638
H00300.CSI,20200923,6056.7313
H00300.CSI,20200924,5940.5242
H00300.CSI,20200925,5949.7191
H00300.CSI,20200928,5965.2606
H00300.CSI,20200929,5978.1375
H00300.CSI,20200930,5972.4152
H00300.CSI,20201009,6094.4647
H00300.CSI,20201012,6279.3587
H00300.CSI,20201013,6300.2457
H00300.CSI,20201014,6258.4556
H00300.CSI,20201015,6247.5637
H00300.CSI,20201016,6238.6342
H00300.CSI,20201019,6191.5183
H00300.CSI,20201020,6240.9664
H00300.CSI,20201021,6240.1347
H00300.CSI,20201022,6220.8083
H00300.CSI,20201023,6143.8776
H00300.CSI,20201026,6108.5655
H00300.CSI,20201027,6119.4375
H00300.CSI,20201028,6168.9119
H00300.CSI,20201029,6215.3329
H00300.CSI,20201030,6114.2998
H00300.CSI,20201102,6147.5029
H00300.CSI,20201103,6221.3764
H00300.CSI,20201104,6268.3804
H00300.CSI,20201105,6361.9262
H00300.CSI,20201106,6362.7154
H00300.CSI,20201109,6487.2647
H00300.CSI,20201110,6451.485
H00300.CSI,20201111,6387.701
H00300.CSI,20201112,6394.0675
H00300.CSI,20201113,6326.8348
H00300.CSI,20201116,6388.4772
H00300.CSI,20201117,6376.2509
H00300.CSI,20201118,6372.1939
H00300.CSI,20201119,6419.5033
H00300.CSI,20201120,6439.4328
H00300.CSI,20201123,6519.8581
H00300.CSI,20201124,6479.8119
H00300.CSI,20201125,6397.2113
H00300.CSI,20201126,6408.7939
H00300.CSI,20201127,6489.4853
H00300.CSI,20201130,6462.7585
H00300.CSI,20201201,6601.9696
H00300.CSI,20201202,6602.0301
H00300.CSI,20201203,6588.8911
H00300.CSI,20201204,6600.4296
H00300.CSI,20201207,6543.517
H00300.CSI,20201208,6527.4486
H00300.CSI,20201209,6439.9188
H00300.CSI,20201210,6437.0867
H00300.CSI,20201211,6371.2173
H00300.CSI,20201214,6430.1209
H00300.CSI,20201215,6443.496
H00300.CSI,20201216,6454.9195
H00300.CSI,20201217,6537.8526
H00300.CSI,20201218,6515.036
H00300.CSI,20201221,6576.1107
H00300.CSI,20201222,6469.1763
H00300.CSI,20201223,6524.36
H00300.CSI,20201224,6515.098
H00300.CSI,20201225,6569.8225
H00300.CSI,20201228,6599.0112
H00300.CSI,20201229,6571.0258
H00300.CSI,20201230,6663.246
H00300.CSI,20201231,6790.3916
H00300.CSI,20210104,6863.9203
H00300.CSI,20210105,6995.2472
H00300.CSI,20210106,7059.3071
H00300.CSI,20210107,7184.3824
H00300.CSI,20210108,7160.6334
H00300.CSI,20210111,7089.9157
H00300.CSI,20210112,7292.1362
H00300.CSI,20210113,7268.185
H00300.CSI,20210114,7128.0914
H00300.CSI,20210115,7111.9665
H00300.CSI,20210118,7190.7199
H00300.CSI,20210119,7085.1793
H00300.CSI,20210120,7135.88
H00300.CSI,20210121,7251.2434
H00300.CSI,20210122,7257.5065
H00300.CSI,20210125,7330.6672
H00300.CSI,20210126,7183.4846
H00300.CSI,20210127,7203.0763
H00300.CSI,20210128,7006.5023
H00300.CSI,20210129,6973.6949
H00300.CSI,20210201,7059.2819
H00300.CSI,20210202,7168.0097
H00300.CSI,20210203,7147.3038
H00300.CSI,20210204,7132.6405
H00300.CSI,20210205,7144.9756
H00300.CSI,20210208,7250.7124
H00300.CSI,20210209,7409.2743
H00300.CSI,20210210,7567.5502
H00300.CSI,20210218,7516.2925
H00300.CSI,20210219,7529.9229
H00300.CSI,20210222,7293.4134
H00300.CSI,20210223,7270.3962
H00300.CSI,20210224,7085.2378
H00300.CSI,20210225,7126.9215
H00300.CSI,20210226,6953.8842
H00300.CSI,20210301,7060.7612
H00300.CSI,20210302,6970.653
H00300.CSI,20210303,7104.3194
H00300.CSI,20210304,6880.8436
H00300.CSI,20210305,6857.5065
H00300.CSI,20210308,6619.3528
H00300.CSI,20210309,6477.4064
H00300.CSI,20210310,6519.902
H00300.CSI,20210311,6682.2652
H00300.CSI,20210312,6705.9323
H00300.CSI,20210315,6561.5107
H00300.CSI,20210316,6618.6076
H00300.CSI,20210317,6646.6173
H00300.CSI,20210318,6699.9246
H00300.CSI,20210319,6524.4348
H00300.CSI,20210322,6589.6665
H00300.CSI,20210323,6527.2431
H00300.CSI,20210324,6422.2695
H00300.CSI,20210325,6419.2224
H00300.CSI,20210326,6564.6976
H00300.CSI,20210329,6576.2782
H00300.CSI,20210330,6638.631
H00300.CSI,20210331,6578.2996
H00300.CSI,20210401,6659.8788
H00300.CSI,20210402,6726.0506
H00300.CSI,20210406,6698.405
H00300.CSI,20210407,6650.7127
H00300.CSI,20210408,6661.7445
H00300.CSI,20210409,6561.5733
H00300.CSI,20210412,6447.4324
H00300.CSI,20210413,6436.8744
H00300.CSI,20210414,6490.281
H00300.CSI,20210415,6449.0328
H00300.CSI,20210416,6471.4554
H00300.CSI,20210419,6628.9166
H00300.CSI,20210420,6624.3666
H00300.CSI,20210421,6644.4084
H00300.CSI,20210422,6637.2272
H00300.CSI,20210423,6697.4926
H00300.CSI,20210426,6622.2672
H00300.CSI,20210427,6639.5913
H00300.CSI,20210428,6677.0543
H00300.CSI,20210429,6735.6531
H00300.CSI,20210430,6682.7494
H00300.CSI,20210506,6601.405
H00300.CSI,20210507,6516.5931
H00300.CSI,20210510,6512.0326
H00300.CSI,20210511,6552.0335
H00300.CSI,20210512,6580.4793
H00300.CSI,20210513,6513.2605
H00300.CSI,20210514,6667.3079
H00300.CSI,20210517,6765.259
H00300.CSI,20210518,6768.6764
H00300.CSI,20210519,6749.6708
H00300.CSI,20210520,6768.42
H00300.CSI,20210521,6701.6144
H00300.CSI,20210524,6729.6182
H00300.CSI,20210525,6942.3234
H00300.CSI,20210526,6945.187
H00300.CSI,20210527,6968.3974
H00300.CSI,20210528,6947.2584
H00300.CSI,20210531,6961.7731
H00300.CSI,20210601,6975.5008
H00300.CSI,20210602,6910.7528
H00300.CSI,20210603,6866.6559
H00300.CSI,20210604,6905.406
H00300.CSI,20210607,6900.2415
H00300.CSI,20210608,6841.1399
H00300.CSI,20210609,6848.017
H00300.CSI,20210610,6894.266
H00300.CSI,20210611,6835.5899
H00300.CSI,20210615,6759.6507
H00300.CSI,20210616,6648.2243
H00300.CSI,20210617,6680.6116
H00300.CSI,20210618,6683.8004
H00300.CSI,20210621,6668.0974
H00300.CSI,20210622,6710.1453
H00300.CSI,20210623,6743.9179
H00300.CSI,20210624,6756.917
H00300.CSI,20210625,6871.8496
H00300.CSI,20210628,6887.6341
H00300.CSI,20210629,6811.7455
H00300.CSI,20210630,6859.0579
H00300.CSI,20210701,6867.0032
H00300.CSI,20210702,6672.1099
H00300.CSI,20210705,6678.4004
H00300.CSI,20210706,6679.8285
H00300.CSI,20210707,6757.1579
H00300.CSI,20210708,6690.4929
H00300.CSI,20210709,6671.8103
H00300.CSI,20210712,6757.0274
H00300.CSI,20210713,6777.8655
H00300.CSI,20210714,6700.3364
H00300.CSI,20210715,6792.0893
H00300.CSI,20210716,6722.1141
H00300.CSI,20210719,6747.1631
H00300.CSI,20210720,6741.7419
H00300.CSI,20210721,6790.976
H00300.CSI,20210722,6801.8913
H00300.CSI,20210723,6719.8059
H00300.CSI,20210726,6503.3541
H00300.CSI,20210727,6273.9139
H00300.CSI,20210728,6286.7752
H00300.CSI,20210729,6407.1031
H00300.CSI,20210730,6357.6503
H00300.CSI,20210802,6519.614
H00300.CSI,20210803,6520.5684
H00300.CSI,20210804,6579.5713
H00300.CSI,20210805,6539.8804
H00300.CSI,20210806,6505.2657
H00300.CSI,20210809,6589.9747
H00300.CSI,20210810,6666.1785
H00300.CSI,20210811,6629.4385
H00300.CSI,20210812,6573.9945
H00300.CSI,20210813,6538.5217
H00300.CSI,20210816,6533.7165
H00300.CSI,20210817,6396.8567
H00300.CSI,20210818,6472.3559
H00300.CSI,20210819,6430.0493
H00300.CSI,20210820,6309.7828
H00300.CSI,20210823,6402.7457
H00300.CSI,20210824,6472.272
H00300.CSI,20210825,6488.2798
H00300.CSI,20210826,6360.3891
H00300.CSI,20210827,6394.4489
H00300.CSI,20210830,6376.2037
H00300.CSI,20210831,6366.0558
H00300.CSI,20210901,6450.6371
H00300.CSI,20210902,6450.5744
H00300.CSI,20210903,6415.6696
H00300.CSI,20210906,6535.7733
H00300.CSI,20210907,6614.068
H00300.CSI,20210908,6586.6504
H00300.CSI,20210909,6583.8432
H00300.CSI,20210910,6641.4797
H00300.CSI,20210913,6612.5187
H00300.CSI,20210914,6513.83
H00300.CSI,20210915,6447.8023
H00300.CSI,20210916,6368.8216
H00300.CSI,20210917,6433.8432
H00300.CSI,20210922,6388.6015
H00300.CSI,20210923,6430.2422
H00300.CSI,20210924,6425.2498
H00300.CSI,20210927,6462.2717
H00300.CSI,20210928,6470.8285
H00300.CSI,20210929,6404.7532
H00300.CSI,20210930,6447.7541
H00300.CSI,20211008,6531.9663
H00300.CSI,20211011,6540.2484
H00300.CSI,20211012,6470.8804
H00300.CSI,20211013,6545.4384
H00300.CSI,20211014,6510.3429
H00300.CSI,20211015,6535.8357
H00300.CSI,20211018,6459.86
H00300.CSI,20211019,6523.3988
H00300.CSI,20211020,6506.783
H00300.CSI,20211021,6530.5312
H00300.CSI,20211022,6573.5361
H00300.CSI,20211025,6602.8474
H00300.CSI,20211026,6581.0677
H00300.CSI,20211027,6494.9653
H00300.CSI,20211028,6449.8462
H00300.CSI,20211029,6509.0285
H00300.CSI,20211101,6485.0477
H00300.CSI,20211102,6417.6347
H00300.CSI,20211103,6392.7937
H00300.CSI,20211104,6455.951
H00300.CSI,20211105,6420.9499
H00300.CSI,20211108,6428.6854
H00300.CSI,20211109,6426.9461
H00300.CSI,20211110,6393.0635
H00300.CSI,20211111,6495.7786
H00300.CSI,20211112,6482.1496
H00300.CSI,20211115,6474.1971
H00300.CSI,20211116,6475.4475
H00300.CSI,20211117,6478.9766
H00300.CSI,20211118,6415.2086
H00300.CSI,20211119,6484.8459
H00300.CSI,20211122,6514.4735
H00300.CSI,20211123,6515.7291
H00300.CSI,20211124,6520.1215
H00300.CSI,20211125,6493.3121
H00300.CSI,20211126,6445.1536
H00300.CSI,20211129,6433.6116
H00300.CSI,20211130,6407.8887
H00300.CSI,20211201,6423.5701
H00300.CSI,20211202,6439.8974
H00300.CSI,20211203,6499.3803
H00300.CSI,20211206,6488.2453
H00300.CSI,20211207,6527.3404
H00300.CSI,20211208,6625.2462
H00300.CSI,20211209,6735.0134
H00300.CSI,20211210,6703.7526
H00300.CSI,20211213,6741.7908
H00300.CSI,20211214,6696.5624
H00300.CSI,20211215,6638.483
H00300.CSI,20211216,6676.7193
H00300.CSI,20211217,6570.6655
H00300.CSI,20211220,6472.0782
H00300.CSI,20211221,6515.93
H00300.CSI,20211222,6517.2151
H00300.CSI,20211223,6562.681
H00300.CSI,20211224,6526.3529
H00300.CSI,20211227,6523.6727
H00300.CSI,20211228,6572.2629
H00300.CSI,20211229,6476.1396
H00300.CSI,20211230,6526.573
H00300.CSI,20211231,6551.587
H00300.CSI,20220104,6521.6058
H00300.CSI,20220105,6455.7699
H00300.CSI,20220106,6389.6113
H00300.CSI,20220107,6395.0977
H00300.CSI,20220110,6423.8432
H00300.CSI,20220111,6362.4808
H00300.CSI,20220112,6425.8769
H00300.CSI,20220113,6320.2377
H00300.CSI,20220114,6268.2701
H00300.CSI,20220117,6322.0374
H00300.CSI,20220118,6383.1336
H00300.CSI,20220119,6339.4127
H00300.CSI,20220120,6396.6097
H00300.CSI,20220121,6338.0015
H00300.CSI,20220124,6347.846
H00300.CSI,20220125,6204.2437
H00300.CSI,20220126,6249.1462
H00300.CSI,20220127,6126.566
H00300.CSI,20220128,6052.1641
H00300.CSI,20220207,6145.4148
H00300.CSI,20220208,6111.8411
H00300.CSI,20220209,6169.2467
H00300.CSI,20220210,6153.07
H00300.CSI,20220211,6102.0575
H00300.CSI,20220214,6036.1388
H00300.CSI,20220215,6100.3431
H00300.CSI,20220216,6124.0633
H00300.CSI,20220217,6138.8836
H00300.CSI,20220218,6168.1526
H00300.CSI,20220221,6145.7122
H00300.CSI,20220222,6065.9302
H00300.CSI,20220223,6130.7698
H00300.CSI,20220224,6006.4747
H00300.CSI,20220225,6064.9647
H00300.CSI,20220228,6075.8672
H00300.CSI,20220301,6126.3136
H00300.CSI,20220302,6071.8288
H00300.CSI,20220303,6036.0599
H00300.CSI,20220304,5962.8598
H00300.CSI,20220307,5772.3575
H00300.CSI,20220308,5656.4715
H00300.CSI,20220309,5604.693
H00300.CSI,20220310,5692.869
H00300.CSI,20220311,5711.0161
H00300.CSI,20220314,5536.2798
H00300.CSI,20220315,5283.0605
H00300.CSI,20220316,5511.512
H00300.CSI,20220317,5619.7436
H00300.CSI,20220318,5657.1487
H00300.CSI,20220321,5647.6592
H00300.CSI,20220322,5643.0828
H00300.CSI,20220323,5671.2265
H00300.CSI,20220324,5637.793
H00300.CSI,20220325,5536.0364
H00300.CSI,20220328,5501.4138
H00300.CSI,20220329,5482.4208
H00300.CSI,20220330,5641.614
H00300.CSI,20220331,5599.8371
H00300.CSI,20220401,5670.8678
H00300.CSI,20220406,5654.553
H00300.CSI,20220407,5581.9571
H00300.CSI,20220408,5612.0078
H00300.CSI,20220411,5438.6421
H00300.CSI,20220412,5544.6307
H00300.CSI,20220413,5491.4945
H00300.CSI,20220414,5560.2505
H00300.CSI,20220415,5556.508
H00300.CSI,20220418,5526.8963
H00300.CSI,20220419,5485.1331
H00300.CSI,20220420,5400.2991
H00300.CSI,20220421,5300.8659
H00300.CSI,20220422,5323.9751
H00300.CSI,20220425,5060.8611
H00300.CSI,20220426,5020.025
H00300.CSI,20220427,5167.8302
H00300.CSI,20220428,5201.7531
H00300.CSI,20220429,5330.2131
H00300.CSI,20220505,5322.4511
H00300.CSI,20220506,5187.8988
H00300.CSI,20220509,5146.3631
H00300.CSI,20220510,5203.0502
H00300.CSI,20220511,5278.2501
H00300.CSI,20220512,5254.9584
H00300.CSI,20220513,5294.5958
H00300.CSI,20220516,5252.5275
H00300.CSI,20220517,5318.0498
H00300.CSI,20220518,5299.4819
H00300.CSI,20220519,5310.7014
H00300.CSI,20220520,5414.3411
H00300.CSI,20220523,5382.9811
H00300.CSI,20220524,5257.206
H00300.CSI,20220525,5289.4653
H00300.CSI,20220526,5306.5878
H00300.CSI,20220527,5317.8043
H00300.CSI,20220530,5357.3197
H00300.CSI,20220531,5440.8594
H00300.CSI,20220601,5432.0975
H00300.CSI,20220602,5444.1662
H00300.CSI,20220606,5546.5116
H00300.CSI,20220607,5564.1092
H00300.CSI,20220608,5619.6803
H00300.CSI,20220609,5561.984
H00300.CSI,20220610,5649.5064
H00300.CSI,20220613,5583.8168
H00300.CSI,20220614,5627.7936
H00300.CSI,20220615,5702.4977
H00300.CSI,20220616,5669.7672
H00300.CSI,20220617,5749.6445
H00300.CSI,20220620,5783.0923
H00300.CSI,20220621,5779.802
H00300.CSI,20220622,5707.6478
H00300.CSI,20220623,5806.6274
H00300.CSI,20220624,5876.2641
H00300.CSI,20220627,5942.8561
H00300.CSI,20220628,6005.5493
H00300.CSI,20220629,5916.5159
H00300.CSI,20220630,6008.2456
H00300.CSI,20220701,5983.7399
H00300.CSI,20220704,6023.0757
H00300.CSI,20220705,6014.583
H00300.CSI,20220706,5927.9444
H00300.CSI,20220707,5955.8351
H00300.CSI,20220708,5940.2226
H00300.CSI,20220711,5844.1645
H00300.CSI,20220712,5796.1057
H00300.CSI,20220713,5807.5653
H00300.CSI,20220714,5809.3542
H00300.CSI,20220715,5724.2197
H00300.CSI,20220718,5783.6746
H00300.CSI,20220719,5752.589
H00300.CSI,20220720,5772.1203
H00300.CSI,20220721,5711.8491
H00300.CSI,20220722,5715.4271
H00300.CSI,20220725,5681.2857
H00300.CSI,20220726,5726.7379
H00300.CSI,20220727,5698.4949
H00300.CSI,20220728,5700.535
H00300.CSI,20220729,5627.2578
H00300.CSI,20220801,5652.3255
H00300.CSI,20220802,5542.1387
H00300.CSI,20220803,5488.4711
H00300.CSI,20220804,5535.161
H00300.CSI,20220805,5614.4208
H00300.CSI,20220808,5603.1042
H00300.CSI,20220809,5614.2023
H00300.CSI,20220810,5551.6621
H00300.CSI,20220811,5664.8712
H00300.CSI,20220812,5662.2732
H00300.CSI,20220815,5655.0787
H00300.CSI,20220816,5644.5481
H00300.CSI,20220817,5697.4042
H00300.CSI,20220818,5647.8439
H00300.CSI,20220819,5609.1944
H00300.CSI,20220822,5650.1683
H00300.CSI,20220823,5623.7106
H00300.CSI,20220824,5517.4363
H00300.CSI,20220825,5565.1103
H00300.CSI,20220826,5555.9187
H00300.CSI,20220829,5531.5378
H00300.CSI,20220830,5512.9708
H00300.CSI,20220831,5517.0915
H00300.CSI,20220901,5469.6139
H00300.CSI,20220902,5442.3906
H00300.CSI,20220905,5431.3172
H00300.CSI,20220906,5481.4148
H00300.CSI,20220907,5485.0708
H00300.CSI,20220908,5461.8583
H00300.CSI,20220909,5537.7507
H00300.CSI,20220913,5561.1894
H00300.CSI,20220914,5499.295
H00300.CSI,20220915,5447.8637
H00300.CSI,20220916,5320.1113
H00300.CSI,20220919,5314.3945
H00300.CSI,20220920,5321.4994
H00300.CSI,20220921,5282.1226
H00300.CSI,20220922,5235.678
H00300.CSI,20220923,5217.6507
H00300.CSI,20220926,5191.6101
H00300.CSI,20220927,5266.8692
H00300.CSI,20220928,5181.4735
H00300.CSI,20220929,5179.3537
H00300.CSI,20220930,5149.2313
H00300.CSI,20221010,5035.6216
H00300.CSI,20221011,5044.7568
H00300.CSI,20221012,5121.3814
H00300.CSI,20221013,5079.1659
H00300.CSI,20221014,5200.704
H00300.CSI,20221017,5206.0396
H00300.CSI,20221018,5195.0153
H00300.CSI,20221019,5111.4606
H00300.CSI,20221020,5085.0507
H00300.CSI,20221021,5068.8945
H00300.CSI,20221024,4920.5752
H00300.CSI,20221025,4912.5591
H00300.CSI,20221026,4952.4404
H00300.CSI,20221027,4917.5572
H00300.CSI,20221028,4795.9229
H00300.CSI,20221031,4751.8327
H00300.CSI,20221101,4921.7564
H00300.CSI,20221102,4980.8469
H00300.CSI,20221103,4940.342
H00300.CSI,20221104,5101.88
H00300.CSI,20221107,5112.8802
H00300.CSI,20221108,5077.7064
H00300.CSI,20221109,5030.6048
H00300.CSI,20221110,4991.8935
H00300.CSI,20221111,5131.0582
H00300.CSI,20221114,5138.6136
H00300.CSI,20221115,5236.0701
H00300.CSI,20221116,5193.2945
H00300.CSI,20221117,5171.9954
H00300.CSI,20221118,5148.9236
H00300.CSI,20221121,5104.9839
H00300.CSI,20221122,5105.5877
H00300.CSI,20221123,5110.9796
H00300.CSI,20221124,5088.3329
H00300.CSI,20221125,5114.024
H00300.CSI,20221128,5056.56
H00300.CSI,20221129,5212.5678
H00300.CSI,20221130,5218.8174
H00300.CSI,20221201,5275.3423
H00300.CSI,20221202,5243.0778
H00300.CSI,20221205,5345.9199
H00300.CSI,20221206,5374.8587
H00300.CSI,20221207,5361.6429
H00300.CSI,20221208,5362.6438
H00300.CSI,20221209,5415.5559
H00300.CSI,20221212,5354.8738
H00300.CSI,20221213,5344.3603
H00300.CSI,20221214,5360.4377
H00300.CSI,20221215,5356.5109
H00300.CSI,20221216,5359.5449
H00300.CSI,20221219,5276.8572
H00300.CSI,20221220,5189.8362
H00300.CSI,20221221,5191.8979
H00300.CSI,20221222,5199.3385
H00300.CSI,20221223,5188.754
H00300.CSI,20221226,5209.802
H00300.CSI,20221227,5273.971
H00300.CSI,20221228,5251.4667
H00300.CSI,20221229,5231.7108
H00300.CSI,20221230,5251.9678
H00300.CSI,20230103,5274.0323
H00300.CSI,20230104,5280.8806
H00300.CSI,20230105,5383.4753
H00300.CSI,20230106,5400.1749
H00300.CSI,20230109,5443.8968
H00300.CSI,20230110,5449.8033
H00300.CSI,20230111,5440.1047
H00300.CSI,20230112,5450.7384
H00300.CSI,20230113,5527.3985
H00300.CSI,20230116,5613.6622
H00300.CSI,20230117,5612.6827
H00300.CSI,20230118,5603.2841
H00300.CSI,20230119,5638.1404
H00300.CSI,20230120,5672.7601
H00300.CSI,20230130,5699.646
H00300.CSI,20230131,5639.2937
H00300.CSI,20230201,5692.3043
H00300.CSI,20230202,5672.248
H00300.CSI,20230203,5618.6378
H00300.CSI,20230206,5544.3573
H00300.CSI,20230207,5554.336
H00300.CSI,20230208,5529.7914
H00300.CSI,20230209,5604.0196
H00300.CSI,20230210,5570.7189
H00300.CSI,20230213,5621.2724
H00300.CSI,20230214,5623.6007
H00300.CSI,20230215,5594.2965
H00300.CSI,20230216,5553.3241
H00300.CSI,20230217,5473.3096
H00300.CSI,20230220,5607.5917
H00300.CSI,20230221,5622.3301
H00300.CSI,20230222,5571.5883
H00300.CSI,20230223,5567.1057
H00300.CSI,20230224,5509.3126
H00300.CSI,20230227,5487.2401
H00300.CSI,20230228,5521.9972
H00300.CSI,20230301,5599.9977
H00300.CSI,20230302,5587.5087
H00300.CSI,20230303,5604.8959
H00300.CSI,20230306,5575.666
H00300.CSI,20230307,5494.035
H00300.CSI,20230308,5474.0281
H00300.CSI,20230309,5454.682
H00300.CSI,20230310,5383.1507
H00300.CSI,20230313,5439.5325
H00300.CSI,20230314,5406.979
H00300.CSI,20230315,5409.973
H00300.CSI,20230316,5345.1773
H00300.CSI,20230317,5371.8666
H00300.CSI,20230320,5345.0774
H00300.CSI,20230321,5403.8345
H00300.CSI,20230322,5426.9898
H00300.CSI,20230323,5480.7881
H00300.CSI,20230324,5464.4454
H00300.CSI,20230327,5444.6768
H00300.CSI,20230328,5427.0875
H00300.CSI,20230329,5436.0832
H00300.CSI,20230330,5480.2064
H00300.CSI,20230331,5497.0329
H00300.CSI,20230403,5550.8262
H00300.CSI,20230404,5567.8395
H00300.CSI,20230406,5559.0664
H00300.CSI,20230407,5595.2163
H00300.CSI,20230410,5570.1554
H00300.CSI,20230411,5563.8266
H00300.CSI,20230412,5559.9452
H00300.CSI,20230413,5521.6982
H00300.CSI,20230414,5552.9371
H00300.CSI,20230417,5630.8096
H00300.CSI,20230418,5648.1885
H00300.CSI,20230419,5597.3348
H00300.CSI,20230420,5581.8727
H00300.CSI,20230421,5472.9755
H00300.CSI,20230424,5405.2187
H00300.CSI,20230425,5378.1686
H00300.CSI,20230426,5374.8496
H00300.CSI,20230427,5414.7659
H00300.CSI,20230428,5470.0687
H00300.CSI,20230504,5471.6454
H00300.CSI,20230505,5453.4941
H00300.CSI,20230508,5515.6538
H00300.CSI,20230509,5468.4903
H00300.CSI,20230510,5426.4375
H00300.CSI,20230511,5418.0166
H00300.CSI,20230512,5346.6199
H00300.CSI,20230515,5429.8117
H00300.CSI,20230516,5402.5058
H00300.CSI,20230517,5378.0586
H00300.CSI,20230518,5373.132
H00300.CSI,20230519,5358.7626
H00300.CSI,20230522,5392.4932
H00300.CSI,20230523,5316.3131
H00300.CSI,20230524,5242.8726
H00300.CSI,20230525,5231.6436
H00300.CSI,20230526,5233.5449
H00300.CSI,20230529,5211.2834
H00300.CSI,20230530,5216.638
H00300.CSI,20230531,5166.1177
H00300.CSI,20230601,5181.3009
H00300.CSI,20230602,5256.7747
H00300.CSI,20230605,5232.8899
H00300.CSI,20230606,5184.0228
H00300.CSI,20230607,5159.859
H00300.CSI,20230608,5202.2639
H00300.CSI,20230609,5226.7178
H00300.CSI,20230612,5237.7499
H00300.CSI,20230613,5267.8131
H00300.CSI,20230614,5273.5315
H00300.CSI,20230615,5359.1507
H00300.CSI,20230616,5411.9501
H00300.CSI,20230619,5373.2829
H00300.CSI,20230620,5365.5772
H00300.CSI,20230621,5287.7358
H00300.CSI,20230626,5215.2874
H00300.CSI,20230627,5266.672
H00300.CSI,20230628,5264.9723
H00300.CSI,20230629,5240.6587
H00300.CSI,20230630,5275.9483
H00300.CSI,20230703,5345.9937
H00300.CSI,20230704,5354.4134
H00300.CSI,20230705,5315.3125
H00300.CSI,20230706,5281.0427
H00300.CSI,20230707,5258.5136
H00300.CSI,20230710,5284.1562
H00300.CSI,20230711,5319.217
H00300.CSI,20230712,5289.8961
H00300.CSI,20230713,5374.868
H00300.CSI,20230714,5377.8579
H00300.CSI,20230717,5341.1255
H00300.CSI,20230718,5327.6577
H00300.CSI,20230719,5323.4515
H00300.CSI,20230720,5286.3607
H00300.CSI,20230721,5287.9896
H00300.CSI,20230724,5264.9603
H00300.CSI,20230725,5417.3702
H00300.CSI,20230726,5406.9444
H00300.CSI,20230727,5400.5358
H00300.CSI,20230728,5528.0652
H00300.CSI,20230731,5558.3947
H00300.CSI,20230801,5535.3828
H00300.CSI,20230802,5496.8289
H00300.CSI,20230803,5545.414
H00300.CSI,20230804,5567.235
H00300.CSI,20230807,5525.1046
H00300.CSI,20230808,5510.7151
H00300.CSI,20230809,5495.2815
H00300.CSI,20230810,5507.1487
H00300.CSI,20230811,5382.3863
H00300.CSI,20230814,5343.1101
H00300.CSI,20230815,5330.1256
H00300.CSI,20230816,5291.0465
H00300.CSI,20230817,5308.7376
H00300.CSI,20230818,5243.6998
H00300.CSI,20230821,5168.2765
H00300.CSI,20230822,5208.2251
H00300.CSI,20230823,5122.8681
H00300.CSI,20230824,5160.1787
H00300.CSI,20230825,5144.1057
H00300.CSI,20230828,5205.2753
H00300.CSI,20230829,5257.4001
H00300.CSI,20230830,5255.1849
H00300.CSI,20230831,5223.5541
H00300.CSI,20230901,5260.5028
H00300.CSI,20230904,5340.2264
H00300.CSI,20230905,5300.4977
H00300.CSI,20230906,5288.997
H00300.CSI,20230907,5214.6942
H00300.CSI,20230908,5189.0512
H00300.CSI,20230911,5227.489
H00300.CSI,20230912,5217.8705
H00300.CSI,20230913,5184.6347
H00300.CSI,20230914,5180.2731
H00300.CSI,20230915,5146.7044
H00300.CSI,20230918,5173.0113
H00300.CSI,20230919,5163.0073
H00300.CSI,20230920,5143.1206
H00300.CSI,20230921,5097.0128
H00300.CSI,20230922,5189.2918
H00300.CSI,20230925,5155.5254
H00300.CSI,20230926,5125.4169
H00300.CSI,20230927,5136.131
H00300.CSI,20230928,5121.0906
H00300.CSI,20231009,5114.4421
H00300.CSI,20231010,5076.1311
H00300.CSI,20231011,5090.5977
H00300.CSI,20231012,5138.9927
H00300.CSI,20231013,5084.9323
H00300.CSI,20231016,5034.1079
H00300.CSI,20231017,5051.8821
H00300.CSI,20231018,5011.8999
H00300.CSI,20231019,4904.9702
H00300.CSI,20231020,4873.1052
H00300.CSI,20231023,4822.7355
H00300.CSI,20231024,4840.7497
H00300.CSI,20231025,4867.626
H00300.CSI,20231026,4881.0813
H00300.CSI,20231027,4948.4273
H00300.CSI,20231030,4978.1351
H00300.CSI,20231031,4962.4854
H00300.CSI,20231101,4960.4313
H00300.CSI,20231102,4937.0421
H00300.CSI,20231103,4978.6416
H00300.CSI,20231106,5045.9729
H00300.CSI,20231107,5028.1245
H00300.CSI,20231108,5016.1786
H00300.CSI,20231109,5018.6151
H00300.CSI,20231110,4982.03
H00300.CSI,20231113,4972.2018
H00300.CSI,20231114,4975.8749
H00300.CSI,20231115,5010.8626
H00300.CSI,20231116,4962.5525
H00300.CSI,20231117,4956.5852
H00300.CSI,20231120,4968.0524
H00300.CSI,20231121,4974.6427
H00300.CSI,20231122,4924.3105
H00300.CSI,20231123,4948.0736
H00300.CSI,20231124,4915.4085
H00300.CSI,20231127,4879.2324
H00300.CSI,20231128,4888.3753
H00300.CSI,20231129,4846.6653
H00300.CSI,20231130,4857.6353
H00300.CSI,20231201,4839.1264
H00300.CSI,20231204,4807.5267
H00300.CSI,20231205,4715.9917
H00300.CSI,20231206,4723.4122
H00300.CSI,20231207,4711.8584
H00300.CSI,20231208,4723.6546
H00300.CSI,20231211,4751.4354
H00300.CSI,20231212,4761.646
H00300.CSI,20231213,4682.1676
H00300.CSI,20231214,4657.6547
H00300.CSI,20231215,4643.1868
H00300.CSI,20231218,4626.2539
H00300.CSI,20231219,4632.7506
H00300.CSI,20231220,4586.1231
H00300.CSI,20231221,4632.5303
H00300.CSI,20231222,4641.3733
H00300.CSI,20231225,4655.8178
H00300.CSI,20231226,4624.3002
H00300.CSI,20231227,4640.3882
H00300.CSI,20231228,4749.1296
H00300.CSI,20231229,4772.1754
H00300.CSI,20240102,4709.924
H00300.CSI,20240103,4698.7205
H00300.CSI,20240104,4655.263
H00300.CSI,20240105,4630.3103
H00300.CSI,20240108,4570.4272
H00300.CSI,20240109,4579.3884
H00300.CSI,20240110,4558.0104
H00300.CSI,20240111,4583.8006
H00300.CSI,20240112,4567.7987
H00300.CSI,20240115,4563.2824
H00300.CSI,20240116,4591.0393
H00300.CSI,20240117,4491.184
H00300.CSI,20240118,4554.6718
H00300.CSI,20240119,4547.7839
H00300.CSI,20240122,4477.0245
H00300.CSI,20240123,4495.1491
H00300.CSI,20240124,4557.9824
H00300.CSI,20240125,4649.5146
H00300.CSI,20240126,4636.8611
H00300.CSI,20240129,4595.3289
H00300.CSI,20240130,4513.3774
H00300.CSI,20240131,4472.0872
H00300.CSI,20240201,4475.3685
H00300.CSI,20240202,4422.4002
H00300.CSI,20240205,4451.3218
H00300.CSI,20240206,4606.0828
H00300.CSI,20240207,4650.504
H00300.CSI,20240208,4680.1284
H00300.CSI,20240219,4734.2022
H00300.CSI,20240220,4744.0027
H00300.CSI,20240221,4808.0058
H00300.CSI,20240222,4849.458
H00300.CSI,20240223,4853.7236
H00300.CSI,20240226,4803.12
H00300.CSI,20240227,4860.7417
H00300.CSI,20240228,4798.8101
H00300.CSI,20240229,4890.3601
H00300.CSI,20240301,4920.5711
H00300.CSI,20240304,4924.8338
H00300.CSI,20240305,4959.1124
H00300.CSI,20240306,4938.992
H00300.CSI,20240307,4909.327
H00300.CSI,20240308,4930.4547
H00300.CSI,20240311,4992.1442
H00300.CSI,20240312,5003.5914
H00300.CSI,20240313,4968.6352
H00300.CSI,20240314,4954.5345
H00300.CSI,20240315,4965.3417
H00300.CSI,20240318,5011.984
H00300.CSI,20240319,4975.964
H00300.CSI,20240320,4986.748
H00300.CSI,20240321,4980.7763
H00300.CSI,20240322,4930.5832
H00300.CSI,20240325,4903.8248
H00300.CSI,20240326,4928.8369
H00300.CSI,20240327,4871.8673
H00300.CSI,20240328,4897.1505
H00300.CSI,20240329,4920.2572
H00300.CSI,20240401,5001.1546
H00300.CSI,20240402,4980.332
H00300.CSI,20240403,4962.4274
H00300.CSI,20240408,4918.7597
H00300.CSI,20240409,4914.6975
H00300.CSI,20240410,4874.6698
H00300.CSI,20240411,4874.0245
H00300.CSI,20240412,4834.515
H00300.CSI,20240415,4936.3798
H00300.CSI,20240416,4883.5798
H00300.CSI,20240417,4959.0891
H00300.CSI,20240418,4965.6041
H00300.CSI,20240419,4926.6559
H00300.CSI,20240422,4912.525
H00300.CSI,20240423,4878.5558
H00300.CSI,20240424,4899.9792
H00300.CSI,20240425,4912.0278
H00300.CSI,20240426,4987.3481
H00300.CSI,20240429,5042.7406
H00300.CSI,20240430,5019.1862
H00300.CSI,20240506,5093.6615
H00300.CSI,20240507,5095.2362
H00300.CSI,20240508,5055.1713
H00300.CSI,20240509,5102.9875
H00300.CSI,20240510,5106.0448
H00300.CSI,20240513,5103.8353
H00300.CSI,20240514,5093.7671
H00300.CSI,20240515,5054.7191
H00300.CSI,20240516,5074.6812
H00300.CSI,20240517,5127.6879
H00300.CSI,20240520,5145.8018
H00300.CSI,20240521,5126.5838
H00300.CSI,20240522,5138.7988
H00300.CSI,20240523,5079.363
H00300.CSI,20240524,5023.9034
H00300.CSI,20240527,5072.0711
H00300.CSI,20240528,5035.4547
H00300.CSI,20240529,5042.261
H00300.CSI,20240530,5016.3091
H00300.CSI,20240531,4996.3309
H00300.CSI,20240603,5008.9263
H00300.CSI,20240604,5047.0456
H00300.CSI,20240605,5020.1124
H00300.CSI,20240606,5017.8284
H00300.CSI,20240607,4995.5657
H00300.CSI,20240611,4952.9401
H00300.CSI,20240612,4955.1859
H00300.CSI,20240613,4932.5939
H00300.CSI,20240614,4961.2822
H00300.CSI,20240617,4954.1757
H00300.CSI,20240618,4967.5216
H00300.CSI,20240619,4951.5237
H00300.CSI,20240620,4916.8841
H00300.CSI,20240621,4907.3
H00300.CSI,20240624,4881.7308
H00300.CSI,20240625,4855.1825
H00300.CSI,20240626,4889.7442
H00300.CSI,20240627,4856.0897
H00300.CSI,20240628,4870.4693
H00300.CSI,20240701,4893.8233
H00300.CSI,20240702,4884.8226
H00300.CSI,20240703,4873.7132
H00300.CSI,20240704,4849.4018
H00300.CSI,20240705,4829.9131
H00300.CSI,20240708,4791.5451
H00300.CSI,20240709,4850.1012
H00300.CSI,20240710,4840.2508
H00300.CSI,20240711,4905.5909
H00300.CSI,20240712,4918.7155
H00300.CSI,20240715,4925.229
H00300.CSI,20240716,4961.9689
H00300.CSI,20240717,4968.2559
H00300.CSI,20240718,4997.0988
H00300.CSI,20240719,5026.6051
H00300.CSI,20240722,4992.5137
H00300.CSI,20240723,4886.8814
H00300.CSI,20240724,4857.5192
H00300.CSI,20240725,4831.0343
H00300.CSI,20240726,4851.2242
H00300.CSI,20240729,4825.6017
H00300.CSI,20240730,4796.314
H00300.CSI,20240731,4899.8242
H00300.CSI,20240801,4867.6077
H00300.CSI,20240802,4817.9606
H00300.CSI,20240805,4759.5207
H00300.CSI,20240806,4759.1389
H00300.CSI,20240807,4757.0179
H00300.CSI,20240808,4759.6898
H00300.CSI,20240809,4745.0035
H00300.CSI,20240812,4736.7957
H00300.CSI,20240813,4748.9716
H00300.CSI,20240814,4714.1359
H00300.CSI,20240815,4761.4939
H00300.CSI,20240816,4768.6587
H00300.CSI,20240819,4784.8802
H00300.CSI,20240820,4750.7218
H00300.CSI,20240821,4735.1487
H00300.CSI,20240822,4723.1227
H00300.CSI,20240823,4744.3457
H00300.CSI,20240826,4741.3885
H00300.CSI,20240827,4714.4465
H00300.CSI,20240828,4690.4809
H00300.CSI,20240829,4677.901
H00300.CSI,20240830,4740.3426
H00300.CSI,20240902,4660.4058
H00300.CSI,20240903,4672.4203
H00300.CSI,20240904,4642.1596
H00300.CSI,20240905,4650.4734
H00300.CSI,20240906,4612.7699
H00300.CSI,20240909,4558.673
H00300.CSI,20240910,4562.6759
H00300.CSI,20240911,4549.8564
H00300.CSI,20240912,4530.3565
H00300.CSI,20240913,4512.0744
H00300.CSI,20240918,4528.8747
H00300.CSI,20240919,4565.3162
H00300.CSI,20240920,4572.7667
H00300.CSI,20240923,4589.5007
H00300.CSI,20240924,4788.3111
H00300.CSI,20240925,4859.4757
H00300.CSI,20240926,5065.6451
H00300.CSI,20240927,5291.9203
H00300.CSI,20240930,5741.0312
H00300.CSI,20241008,6081.4499
H00300.CSI,20241009,5652.7031
H00300.CSI,20241010,5714.2198
H00300.CSI,20241011,5556.2665
H00300.CSI,20241014,5662.2918
H00300.CSI,20241015,5511.745
H00300.CSI,20241016,5476.9347
H00300.CSI,20241017,5414.9448
H00300.CSI,20241018,5614.7775
H00300.CSI,20241021,5629.2185
H00300.CSI,20241022,5661.6133
H00300.CSI,20241023,5683.9856
H00300.CSI,20241024,5620.8179
H00300.CSI,20241025,5660.7384
H00300.CSI,20241028,5671.8068
H00300.CSI,20241029,5615.28
H00300.CSI,20241030,5565.3988
H00300.CSI,20241031,5567.9901
H00300.CSI,20241101,5567.0364
H00300.CSI,20241104,5645.3775
H00300.CSI,20241105,5788.2171
H00300.CSI,20241106,5759.5463
H00300.CSI,20241107,5934.5765
H00300.CSI,20241108,5875.047
H00300.CSI,20241111,5913.9344
H00300.CSI,20241112,5848.9587
H00300.CSI,20241113,5885.8285
H00300.CSI,20241114,5783.785
H00300.CSI,20241115,5682.5551
H00300.CSI,20241118,5656.3598
H00300.CSI,20241119,5694.3191
H00300.CSI,20241120,5707.0362
H00300.CSI,20241121,5712.2729
H00300.CSI,20241122,5535.2916
H00300.CSI,20241125,5510.4565
H00300.CSI,20241126,5499.1349
H00300.CSI,20241127,5594.8782
H00300.CSI,20241128,5546.4008
H00300.CSI,20241129,5609.779
H00300.CSI,20241202,5654.3037
H00300.CSI,20241203,5660.4043
H00300.CSI,20241204,5629.8464
H00300.CSI,20241205,5617.0004
H00300.CSI,20241206,5690.8402
H00300.CSI,20241209,5681.4303
H00300.CSI,20241210,5723.1119
H00300.CSI,20241211,5713.6569
H00300.CSI,20241212,5770.5356
H00300.CSI,20241213,5634.1739
H00300.CSI,20241216,5603.6062
H00300.CSI,20241217,5618.2056
H00300.CSI,20241218,5646.8387
H00300.CSI,20241219,5651.9577
H00300.CSI,20241220,5631.3257
H00300.CSI,20241223,5639.6811
H00300.CSI,20241224,5711.5345
H00300.CSI,20241225,5714.3827
H00300.CSI,20241226,5717.0748
H00300.CSI,20241227,5708.0619
H00300.CSI,20241230,5734.5784
H00300.CSI,20241231,5642.5969
H00300.CSI,20250102,5478.3833
H00300.CSI,20250103,5413.5238
H00300.CSI,20250106,5404.64
H00300.CSI,20250107,5444.9054
H00300.CSI,20250108,5436.5665
H00300.CSI,20250109,5423.1688
H00300.CSI,20250110,5356.8128
H00300.CSI,20250113,5342.5074
H00300.CSI,20250114,5483.1939
H00300.CSI,20250115,5448.0124
H00300.CSI,20250116,5454.2664
H00300.CSI,20250117,5471.5482
H00300.CSI,20250120,5496.9929
H00300.CSI,20250121,5501.2478
H00300.CSI,20250122,5451.0478
H00300.CSI,20250123,5462.7764
H00300.CSI,20250124,5508.0326
H00300.CSI,20250127,5485.7346
H00300.CSI,20250205,5454.1239
H00300.CSI,20250206,5522.7432
H00300.CSI,20250207,5594.416
H00300.CSI,20250210,5606.4292
H00300.CSI,20250211,5580.6659
H00300.CSI,20250212,5633.4476
H00300.CSI,20250213,5612.2899
H00300.CSI,20250214,5660.9645
H00300.CSI,20250217,5673.0219
H00300.CSI,20250218,5623.2743
H00300.CSI,20250219,5662.6197
H00300.CSI,20250220,5646.4312
H00300.CSI,20250221,5717.6394
H00300.CSI,20250224,5705.0972
H00300.CSI,20250225,5641.767
H00300.CSI,20250226,5691.0482
H00300.CSI,20250227,5702.7963
H00300.CSI,20250228,5590.6017
H00300.CSI,20250303,5588.3383
H00300.CSI,20250304,5583.6633
H00300.CSI,20250305,5608.5975
H00300.CSI,20250306,5685.7243
H00300.CSI,20250307,5668.1586
H00300.CSI,20250310,5646.2958
H00300.CSI,20250311,5664.4241
H00300.CSI,20250312,5644.0391
H00300.CSI,20250313,5621.5445
H00300.CSI,20250314,5758.0417
H00300.CSI,20250317,5744.002
H00300.CSI,20250318,5759.7177
H00300.CSI,20250319,5763.2317
H00300.CSI,20250320,5712.6781
H00300.CSI,20250321,5626.023
H00300.CSI,20250324,5654.9861
H00300.CSI,20250325,5651.3163
H00300.CSI,20250326,5632.7217
H00300.CSI,20250327,5651.4838
H00300.CSI,20250328,5626.8753
H00300.CSI,20250331,5586.834
H00300.CSI,20250401,5587.8689
H00300.CSI,20250402,5583.1282
H00300.CSI,20250403,5550.2387
H00300.CSI,20250407,5159.1958
H00300.CSI,20250408,5247.3304
H00300.CSI,20250409,5299.1249
H00300.CSI,20250410,5368.5776
H00300.CSI,20250411,5390.7147
H00300.CSI,20250414,5403.1124
H00300.CSI,20250415,5406.1201
H00300.CSI,20250416,5423.5288
H00300.CSI,20250417,5422.76
H00300.CSI,20250418,5424.6244
H00300.CSI,20250421,5442.3938
H00300.CSI,20250422,5444.3438
H00300.CSI,20250423,5448.5598
H00300.CSI,20250424,5444.9268
H00300.CSI,20250425,5449.4132
H00300.CSI,20250428,5441.6788
H00300.CSI,20250429,5432.2829
H00300.CSI,20250430,5427.0398
H00300.CSI,20250506,5481.7036
H00300.CSI,20250507,5514.9297
H00300.CSI,20250508,5545.543
H00300.CSI,20250509,5537.1582
H00300.CSI,20250512,5601.3686
H00300.CSI,20250513,5609.9963
H00300.CSI,20250514,5678.1549
H00300.CSI,20250515,5627.5163
H00300.CSI,20250516,5601.4702
H00300.CSI,20250519,5584.4405
H00300.CSI,20250520,5615.6024
H00300.CSI,20250521,5643.3613
H00300.CSI,20250522,5639.9267
H00300.CSI,20250523,5594.9834
H00300.CSI,20250526,5563.4223
H00300.CSI,20250527,5533.6631
H00300.CSI,20250528,5529.5325
H00300.CSI,20250529,5562.3259
H00300.CSI,20250530,5536.4863
H00300.CSI,20250603,5553.4702
H00300.CSI,20250604,5577.5902
H00300.CSI,20250605,5591.119
H00300.CSI,20250606,5589.5462
H00300.CSI,20250609,5606.202
H00300.CSI,20250610,5577.6595
H00300.CSI,20250611,5621.8316
H00300.CSI,20250612,5625.0204
H00300.CSI,20250613,5587.0594
H00300.CSI,20250616,5601.2353
H00300.CSI,20250617,5596.7994
H00300.CSI,20250618,5604.7358
H00300.CSI,20250619,5559.3183
H00300.CSI,20250620,5569.6891
H00300.CSI,20250623,5586.7225
H00300.CSI,20250624,5653.6975
H00300.CSI,20250625,5739.4465
H00300.CSI,20250626,5725.1256
H00300.CSI,20250627,5693.8808
H00300.CSI,20250630,5719.9725
H00300.CSI,20250701,5729.8406
H00300.CSI,20250702,5731.1817
H00300.CSI,20250703,5767.3218
H00300.CSI,20250707,5766.0601
H00300.CSI,20250708,5814.4891
H00300.CSI,20250709,5804.9368
H00300.CSI,20250710,5835.1281
H00300.CSI,20250711,5850.2844
H00300.CSI,20250714,5856.9799
H00300.CSI,20250715,5859.9851
H00300.CSI,20250716,5845.4105
H00300.CSI,20250717,5888.8388
H00300.CSI,20250718,5930.9302
H00300.CSI,20250721,5971.0153
H00300.CSI,20250722,6020.6086
H00300.CSI,20250723,6022.1899
H00300.CSI,20250724,6065.461
H00300.CSI,20250725,6036.0816
H00300.CSI,20250728,6050.2478
H00300.CSI,20250729,6074.94
H00300.CSI,20250730,6073.8558
H00300.CSI,20250731,5964.3565
H00300.CSI,20250801,5934.1853
H00300.CSI,20250804,5957.3819
H00300.CSI,20250805,6005.3074
H00300.CSI,20250806,6019.9937
H00300.CSI,20250807,6021.7218
H00300.CSI,20250808,6009.7819
H00300.CSI,20250811,6035.4665
H00300.CSI,20250812,6066.6716
H00300.CSI,20250813,6114.807
H00300.CSI,20250814,6110.9225
H00300.CSI,20250815,6154.0976
H00300.CSI,20250818,6208.3686
H00300.CSI,20250819,6185.2761
H00300.CSI,20250820,6256.6841
H00300.CSI,20250821,6281.1668
H00300.CSI,20250822,6414.1154
H00300.CSI,20250825,6548.6829
H00300.CSI,20250826,6524.3134
H00300.CSI,20250827,6427.0543
H00300.CSI,20250828,6540.8439
H00300.CSI,20250829,6591.6467
H00300.CSI,20250901,6631.7819
H00300.CSI,20250902,6583.0251
H00300.CSI,20250903,6538.1314
H00300.CSI,20250904,6400.172
H00300.CSI,20250905,6540.0748
H00300.CSI,20250908,6550.8731
H00300.CSI,20250909,6504.9555
H00300.CSI,20250910,6518.4177
H00300.CSI,20250911,6669.2567
H00300.CSI,20250915,6647.7299
H00300.CSI,20250916,6634.8274
H00300.CSI,20250917,6676.254
H00300.CSI,20250918,6598.8354
H00300.CSI,20250919,6604.4899
H00300.CSI,20250922,6634.8407
H00300.CSI,20250923,6630.6952
H00300.CSI,20250924,6699.323
H00300.CSI,20250925,6739.9291
H00300.CSI,20250926,6676.9151
H00300.CSI,20250929,6779.7126
H00300.CSI,20250930,6811.5474
H00300.CSI,20251009,6912.5142
H00300.CSI,20251010,6776.9267
H00300.CSI,20251013,6743.8713
H00300.CSI,20251014,6663.2584
H00300.CSI,20251015,6763.2795
H00300.CSI,20251016,6782.7547
H00300.CSI,20251017,6631.0259
H00300.CSI,20251020,6666.7545
H00300.CSI,20251021,6769.1149
H00300.CSI,20251022,6746.8663
H00300.CSI,20251023,6767.2094
H00300.CSI,20251024,6852.3139
H00300.CSI,20251027,6934.0117
H00300.CSI,20251028,6899.5336
H00300.CSI,20251029,6981.9638
H00300.CSI,20251030,6926.2597
H00300.CSI,20251031,6824.4323
H00300.CSI,20251103,6843.6027
H00300.CSI,20251104,6792.6823
H00300.CSI,20251105,6805.3796
H00300.CSI,20251106,6902.6619
H00300.CSI,20251107,6881.4555
H00300.CSI,20251110,6906.2611
H00300.CSI,20251111,6843.1784
H00300.CSI,20251112,6834.3991
H00300.CSI,20251113,6917.0223
H00300.CSI,20251114,6808.3127
H00300.CSI,20251117,6764.1238
H00300.CSI,20251118,6721.389
H00300.CSI,20251119,6750.9622
H00300.CSI,20251120,6717.6157
H00300.CSI,20251121,6554.0422
H00300.CSI,20251124,6546.0604
H00300.CSI,20251125,6608.5368
H00300.CSI,20251126,6648.6826
H00300.CSI,20251127,6645.4112
H00300.CSI,20251128,6662.1649
H00300.CSI,20251201,6735.494
H00300.CSI,20251202,6702.8931
H00300.CSI,20251203,6668.6216
H00300.CSI,20251204,6691.4735
H00300.CSI,20251205,6747.3569
H00300.CSI,20251208,6802.1327
H00300.CSI,20251209,6767.5982
H00300.CSI,20251210,6758.1848
H00300.CSI,20251211,6700.7122
H00300.CSI,20251212,6743.989
H00300.CSI,20251215,6703.5962
H00300.CSI,20251216,6623.3943
H00300.CSI,20251217,6745.7774
H00300.CSI,20251218,6707.3237
H00300.CSI,20251219,6734.0711
H00300.CSI,20251222,6798.1152
H00300.CSI,20251223,6811.767
H00300.CSI,20251224,6831.5114
H00300.CSI,20251225,6845.1635
H00300.CSI,20251226,6866.8442
H00300.CSI,20251229,6840.5273
H00300.CSI,20251230,6858.0877
H00300.CSI,20251231,6826.6195
H00300.CSI,20260105,6956.1222
H00300.CSI,20260106,7063.6812
H00300.CSI,20260107,7043.0316
H00300.CSI,20260108,6985.5652
H00300.CSI,20260109,7017.3105
H00300.CSI,20260112,7063.3914
H00300.CSI,20260113,7020.8809
H00300.CSI,20260114,6994.0165
H00300.CSI,20260115,7008.2002
H00300.CSI,20260116,6983.0746
H00300.CSI,20260119,6986.8862
H00300.CSI,20260120,6963.8977
H00300.CSI,20260121,6970.0826
H00300.CSI,20260122,6971.027
H00300.CSI,20260123,6941.3863
H00300.CSI,20260126,6947.9807
H00300.CSI,20260127,6946.1029
H00300.CSI,20260128,6964.2584
H00300.CSI,20260129,7017.3076
H00300.CSI,20260130,6947.5141
H00300.CSI,20260202,6799.3621
H00300.CSI,20260203,6879.2652
H00300.CSI,20260204,6936.2634
H00300.CSI,20260205,6895.0657
H00300.CSI,20260206,6858.1631
H00300.CSI,20260209,6970.3893
H00300.CSI,20260210,6978.2189
H00300.CSI,20260211,6962.8819
H00300.CSI,20260212,6972.3068
H00300.CSI,20260213,6884.8904
H00300.CSI,20260224,6954.5288
H00300.CSI,20260225,6996.3986
H00300.CSI,20260226,6983.0852
H00300.CSI,20260227,6959.1127
H00300.CSI,20260302,6985.7368
H00300.CSI,20260303,6878.2287
H00300.CSI,20260304,6799.5298
H00300.CSI,20260305,6866.1087
H00300.CSI,20260306,6884.9476
H00300.CSI,20260309,6818.4921
H00300.CSI,20260310,6906.0987
H00300.CSI,20260311,6950.0336
H00300.CSI,20260312,6925.0141
H00300.CSI,20260313,6897.8017
H00300.CSI,20260316,6901.3755
H00300.CSI,20260317,6850.9697
H00300.CSI,20260318,6881.8355
H00300.CSI,20260319,6770.9166
H00300.CSI,20260320,6746.935
H00300.CSI,20260323,6526.7841
H00300.CSI,20260324,6610.5852
H00300.CSI,20260325,6703.277
H00300.CSI,20260326,6614.7394
H00300.CSI,20260327,6651.7247
H00300.CSI,20260330,6636.0359
H00300.CSI,20260331,6574.1353
H00300.CSI,20260401,6686.4373
H00300.CSI,20260402,6616.7777
H00300.CSI,20260403,6560.4548
H00300.CSI,20260407,6560.2996
H00300.CSI,20260408,6789.1985
H00300.CSI,20260409,6745.8648
H00300.CSI,20260410,6850.0853
H00300.CSI,20260413,6864.2523
H00300.CSI,20260414,6945.7004
H00300.CSI,20260415,6922.3337
H00300.CSI,20260416,6998.2187
H00300.CSI,20260417,6986.8114
H00300.CSI,20260420,7029.3208
H00300.CSI,20260421,7045.2592
H00300.CSI,20260422,7096.9776
H00300.CSI,20260423,7077.3119
H00300.CSI,20260424,7052.4521
H00300.CSI,20260427,7054.7855
H00300.CSI,20260428,7036.2401
H00300.CSI,20260429,7113.7181
H00300.CSI,20260430,7109.905
H00300.CSI,20260506,7213.1175
H00300.CSI,20260507,7247.7501
H00300.CSI,20260508,7205.7449
H00300.CSI,20260511,7324.2672
H00300.CSI,20260512,7318.9323
H00300.CSI,20260513,7396.3818
H00300.CSI,20260514,7272.5355
H00300.CSI,20260515,7191.9059
H00300.CSI,20260518,7153.466
H00300.CSI,20260519,7182.6181
H00300.CSI,20260520,7180.4075
H00300.CSI,20260521,7080.4846
H00300.CSI,20260522,7172.7519
H00300.CSI,20260525,7286.1171
H00300.CSI,20260526,7325.6442
H00300.CSI,20260527,7269.0694
H00300.CSI,20260528,7278.6698
H00300.CSI,20260529,7247.6968
H00300.CSI,20260601,7177.0223
H00300.CSI,20260602,7281.3493
H00300.CSI,20260603,7317.4559
H00300.CSI,20260604,7267.6447
H00300.CSI,20260605,7140.2038
