ts_code,trade_date,total_mv,circ_mv
002011.SZ,20100730,682170.3534,178261.4703
002012.SZ,20100730,257511.452,257511.452
002013.SZ,20100730,219872.016,163008.8391
002014.SZ,20100730,255663.744,252590.5399
002015.SZ,20100730,191636.864,139067.4561
002016.SZ,20100730,413501.2045,103714.3628
002017.SZ,20100730,332592.1942,328759.7507
002018.SZ,20100730,257125.05,216706.5548
300012.SZ,20100730,294004.035,75505.5
300013.SZ,20100730,147150.0,36787.5
300014.SZ,20100730,389400.0,97350.0
300015.SZ,20100730,1147833.0,288033.0
300016.SZ,20100730,194500.5258,48705.0
300017.SZ,20100730,303802.1434,77027.0
300018.SZ,20100730,352300.0,88617.0
300019.SZ,20100730,223074.0,56862.0
300020.SZ,20100730,370080.0,92520.0
300021.SZ,20100730,258540.8,66816.0
300022.SZ,20100730,607758.7,152364.8
300023.SZ,20100730,159120.0,39780.0
300024.SZ,20100730,517251.9,130364.3
300025.SZ,20100730,226720.0,56680.0
002313.SZ,20100730,372800.0,93200.0
002314.SZ,20100730,573620.0,145661.898
002315.SZ,20100730,857515.0,214415.24
002316.SZ,20100730,298428.0,74607.0
002317.SZ,20100730,467040.0,116760.0
002318.SZ,20100730,445120.0,111280.0
002319.SZ,20100730,255700.0,63925.0
002320.SZ,20100730,778050.0,195130.0
002321.SZ,20100730,285915.0,71965.0
002322.SZ,20100730,579422.9,145072.9
002342.SZ,20100730,768960.0,96120.0
002343.SZ,20100730,301142.4,76000.0
002344.SZ,20100730,1013600.0,253400.0
002345.SZ,20100730,635400.0,158850.0
002347.SZ,20100730,256464.0,64116.0
002237.SZ,20100730,660253.6,231829.65
002238.SZ,20100730,579657.0,223598.3458
002239.SZ,20100730,223713.0,61771.5
002240.SZ,20100730,299942.82,121584.6607
002306.SZ,20100730,499000.0,124750.0
002307.SZ,20100730,509620.5,127775.0
002308.SZ,20100730,855200.0,213800.0
002309.SZ,20100730,752379.3,188799.3
002294.SZ,20100730,1711353.0,429707.922
002295.SZ,20100730,256842.8,65484.0
002296.SZ,20100730,489294.0,123318.0
002297.SZ,20100730,475508.0,119988.0
002298.SZ,20100730,239910.0,61068.0
002299.SZ,20100730,1170960.0,117096.0
002380.SZ,20100730,325448.0,81362.0
002381.SZ,20100730,253032.0,64880.0
002382.SZ,20100730,292000.0,73000.0
300068.SZ,20100730,642072.0,160518.0
300069.SZ,20100730,166260.0,41565.0
300070.SZ,20100730,1321530.0,332630.0
002396.SZ,20100730,475510.77,95356.8
002397.SZ,20100730,375039.0,95248.0
002398.SZ,20100730,299280.0,59856.0
002399.SZ,20100730,5344535.8,428791.8
002400.SZ,20100730,313424.5278,62706.4
002401.SZ,20100730,199872.4,39974.48
002402.SZ,20100730,254794.0,51035.2
002403.SZ,20100730,423360.0,84672.0
600999.SH,20100730,8056531.7815,805653.1788
601000.SH,20100730,795000.0,127200.0
601001.SH,20100730,2698004.4,2698004.4
601002.SH,20100730,587083.65,587083.65
601003.SH,20100730,1294210.566,1294210.566
601005.SH,20100730,717514.6608,494730.0
601006.SH,20100730,11185964.6435,11185964.6435
601007.SH,20100730,235200.0,235200.0
601008.SH,20100730,322560.0,322560.0
000018.SZ,20100730,135821.3119,80075.5238
600077.SH,20100730,134614.1808,111013.724
600078.SH,20100730,500981.342,394232.2256
600223.SH,20100730,884855.712,299618.9378
600225.SH,20100730,501121.3656,98978.788
600226.SH,20100730,307000.7807,307000.7807
600227.SH,20100730,547426.095,465991.5133
600228.SH,20100730,193538.64,193538.64
600229.SH,20100730,212537.1948,201409.9474
600230.SH,20100730,345429.7178,345429.7178
600231.SH,20100730,582097.5928,269710.962
600087.SH,20100730,922908.5639,472128.5855
600088.SH,20100730,522699.84,290844.6556
600348.SH,20100730,3542565.0,3542565.0
600350.SH,20100730,1665081.0,329967.0
600351.SH,20100730,546237.576,546237.576
600352.SH,20100730,1643157.4257,1643157.4257
600353.SH,20100730,136001.7805,136001.7805
600354.SH,20100730,447807.0912,447807.0912
600355.SH,20100730,131387.8164,131387.8164
600356.SH,20100730,231600.0,231600.0
600311.SH,20100730,555110.4,555110.4
600312.SH,20100730,815690.3083,815690.3083
600315.SH,20100730,1435770.8252,1409616.9599
600408.SH,20100730,588978.0,485433.0
600724.SH,20100730,989990.1336,304402.4153
600725.SH,20100730,533659.51,533659.51
600583.SH,20100730,2535914.88,2444374.08
600584.SH,20100730,899437.088,899437.088
600585.SH,20100730,7065736.772,5332936.772
600586.SH,20100730,660303.6603,405396.5793
600587.SH,20100730,214358.43,214358.43
000683.SZ,20100730,611947.7445,606807.7783
000685.SZ,20100730,1081770.6827,283872.8917
000686.SZ,20100730,1541382.3121,468423.628
000687.SZ,20100730,336198.4,336195.016
000690.SZ,20100730,1027334.4375,1010349.3021
000890.SZ,20100730,202728.6144,202661.277
000892.SZ,20100730,259086.9269,191473.3887
000893.SZ,20100730,461316.0,228333.3414
600467.SH,20100730,605721.6,605721.6
600468.SH,20100730,763741.44,374233.3056
600469.SH,20100730,438307.371,368585.7
600470.SH,20100730,299902.0,299902.0
600475.SH,20100730,393216.0,393216.0
600476.SH,20100730,182170.17,182170.17
600477.SH,20100730,278074.9303,174024.0115
600478.SH,20100730,435146.6412,301898.8584
600479.SH,20100730,469726.3872,469726.3872
600480.SH,20100730,417144.0,417144.0
600481.SH,20100730,1189202.2125,1189202.2125
600482.SH,20100730,600222.0,588139.44
600483.SH,20100730,173955.6783,96160.6693
600485.SH,20100730,201919.802,201919.802
600791.SH,20100730,250895.52,205987.2003
600857.SH,20100730,195158.3295,195158.3295
600858.SH,20100730,743984.1487,601737.3892
600859.SH,20100730,1437495.3291,1437495.3291
600860.SH,20100730,276832.0,211232.0
600861.SH,20100730,294945.4075,225671.647
600862.SH,20100730,357239.9533,150757.1789
600863.SH,20100730,1476008.9,426836.7933
600864.SH,20100730,443659.0952,443659.0952
600756.SH,20100730,249014.2368,249014.2368
600757.SH,20100730,333512.0251,178408.6303
600758.SH,20100730,177360.223,97597.904
600759.SH,20100730,758913.113,165236.7246
000049.SZ,20100730,336873.3919,336734.9044
000050.SZ,20100730,509348.6625,276910.2628
000055.SZ,20100730,489973.0125,225878.2108
000056.SZ,20100730,240561.3894,129473.6406
000058.SZ,20100730,474803.4011,325672.8479
000059.SZ,20100730,1163290.6696,955652.2324
002160.SZ,20100730,183600.0,100980.0
002161.SZ,20100730,466605.6,205398.5677
002162.SZ,20100730,424688.0,117756.3487
002163.SZ,20100730,587395.05,179225.3373
002293.SZ,20100730,787858.0803,197016.3
002165.SZ,20100730,410256.0,218373.0857
002166.SZ,20100730,324870.6701,158422.3344
002167.SZ,20100730,403094.016,257805.9766
002168.SZ,20100730,461173.4352,147733.2353
002169.SZ,20100730,271235.712,125043.4947
002170.SZ,20100730,304255.44,77682.24
002171.SZ,20100730,221381.16,77979.6192
002228.SZ,20100730,390942.0,85500.0
002164.SZ,20100730,269460.0,112275.0
002077.SZ,20100730,193788.0,82124.8782
002078.SZ,20100730,1127397.2621,1127391.8765
000610.SZ,20100730,143822.7156,141831.1039
000611.SZ,20100730,194058.6793,192359.6182
000703.SZ,20100730,237451.5,234965.5572
000705.SZ,20100730,124702.7132,98794.6057
000707.SZ,20100730,299838.1642,299797.8506
000708.SZ,20100730,555019.4728,552201.1386
000709.SZ,20100730,2819480.0038,1539712.3042
000710.SZ,20100730,162086.4,162086.4
000711.SZ,20100730,105549.3504,105549.3504
000712.SZ,20100730,572691.3302,359144.6043
000539.SZ,20100730,2117670.5115,1505405.7207
000540.SZ,20100730,1009348.274,1008850.0361
000541.SZ,20100730,1320082.492,830936.3358
000543.SZ,20100730,569707.4974,569699.4132
000544.SZ,20100730,303142.2739,128450.9543
002445.SZ,20100730,238251.0,48037.6
002446.SZ,20100730,208085.1253,42369.6
002447.SZ,20100730,302170.0,61336.0
002448.SZ,20100730,396222.3045,80520.4
002449.SZ,20100730,661125.0,135300.0
002450.SZ,20100730,325300.8,65060.16
002451.SZ,20100730,261177.6,52235.52
300006.SZ,20100730,229116.0,57592.0
300007.SZ,20100730,295118.0,75030.0
002454.SZ,20100730,589680.0,117936.0
300001.SZ,20100730,470940.0,118440.0
300002.SZ,20100730,1744004.0,436001.0
300003.SZ,20100730,2251676.0,227386.0
300004.SZ,20100730,458720.0,117120.0
002331.SZ,20100730,202309.0628,51560.6
002332.SZ,20100730,487177.8,121865.8
002333.SZ,20100730,373058.56,93264.64
002334.SZ,20100730,522496.0,130624.0
002335.SZ,20100730,368394.0,92098.5
002336.SZ,20100730,1010000.0,252500.0
002337.SZ,20100730,381000.0,95250.0
002338.SZ,20100730,272640.0,68160.0
002339.SZ,20100730,320780.0,82060.0
002340.SZ,20100730,676943.28,169235.82
002341.SZ,20100730,268644.0,69730.0
300026.SZ,20100730,432437.78,108148.1
300027.SZ,20100730,1140048.0,285012.0
300028.SZ,20100730,344685.6,86757.6
300029.SZ,20100730,500000.0,125000.0
300030.SZ,20100730,202020.0,50778.0
300031.SZ,20100730,214400.0,53600.0
300032.SZ,20100730,305520.7,76433.7
300033.SZ,20100730,478195.2,119548.8
300034.SZ,20100730,295841.2469,75360.0
300035.SZ,20100730,194647.5,49057.5
300036.SZ,20100730,280350.0,71022.0
601919.SH,20100730,9889353.5776,2093655.6877
601939.SH,20100730,115676096.58,4455000.0
601958.SH,20100730,4594684.6656,1102181.1421
601988.SH,20100730,90874419.9992,63659170.0449
601989.SH,20100730,4928391.0,1478295.0
601991.SH,20100730,8826296.9434,6068946.12
000060.SZ,20100730,2400945.8088,2398433.0774
000061.SZ,20100730,1292630.2054,1085006.3994
000062.SZ,20100730,599587.8675,150031.9578
000063.SZ,20100730,6521814.5811,5170126.1817
000065.SZ,20100730,401219.6864,401219.6864
600960.SH,20100730,176500.674,106476.2144
600961.SH,20100730,530095.2036,259619.2109
600962.SH,20100730,220256.4,173300.4
600793.SH,20100730,90452.7,90452.7
600794.SH,20100730,219085.6227,219085.6227
600795.SH,20100730,4424861.7006,3910678.5897
600796.SH,20100730,175635.2493,175635.2493
600797.SH,20100730,531730.4457,531730.4457
600798.SH,20100730,412051.9161,259765.6875
000930.SZ,20100730,738738.9141,738738.9141
000931.SZ,20100730,557423.5724,418380.5888
000932.SZ,20100730,1264794.3116,518036.558
000933.SZ,20100730,2097900.0,2097676.8893
000935.SZ,20100730,285233.13,123189.1777
000936.SZ,20100730,505128.703,505126.8811
000937.SZ,20100730,3142053.1911,2140867.0322
000938.SZ,20100730,271407.36,271403.193
002118.SZ,20100730,256002.6508,100213.8784
002119.SZ,20100730,223718.4,213267.3811
002120.SZ,20100730,139910.68,87017.5824
000990.SZ,20100730,340399.1464,310366.5066
000993.SZ,20100730,311828.0,311828.0
000995.SZ,20100730,141926.4,141926.4
000997.SZ,20100730,623035.5992,550351.6633
002206.SZ,20100730,434750.0,237547.4
002207.SZ,20100730,218908.5745,55025.0
002208.SZ,20100730,434695.8,166476.1906
002209.SZ,20100730,234292.86,102123.9
002210.SZ,20100730,289476.0,80861.715
600250.SH,20100730,203073.5811,203073.5811
600251.SH,20100730,648883.2,648883.2
600252.SH,20100730,913519.7441,715692.1528
600253.SH,20100730,353640.0,353132.466
600255.SH,20100730,301165.0,301165.0
600256.SH,20100730,3581648.2443,2079845.6322
600257.SH,20100730,295518.6,295518.6
600258.SH,20100730,446602.0,446602.0
600097.SH,20100730,303694.2536,173059.3836
600098.SH,20100730,1276704.0,1276704.0
600099.SH,20100730,201152.16,201152.16
600100.SH,20100730,2285856.2742,2247032.2742
600101.SH,20100730,233733.0424,233733.0424
600102.SH,20100730,818978.5057,207587.7067
600103.SH,20100730,440664.264,405107.064
600323.SH,20100730,379224.7182,271980.5819
600325.SH,20100730,1072780.8991,1072780.8991
600326.SH,20100730,595900.8,475858.6617
600327.SH,20100730,513364.424,513364.424
600328.SH,20100730,313150.9222,313150.9222
600486.SH,20100730,348808.4355,308154.6
600497.SH,20100730,1803901.0702,1681614.6569
600498.SH,20100730,1164143.0,526765.6352
002355.SZ,20100730,304028.0,76007.0
002356.SZ,20100730,262800.0,65700.0
002358.SZ,20100730,368940.0,94380.0
002359.SZ,20100730,225412.0,56870.0
002360.SZ,20100730,175320.0,43830.0
002361.SZ,20100730,189840.0,47460.0
002362.SZ,20100730,1090639.6224,275076.0
002363.SZ,20100730,234840.0,58710.0
002364.SZ,20100730,207547.6,52197.6
600714.SH,20100730,274224.7546,151390.3125
600715.SH,20100730,191066.112,191066.112
600716.SH,20100730,505830.233,199867.2735
600717.SH,20100730,1492219.2859,774550.1001
600728.SH,20100730,275430.6866,130700.544
600729.SH,20100730,901884.0,600148.6721
600730.SH,20100730,214716.0967,214716.0967
000815.SZ,20100730,195465.6,194693.1185
000816.SZ,20100730,438228.0,438197.5204
000819.SZ,20100730,323112.3549,323085.8904
000820.SZ,20100730,120027.0949,90130.6957
000821.SZ,20100730,220952.8198,220934.185
000822.SZ,20100730,519153.3171,519148.1939
000823.SZ,20100730,533367.996,349057.0584
000825.SZ,20100730,3440533.6688,1382260.2478
000826.SZ,20100730,916410.5624,516212.5031
000828.SZ,20100730,641381.9841,392739.9374
000829.SZ,20100730,1584165.5269,1584059.9957
000830.SZ,20100730,531486.5306,531457.8281
000831.SZ,20100730,333234.0,233558.7932
000833.SZ,20100730,283633.029,283624.4933
000905.SZ,20100730,409932.0,183955.248
000906.SZ,20100730,308455.2133,80657.85
000979.SZ,20100730,655611.1004,104376.4897
000980.SZ,20100730,206684.0,206684.0
000982.SZ,20100730,258794.0,134074.0
000983.SZ,20100730,6759324.0,3157804.4334
000985.SZ,20100730,164771.8045,164771.8045
000987.SZ,20100730,963443.5592,961984.8911
000988.SZ,20100730,658694.2307,658684.3116
000989.SZ,20100730,372899.4008,372899.4008
000877.SZ,20100730,866180.8357,687521.01
000878.SZ,20100730,2566158.5296,2566129.7844
000760.SZ,20100730,158691.0356,158682.4576
000761.SZ,20100730,1715392.0,381581.7027
000762.SZ,20100730,788505.575,648633.6228
000766.SZ,20100730,330475.9791,330473.4951
000767.SZ,20100730,571849.2,571842.5062
000768.SZ,20100730,2921112.1408,1797960.9298
000777.SZ,20100730,425980.8,425883.8577
002154.SZ,20100730,728493.8595,254150.4
002155.SZ,20100730,1019806.2,570415.5775
002156.SZ,20100730,496700.1,138964.41
002157.SZ,20100730,435097.7233,153915.8098
002158.SZ,20100730,459592.0088,121196.3996
002159.SZ,20100730,207240.0,131481.5857
002153.SZ,20100730,790720.0,252869.0366
002196.SZ,20100730,155071.5,40200.0
002197.SZ,20100730,205635.36,83952.7945
002198.SZ,20100730,206804.0,51701.0
002199.SZ,20100730,177078.2,45697.6
002200.SZ,20100730,318038.3539,222199.5037
002201.SZ,20100730,162240.0,70254.492
002202.SZ,20100730,4144000.0,1830646.7264
002203.SZ,20100730,508527.1,227813.0613
002204.SZ,20100730,420938.0,106218.0
002205.SZ,20100730,230200.0,90426.7335
002247.SZ,20100730,174949.2,63641.7
002248.SZ,20100730,563400.3728,169560.3728
002249.SZ,20100730,1141257.6,289843.2
600146.SH,20100730,404000.0,404000.0
600148.SH,20100730,140101.2855,140101.2855
600149.SH,20100730,206426.88,176534.73
600150.SH,20100730,3958775.3146,1568775.3146
600160.SH,20100730,646778.88,646778.88
600161.SH,20100730,1087332.75,1087332.75
600162.SH,20100730,451473.82,212678.0006
600163.SH,20100730,330410.3417,309800.3417
600165.SH,20100730,137513.0386,137513.0386
600166.SH,20100730,1831900.5915,1204989.7038
600167.SH,20100730,186735.0,186735.0
600168.SH,20100730,395270.4,395270.4
600169.SH,20100730,912845.4188,622604.2999
600170.SH,20100730,1134802.8576,383824.6058
600074.SH,20100730,259867.6344,259867.6344
600075.SH,20100730,498679.104,498679.104
600076.SH,20100730,207989.984,207989.984
600062.SH,20100730,1516137.6541,843971.3158
600063.SH,20100730,311394.9609,311394.9609
600064.SH,20100730,640627.5705,640627.5705
600066.SH,20100730,896813.2222,738549.1211
600067.SH,20100730,807581.7856,798300.9
600068.SH,20100730,3068963.8998,1907902.6762
600069.SH,20100730,555476.7989,399802.38
600070.SH,20100730,116901.5566,116901.5566
600071.SH,20100730,222511.6913,222511.6913
600072.SH,20100730,490390.3261,490390.3261
600073.SH,20100730,361746.0,361746.0
600152.SH,20100730,165237.2346,165237.2346
600153.SH,20100730,1622369.2872,1622369.2872
600156.SH,20100730,201055.351,199158.291
600157.SH,20100730,700440.7778,317340.6134
600158.SH,20100730,760968.9506,592998.2253
600159.SH,20100730,473101.8422,473101.8422
600005.SH,20100730,3864209.1002,1545728.7002
600006.SH,20100730,1034000.0,1034000.0
600007.SH,20100730,1148302.0888,1148302.0888
600008.SH,20100730,1328800.0,1328800.0
601101.SH,20100730,1443266.0,349690.0
601106.SH,20100730,3517444.0,1076000.0
601107.SH,20100730,2217093.5,839151.25
601111.SH,20100730,15020170.1467,9618802.3424
601117.SH,20100730,2116257.0,528957.0
601139.SH,20100730,1448940.0,153140.0
601158.SH,20100730,3787200.0,394500.0
601166.SH,20100730,16131677.096,16131677.096
601168.SH,20100730,2590321.0,2590321.0
601169.SH,20100730,8693676.3859,5521918.5315
600108.SH,20100730,835492.7773,693212.6574
600109.SH,20100730,1504364.1545,641701.2122
600110.SH,20100730,718945.0606,610820.0606
600111.SH,20100730,3495816.84,2135368.1559
600112.SH,20100730,465498.0971,425029.7671
600113.SH,20100730,157176.0,157176.0
600114.SH,20100730,187289.0,103155.524
600115.SH,20100730,9145273.0155,1461381.45
600116.SH,20100730,220982.4232,146059.2672
600117.SH,20100730,549984.685,549984.685
600118.SH,20100730,1420728.0997,691607.3659
600119.SH,20100730,233624.0,233624.0
600120.SH,20100730,442794.7457,442794.7457
600121.SH,20100730,612153.22,612153.22
600237.SH,20100730,270800.0,270800.0
600238.SH,20100730,416826.0,411089.3694
600239.SH,20100730,1185738.0238,800448.3883
600240.SH,20100730,446985.0,436590.0
600241.SH,20100730,106106.0,106106.0
600242.SH,20100730,124605.3547,74625.6957
600243.SH,20100730,178348.05,140698.05
600246.SH,20100730,758066.4,758066.4
600247.SH,20100730,178650.4896,178650.4896
600248.SH,20100730,337383.4464,101258.9424
600249.SH,20100730,319950.0,269241.6087
600280.SH,20100730,329285.0245,292568.7998
600281.SH,20100730,432612.103,432612.103
600282.SH,20100730,670550.4,670550.4
600283.SH,20100730,268780.86,200249.4952
600284.SH,20100730,449108.0,449108.0
600285.SH,20100730,212161.04,212161.04
600287.SH,20100730,332838.6084,332838.6084
600288.SH,20100730,350313.6,350313.6
600289.SH,20100730,526548.6478,526548.6478
600290.SH,20100730,354581.88,208377.0967
600291.SH,20100730,454656.0,454656.0
600293.SH,20100730,532945.5222,532945.5222
600295.SH,20100730,1202280.0,223680.0
600297.SH,20100730,287000.0,224680.0
600879.SH,20100730,927830.6569,715765.7387
600880.SH,20100730,1123871.6405,733487.9637
600881.SH,20100730,1349049.2253,1349049.2253
600882.SH,20100730,137853.5422,137853.5422
600883.SH,20100730,224755.776,224755.776
600884.SH,20100730,717358.4993,558918.9375
600885.SH,20100730,111925.466,111925.466
600886.SH,20100730,1466399.31,775151.827
000425.SZ,20100730,3160100.8636,1284899.7831
000426.SZ,20100730,368494.8694,202139.5827
000428.SZ,20100730,554126.04,517583.7513
000429.SZ,20100730,657472.5822,243780.9054
000430.SZ,20100730,135761.8523,68352.1688
000488.SZ,20100730,1511479.6748,593715.0842
000501.SZ,20100730,771017.8568,770942.9406
600370.SH,20100730,177307.1168,177307.1168
600371.SH,20100730,180900.5,180900.5
600373.SH,20100730,310500.0,310500.0
600375.SH,20100730,354339.5625,354339.5625
600376.SH,20100730,1994816.25,902389.5141
600377.SH,20100730,3410555.0575,290138.4915
600378.SH,20100730,249372.1896,249372.1896
600379.SH,20100730,307687.821,239848.1673
600676.SH,20100730,544889.9813,276921.0542
600579.SH,20100730,163328.4,163328.4
600580.SH,20100730,698608.6737,698608.6737
600581.SH,20100730,902876.8454,902876.8454
600582.SH,20100730,1624629.6,1624629.6
600645.SH,20100730,287661.3116,284985.9548
600647.SH,20100730,123730.726,123730.726
600648.SH,20100730,1282681.0167,161533.548
600649.SH,20100730,2116545.5079,1026214.4506
600650.SH,20100730,679032.0417,480779.4523
600651.SH,20100730,636827.9428,636827.9428
600652.SH,20100730,291312.341,291312.341
600653.SH,20100730,686327.4646,686327.4646
600546.SH,20100730,1535250.0,369962.4673
600547.SH,20100730,5127329.886,2492987.76
600605.SH,20100730,141745.4975,141745.4975
600608.SH,20100730,218035.1354,174359.1412
600609.SH,20100730,418491.5116,418491.5116
600610.SH,20100730,524924.5565,37837.8
600611.SH,20100730,1308147.9845,865035.0545
600612.SH,20100730,807884.5491,268756.2811
600613.SH,20100730,164766.1678,113938.386
600614.SH,20100730,372216.103,267383.6208
600615.SH,20100730,181251.7697,179262.2414
600616.SH,20100730,546584.679,546584.679
600617.SH,20100730,159169.4496,57376.3707
600618.SH,20100730,845328.3825,548133.0225
000408.SZ,20100730,212690.1645,212690.1645
000409.SZ,20100730,141040.9238,138952.7308
000410.SZ,20100730,670929.1873,660043.782
000411.SZ,20100730,177577.1538,174311.2998
000413.SZ,20100730,407129.0,300632.4077
000415.SZ,20100730,280513.669,280462.667
000416.SZ,20100730,408477.3074,408330.8191
000417.SZ,20100730,765637.5888,763958.7117
000418.SZ,20100730,837365.657,532291.3327
000419.SZ,20100730,343293.9512,343052.3832
000420.SZ,20100730,196693.8813,163547.0741
000421.SZ,20100730,191667.8345,191643.3569
000718.SZ,20100730,1763956.2448,1296974.6678
000720.SZ,20100730,390283.92,390274.216
000721.SZ,20100730,177180.8285,148373.5313
000723.SZ,20100730,249882.5591,139173.9499
000725.SZ,20100730,2559416.8561,1828441.692
000726.SZ,20100730,911296.1568,414904.0576
000727.SZ,20100730,252128.4639,251412.339
000728.SZ,20100730,2588683.8,1034774.2617
000729.SZ,20100730,2487098.609,1070552.1616
000632.SZ,20100730,318415.3859,318020.0004
000633.SZ,20100730,299612.7582,142519.2261
000635.SZ,20100730,236376.6112,236376.6112
000636.SZ,20100730,915869.0159,748627.3458
000637.SZ,20100730,369631.3781,242861.7973
000638.SZ,20100730,147274.4,84156.8
000639.SZ,20100730,166860.7012,131965.8025
000650.SZ,20100730,648315.152,492786.3068
000651.SZ,20100730,4212743.6813,4156121.3949
000652.SZ,20100730,1134716.2922,1122100.5757
000655.SZ,20100730,924563.3772,644195.2679
600193.SH,20100730,274201.98,274201.98
600195.SH,20100730,982020.0,982020.0
600196.SH,20100730,2521415.4899,1470480.1998
600197.SH,20100730,724563.0,724563.0
600198.SH,20100730,772177.0776,769268.1542
600199.SH,20100730,752963.5736,752963.5736
600200.SH,20100730,365488.2,287669.8835
600201.SH,20100730,319567.3903,319567.3903
600202.SH,20100730,502559.621,502559.621
600203.SH,20100730,161645.6352,161645.6352
600575.SH,20100730,624784.8,624784.8
600576.SH,20100730,398237.9823,398237.9823
600577.SH,20100730,240590.16,240590.16
600578.SH,20100730,478182.24,478182.24
600688.SH,20100730,6206400.0,620640.0
600689.SH,20100730,187725.9144,142158.6696
600690.SH,20100730,2930017.5875,1965155.5306
600691.SH,20100730,100741.5446,71847.6
600692.SH,20100730,313070.017,226959.3601
600694.SH,20100730,1321733.9385,1321733.9385
600695.SH,20100730,384141.6353,187197.3777
600696.SH,20100730,193100.6669,193100.6669
600697.SH,20100730,414265.3473,403508.3405
600698.SH,20100730,743440.3416,325034.9687
600701.SH,20100730,289293.5229,224739.5229
600702.SH,20100730,472557.3,472557.3
002092.SZ,20100730,1492176.84,829479.7201
002093.SZ,20100730,554692.5,463510.1898
002300.SZ,20100730,417477.0,105927.0
002172.SZ,20100730,449964.0,184381.8
002173.SZ,20100730,161805.0,41055.0
002174.SZ,20100730,118023.5076,48392.506
002175.SZ,20100730,113579.723,65320.8712
002176.SZ,20100730,217760.7085,149093.5944
002057.SZ,20100730,105084.0,105084.0
002058.SZ,20100730,94176.9484,91400.9584
002059.SZ,20100730,186405.0,69845.52
002060.SZ,20100730,280545.6,173766.096
002061.SZ,20100730,166156.26,105619.26
002062.SZ,20100730,648450.0,210768.8449
002063.SZ,20100730,612894.438,586079.1866
002064.SZ,20100730,742092.0,632172.6375
002065.SZ,20100730,1008732.6931,788390.4944
002066.SZ,20100730,156733.5,156001.4935
002067.SZ,20100730,276360.0,231971.4375
002068.SZ,20100730,269655.048,269650.4428
002069.SZ,20100730,1430488.8,1349747.8826
002070.SZ,20100730,239414.544,188326.944
002038.SZ,20100730,1004749.32,826218.5654
002039.SZ,20100730,254284.128,223701.0951
002040.SZ,20100730,203336.144,99634.7106
002041.SZ,20100730,979440.0,910124.7808
002235.SZ,20100730,253500.0,75477.2486
002128.SZ,20100730,2751547.1083,2751547.1083
002129.SZ,20100730,649888.6524,343346.5582
002130.SZ,20100730,377379.225,377379.225
002131.SZ,20100730,358332.8,172901.3166
002132.SZ,20100730,361172.8962,243010.2654
002133.SZ,20100730,359490.6,228174.7186
000153.SZ,20100730,199947.0748,177673.7588
000529.SZ,20100730,411572.1827,167551.8334
000530.SZ,20100730,341614.6156,154273.5667
000531.SZ,20100730,369664.9876,369663.8947
000532.SZ,20100730,285073.7972,282346.1312
000533.SZ,20100730,752989.44,739768.0125
000534.SZ,20100730,162250.6571,131880.13
000536.SZ,20100730,1420600.8302,173198.9632
000537.SZ,20100730,661918.3971,661918.3971
000004.SZ,20100730,80869.5467,67706.0368
000005.SZ,20100730,426993.7945,426717.9843
000006.SZ,20100730,679371.9794,661628.5151
000007.SZ,20100730,140203.7452,140203.7452
002102.SZ,20100730,145615.3154,72051.4915
002103.SZ,20100730,169065.594,128597.0551
002104.SZ,20100730,717361.92,448993.6821
002105.SZ,20100730,194836.0,194836.0
002106.SZ,20100730,1277986.112,1209415.0366
002107.SZ,20100730,236787.12,102959.6158
002108.SZ,20100730,281376.894,276787.1796
002109.SZ,20100730,310732.8,174960.9945
002110.SZ,20100730,583892.4,152552.4
002111.SZ,20100730,269494.3715,135713.6996
002112.SZ,20100730,138768.0,126046.9206
002121.SZ,20100730,460560.0,275331.3076
002122.SZ,20100730,1335312.0,1130483.232
002123.SZ,20100730,1186416.0,931476.4053
000022.SZ,20100730,841416.6677,606550.6955
000023.SZ,20100730,128627.0345,91562.2994
000024.SZ,20100730,3393385.7939,1277326.7973
000025.SZ,20100730,234599.904,190948.6894
000026.SZ,20100730,324612.0347,103570.1601
000027.SZ,20100730,2310417.6033,627991.3629
000028.SZ,20100730,811716.8598,657086.4169
000029.SZ,20100730,591821.1,521621.1
600182.SH,20100730,283560.0,141780.0
600183.SH,20100730,899602.0317,899464.5567
600184.SH,20100730,213465.0,124415.7881
600185.SH,20100730,589146.288,344346.288
600410.SH,20100730,634910.7882,634910.7882
600415.SH,20100730,3123044.1335,1379888.7073
600416.SH,20100730,575045.0,575045.0
600418.SH,20100730,1104447.2962,919448.2145
600419.SH,20100730,81121.92,81121.92
600420.SH,20100730,455769.7088,455769.7088
600421.SH,20100730,120880.8,86888.1426
600422.SH,20100730,374811.968,374811.968
000966.SZ,20100730,304223.98,190459.8343
000967.SZ,20100730,183224.9542,181885.4542
000968.SZ,20100730,791170.38,791168.1855
000970.SZ,20100730,689828.4,552178.1955
000971.SZ,20100730,126168.9,94134.3879
002094.SZ,20100730,333076.3962,333076.3962
002095.SZ,20100730,369765.0,365933.5088
002096.SZ,20100730,306043.2315,305418.1815
002097.SZ,20100730,645976.5,474754.2468
002098.SZ,20100730,143065.0,143065.0
002099.SZ,20100730,304468.5,231309.5454
002100.SZ,20100730,398376.7333,342066.3592
002101.SZ,20100730,202809.0,202809.0
000562.SZ,20100730,2463590.2239,2463528.0189
000563.SZ,20100730,376692.0903,376692.0903
000564.SZ,20100730,232798.553,164017.7144
000565.SZ,20100730,251830.3614,149771.3243
000566.SZ,20100730,384866.5144,378514.739
000567.SZ,20100730,174636.0,152097.5645
000568.SZ,20100730,4560557.326,2339869.6134
000570.SZ,20100730,520394.0002,381336.1791
000571.SZ,20100730,462984.256,462633.2463
000572.SZ,20100730,595079.5636,593242.3622
000573.SZ,20100730,278371.755,239234.0956
000576.SZ,20100730,215025.6418,166843.4242
000578.SZ,20100730,5938904.4966,457212.1546
000581.SZ,20100730,916718.0079,569285.7227
000582.SZ,20100730,175095.0543,103116.7922
000584.SZ,20100730,356545.8827,354973.2848
002286.SZ,20100730,273312.0,68328.0
002287.SZ,20100730,804286.0,81221.0
002288.SZ,20100730,198670.16,50864.0
002289.SZ,20100730,198303.0,49913.0
002290.SZ,20100730,441357.84,110867.4
002291.SZ,20100730,447200.0,114400.0
002292.SZ,20100730,736000.0,184000.0
002301.SZ,20100730,362952.3981,90932.4
002302.SZ,20100730,483000.0,120750.0
002303.SZ,20100730,648686.4,163260.0
002304.SZ,20100730,7706250.0,770613.0125
002305.SZ,20100730,624960.0,62496.0
600517.SH,20100730,1123568.28,1123568.28
600518.SH,20100730,2326370.0814,2326370.0814
600519.SH,20100730,13087674.6,13087674.6
600520.SH,20100730,174533.76,174533.76
600521.SH,20100730,657549.7269,657549.7269
600522.SH,20100730,673686.3,673686.3
600523.SH,20100730,542643.5502,264030.7403
600525.SH,20100730,691239.8447,691239.8447
600526.SH,20100730,219520.0,219520.0
600527.SH,20100730,264161.3117,264161.3117
600528.SH,20100730,1396454.4,1396454.4
600358.SH,20100730,244512.0,244512.0
601668.SH,20100730,11490000.0,4596000.0
601678.SH,20100730,814440.0,203610.0
601688.SH,20100730,8327200.0,1166642.6159
601699.SH,20100730,4277715.156,4277715.156
601727.SH,20100730,9527954.6084,1579384.6289
601766.SH,20100730,6393600.0,1620000.0
601788.SH,20100730,5872124.0,893360.0
601801.SH,20100730,1126580.0,136180.0
601808.SH,20100730,5803458.12,645474.18
601857.SH,20100730,196015467.2431,4284000.0
601866.SH,20100730,4498003.125,899600.625
601872.SH,20100730,1582796.33,1582796.33
601877.SH,20100730,2010000.0,210000.0
601888.SH,20100730,2007280.0,501820.0
601898.SH,20100730,13059783.449,1502453.399
601899.SH,20100730,9001070.3329,3915154.5606
000602.SZ,20100730,299992.5,296732.88
000801.SZ,20100730,243382.4242,169137.9917
000802.SZ,20100730,190561.3895,116360.3577
000803.SZ,20100730,108060.3355,76367.8312
000806.SZ,20100730,352404.3408,351228.4857
000807.SZ,20100730,1093996.7984,542598.8411
000809.SZ,20100730,183655.71,183654.0445
000810.SZ,20100730,173363.065,173363.065
000811.SZ,20100730,448262.6663,341509.6785
000612.SZ,20100730,1015572.4155,1015518.6142
000613.SZ,20100730,204988.3,116873.1227
000615.SZ,20100730,166801.725,166760.1651
000616.SZ,20100730,510514.2324,449291.2977
000912.SZ,20100730,407160.0,185936.4
000913.SZ,20100730,333802.496,333728.7333
000915.SZ,20100730,233970.9757,232612.1514
000916.SZ,20100730,491590.0,185529.531
300064.SZ,20100730,337288.0,84322.0
002390.SZ,20100730,304668.0,76167.0
002391.SZ,20100730,540103.2,136500.0
002392.SZ,20100730,524880.0,131220.0
002393.SZ,20100730,777258.2659,195960.0
002394.SZ,20100730,491592.4,123012.0
002395.SZ,20100730,244338.399,61492.5
002452.SZ,20100730,295000.0,59000.0
002453.SZ,20100730,345360.0,69072.0
002388.SZ,20100730,363525.0,91700.0
002389.SZ,20100730,391280.0,99280.0
002310.SZ,20100730,1265804.8575,366487.5
002311.SZ,20100730,733241.6,183310.4
002312.SZ,20100730,294567.0,74700.0
002414.SZ,20100730,881700.0,176340.0
002415.SZ,20100730,3576500.0,286120.0
002416.SZ,20100730,1972213.4,159920.0
002417.SZ,20100730,258720.0,51744.0
002418.SZ,20100730,260260.0,52416.0
002419.SZ,20100730,1453163.2,145570.56
002420.SZ,20100730,502453.0,63151.2
002421.SZ,20100730,246948.0,50656.0
002422.SZ,20100730,2597040.0,519408.0
002423.SZ,20100730,408717.78,55489.6
002424.SZ,20100730,617694.0,124379.2
002425.SZ,20100730,271780.0,54864.0
002426.SZ,20100730,587401.47,47061.36
002427.SZ,20100730,287300.8768,57702.4
300088.SZ,20100730,364201.0,73130.4
300089.SZ,20100730,201200.0,40240.0
601390.SH,20100730,9819253.9,2155175.0
601398.SH,20100730,143962124.3612,108164772.0156
601518.SH,20100730,524102.4,266283.2418
601588.SH,20100730,1424249.46,1125180.0
601600.SH,20100730,14728167.3144,4281191.0132
600833.SH,20100730,171457.7927,171457.7927
600834.SH,20100730,619164.3308,619164.3308
600835.SH,20100730,1101490.2347,868605.1311
600836.SH,20100730,343351.8956,343351.8956
600837.SH,20100730,8384149.7824,4856414.0607
600838.SH,20100730,392864.3414,392864.3414
600559.SH,20100730,390040.0,249212.8847
600560.SH,20100730,171759.744,171759.744
600561.SH,20100730,178480.764,178480.764
600562.SH,20100730,320127.9423,251832.1097
600563.SH,20100730,579375.0,579375.0
600565.SH,20100730,402480.0,265508.0064
600566.SH,20100730,112633.326,112614.255
600567.SH,20100730,281539.4933,272840.0004
600704.SH,20100730,742645.6149,633705.747
600706.SH,20100730,78600.0969,74411.1378
600707.SH,20100730,1220070.7313,680332.4928
600708.SH,20100730,384819.17,266623.0499
600710.SH,20100730,490089.6,490089.6
600711.SH,20100730,132795.3264,107518.0392
600712.SH,20100730,191314.2528,162356.9889
600873.SH,20100730,225673.3173,225673.3173
600874.SH,20100730,909144.5099,692564.5099
600875.SH,20100730,4713078.72,2235443.1308
600876.SH,20100730,418015.2503,209015.2503
600877.SH,20100730,694154.8604,694154.8604
600731.SH,20100730,178394.6122,177508.2994
600732.SH,20100730,234599.1076,234599.1076
600733.SH,20100730,367509.96,140616.0
600734.SH,20100730,217614.6459,132365.0547
600735.SH,20100730,202309.5452,109067.5279
600736.SH,20100730,546572.16,532153.44
600737.SH,20100730,1224825.9473,981225.9473
600738.SH,20100730,272498.9785,229246.9145
600739.SH,20100730,2461707.5219,2461707.5219
600740.SH,20100730,320751.9,259024.1738
600741.SH,20100730,2423041.7642,1381263.5668
600742.SH,20100730,493484.0922,493484.0922
600743.SH,20100730,674054.3557,152494.65
600744.SH,20100730,311701.824,207780.4211
600745.SH,20100730,257316.6683,73617.8761
600603.SH,20100730,129826.1606,129826.1606
600749.SH,20100730,185130.0,185130.0
600750.SH,20100730,954202.68,954202.68
601009.SH,20100730,2800862.1184,2800862.1184
601088.SH,20100730,47237848.5806,4275000.0
601099.SH,20100730,1794956.1387,309600.3362
600629.SH,20100730,403231.79,129536.8795
600630.SH,20100730,328842.8761,328842.8761
600634.SH,20100730,97148.9133,97148.9133
600635.SH,20100730,1144829.369,1144829.369
600636.SH,20100730,288893.5229,288893.5229
600637.SH,20100730,484863.3543,484863.3543
600638.SH,20100730,596517.3192,596517.3192
600639.SH,20100730,933046.972,659633.6175
600640.SH,20100730,439902.822,226221.2544
600760.SH,20100730,228504.918,182565.9144
600761.SH,20100730,504733.6305,504733.6305
600763.SH,20100730,176993.28,176993.28
600764.SH,20100730,259495.1364,259495.1364
600765.SH,20100730,1105542.5472,532235.55
600766.SH,20100730,132310.9415,58882.6125
600767.SH,20100730,173233.1725,173182.3725
600768.SH,20100730,107131.5072,75884.1119
600769.SH,20100730,213737.004,213737.004
600770.SH,20100730,898576.8,818910.0
600771.SH,20100730,156037.4003,106477.1808
600263.SH,20100730,492616.5431,492616.5431
600265.SH,20100730,124088.8,124088.8
600266.SH,20100730,1027767.0,1027767.0
600268.SH,20100730,539895.9855,504981.0
600269.SH,20100730,1466635.6048,1466635.6048
600270.SH,20100730,738873.0835,269968.642
600271.SH,20100730,1680588.0,1680588.0
600272.SH,20100730,208008.0,136960.0
600273.SH,20100730,441000.0,301000.0
600275.SH,20100730,278333.9692,278333.9692
600276.SH,20100730,3130382.326,3111413.3159
600277.SH,20100730,937110.465,270867.3
600278.SH,20100730,347200.0,172240.1966
600279.SH,20100730,281377.6627,185709.2406
600259.SH,20100730,740219.2,330213.9725
600260.SH,20100730,318166.92,318166.92
600261.SH,20100730,607686.7118,480864.9251
600178.SH,20100730,522612.48,522612.48
600180.SH,20100730,145825.2365,75580.7015
600298.SH,20100730,1097483.0251,973240.4
600299.SH,20100730,524798.3902,272622.9362
600300.SH,20100730,1078440.0,1035870.0
600301.SH,20100730,150259.6615,150259.6615
600302.SH,20100730,230442.5295,230442.5295
600303.SH,20100730,316572.0,273096.825
600305.SH,20100730,192759.4,192759.4
600306.SH,20100730,214479.2573,182942.4518
600307.SH,20100730,1963851.5635,838656.0
600308.SH,20100730,681726.1399,591364.1447
600309.SH,20100730,2744501.76,2744501.76
600310.SH,20100730,404138.15,344379.75
600487.SH,20100730,465966.6,465966.6
600488.SH,20100730,426168.6288,426168.6288
600489.SH,20100730,4538236.389,2160416.8148
600490.SH,20100730,166320.0,166320.0
600491.SH,20100730,492752.0,492752.0
600493.SH,20100730,140250.0,140250.0
600495.SH,20100730,307073.808,276167.088
600496.SH,20100730,406350.0,362250.0
600321.SH,20100730,299732.16,213456.516
600322.SH,20100730,547321.5,515203.3428
600337.SH,20100730,408483.216,321541.632
600338.SH,20100730,225149.9995,225149.9995
600339.SH,20100730,486175.5332,422546.722
600340.SH,20100730,161310.3893,161310.3893
600343.SH,20100730,516996.6063,516996.6063
600345.SH,20100730,263934.0,263934.0
600346.SH,20100730,176610.0,176610.0
600316.SH,20100730,1960859.9938,1543500.0
600317.SH,20100730,705738.5555,301142.0426
600318.SH,20100730,170368.0,170368.0
600319.SH,20100730,193774.716,193774.716
600320.SH,20100730,3209305.3409,1862294.3573
600389.SH,20100730,187902.0,100647.144
600390.SH,20100730,207904.95,207904.95
600391.SH,20100730,266662.2227,145828.2575
600392.SH,20100730,303960.6,303960.6
600393.SH,20100730,211200.0,203579.2
600395.SH,20100730,2271834.5205,548333.6695
600396.SH,20100730,295300.2,245353.6019
600262.SH,20100730,196010.0,76098.0
600359.SH,20100730,469944.0,469944.0
600360.SH,20100730,389635.2,324118.7254
600361.SH,20100730,482383.8784,482383.8784
600362.SH,20100730,8896199.6586,1039693.7225
600365.SH,20100730,177100.0,177100.0
600366.SH,20100730,624125.3475,624125.3475
600367.SH,20100730,246355.2,130238.14
600368.SH,20100730,399668.8677,399668.8677
600369.SH,20100730,2484530.2034,495117.7034
600380.SH,20100730,1121148.9288,1121148.9288
600381.SH,20100730,170043.12,170043.12
600382.SH,20100730,249816.7646,216112.2874
600383.SH,20100730,3223957.6804,2831280.48
600385.SH,20100730,81903.2528,78953.9191
600386.SH,20100730,422553.6,422553.6
600387.SH,20100730,332818.2,332313.93
600388.SH,20100730,594386.1,594386.1
600398.SH,20100730,312309.7697,239580.4083
600399.SH,20100730,291200.0,130180.3434
600400.SH,20100730,244420.4583,129675.8439
600403.SH,20100730,257483.34,241121.34
600405.SH,20100730,213904.38,213904.38
600406.SH,20100730,2198107.08,2198107.08
600423.SH,20100730,400545.5555,400545.5555
600425.SH,20100730,776884.9725,776884.9725
600426.SH,20100730,680664.75,680664.75
600428.SH,20100730,1003784.4968,1003784.4968
600429.SH,20100730,541620.0,388620.0
600432.SH,20100730,1703355.2382,1481312.8449
600433.SH,20100730,306306.0,222768.0
600435.SH,20100730,1048481.28,401637.9587
600436.SH,20100730,597100.0,271390.48
600438.SH,20100730,565828.96,565828.96
600439.SH,20100730,727954.344,727954.344
600444.SH,20100730,120960.0,92755.9987
600446.SH,20100730,150084.48,150084.48
600448.SH,20100730,164377.2,164377.2
600452.SH,20100730,212960.0,102979.4114
600455.SH,20100730,95310.908,75869.314
600456.SH,20100730,869136.714,423248.071
600458.SH,20100730,762843.4688,476697.8003
600459.SH,20100730,301796.235,301796.235
600460.SH,20100730,775025.44,775025.44
600461.SH,20100730,211260.0,211260.0
600462.SH,20100730,167935.4,167935.4
600463.SH,20100730,176652.0,176652.0
600466.SH,20100730,145925.5462,145925.5462
600792.SH,20100730,132031.35,132031.35
600654.SH,20100730,415273.7347,415273.7347
600655.SH,20100730,1992128.2587,1992128.2587
600656.SH,20100730,139331.5723,78074.5769
600657.SH,20100730,1182826.103,385699.1103
600658.SH,20100730,584738.1812,168359.3453
600660.SH,20100730,2103135.6486,1851042.1104
600661.SH,20100730,147972.6549,147972.6549
600773.SH,20100730,574553.588,192411.7363
600774.SH,20100730,120806.1671,118924.7727
600775.SH,20100730,512876.745,323390.745
600776.SH,20100730,645584.0329,491384.0329
600777.SH,20100730,459060.6868,459060.6868
600778.SH,20100730,422382.2733,417364.775
600779.SH,20100730,1010801.0492,611024.3463
600780.SH,20100730,532493.9966,396284.3674
600808.SH,20100730,2795347.2705,2166293.6805
600809.SH,20100730,2112236.8449,2112236.8449
600810.SH,20100730,447145.08,447145.08
600811.SH,20100730,993416.0029,739677.8714
600812.SH,20100730,1018291.7824,1018291.7824
600814.SH,20100730,252651.7791,252651.7791
600815.SH,20100730,770761.024,770761.024
600818.SH,20100730,438338.0595,282573.78
600819.SH,20100730,563062.5631,418687.5616
600820.SH,20100730,734988.3897,734988.3897
600821.SH,20100730,245181.9845,245181.9845
600746.SH,20100730,234105.9893,232760.9391
600747.SH,20100730,648175.995,441123.1483
600499.SH,20100730,1197354.9783,1179939.2748
600500.SH,20100730,1462028.5937,1462028.5937
600501.SH,20100730,342893.971,181706.9568
600502.SH,20100730,247841.88,247841.88
600503.SH,20100730,558991.0,112007.02
600505.SH,20100730,323371.3725,323371.3725
600506.SH,20100730,141207.7706,141207.7706
600507.SH,20100730,628361.5712,523939.0712
600508.SH,20100730,1634788.116,1634788.116
600509.SH,20100730,674711.787,674711.787
600510.SH,20100730,841663.0166,269809.6301
600511.SH,20100730,1087354.8,630528.2204
600512.SH,20100730,311725.8975,311725.8975
600513.SH,20100730,114426.0,114426.0
600515.SH,20100730,239994.6924,203158.0964
600516.SH,20100730,955471.1898,460756.6651
600830.SH,20100730,473404.3024,379624.3024
600831.SH,20100730,547662.258,547662.258
600832.SH,20100730,2826279.0332,2826279.0332
600894.SH,20100730,493279.0261,493279.0261
600895.SH,20100730,1596698.9261,1596698.9261
600896.SH,20100730,388318.9364,388318.9364
600897.SH,20100730,508361.67,508361.67
600900.SH,20100730,13563000.0,6053265.2655
600839.SH,20100730,1178789.2906,1176059.0165
600841.SH,20100730,729109.487,399703.487
600843.SH,20100730,424198.0043,193671.1605
600844.SH,20100730,1279273.6754,960870.7807
600845.SH,20100730,731398.7112,485966.7112
600846.SH,20100730,346742.6416,325872.169
600847.SH,20100730,134319.9,134319.9
600848.SH,20100730,408470.4885,298860.642
600850.SH,20100730,310935.267,310935.267
600851.SH,20100730,648189.4436,396416.6811
600853.SH,20100730,238879.4078,238879.4078
600854.SH,20100730,340245.3424,340245.3424
600855.SH,20100730,389748.528,310625.064
600856.SH,20100730,153814.6777,153814.6777
600969.SH,20100730,251690.4608,110602.8
600970.SH,20100730,1680944.5365,1339027.2
600971.SH,20100730,1071537.3096,387911.8365
600973.SH,20100730,256932.0,256932.0
600975.SH,20100730,168378.7367,168378.7367
600976.SH,20100730,233319.2706,233015.0706
600978.SH,20100730,599783.6426,489847.8007
600979.SH,20100730,165303.0207,165303.0207
600963.SH,20100730,536760.6905,433409.9998
600965.SH,20100730,178538.6684,178538.6684
600966.SH,20100730,402652.2641,312803.6166
600967.SH,20100730,246679.52,234361.92
600887.SH,20100730,2574618.5778,2344092.9702
600888.SH,20100730,577024.1831,560634.1831
600889.SH,20100730,200516.2418,200516.2418
600890.SH,20100730,404857.2526,229370.3444
600825.SH,20100730,915321.7566,621168.294
600826.SH,20100730,467193.3679,467193.3679
600828.SH,20100730,615782.2967,613766.0638
600829.SH,20100730,686201.5065,686201.5065
600891.SH,20100730,229437.4142,121913.0126
600892.SH,20100730,113056.875,81396.5621
600800.SH,20100730,310525.6919,226747.5003
600801.SH,20100730,749081.6,180100.5773
600802.SH,20100730,269220.9345,269220.9345
600803.SH,20100730,311395.992,248760.6784
600804.SH,20100730,1274263.8781,1100047.8781
600805.SH,20100730,609262.275,607944.3937
600806.SH,20100730,527894.6164,197001.4604
600807.SH,20100730,259008.4428,133177.7015
600980.SH,20100730,207090.0,207090.0
600981.SH,20100730,309147.7935,185488.6761
600982.SH,20100730,135576.0,135576.0
600983.SH,20100730,626373.0,231245.9078
600984.SH,20100730,122870.608,122870.608
600985.SH,20100730,144828.0,103211.5119
600986.SH,20100730,234353.5259,234353.5259
600987.SH,20100730,324008.1,225711.72
600988.SH,20100730,114982.0212,71534.2905
600990.SH,20100730,513441.6,513441.6
600991.SH,20100730,483368.6499,483368.6499
600992.SH,20100730,134125.92,134125.92
600993.SH,20100730,530030.4957,528644.9703
600995.SH,20100730,347410.1664,244664.3232
600997.SH,20100730,1853194.64,1075555.1431
601179.SH,20100730,3032472.0,909672.0
601186.SH,20100730,9462894.3305,1879150.0
601188.SH,20100730,520462.8,264434.0526
601268.SH,20100730,1706900.0,303000.0
600822.SH,20100730,515315.8576,290146.4094
600823.SH,20100730,1669268.952,682134.712
600824.SH,20100730,562147.7722,562147.7722
601328.SH,20100730,36906324.7571,19506489.9956
601333.SH,20100730,2656326.375,2016539.3625
601369.SH,20100730,1919546.2002,191954.6202
000020.SZ,20100730,265322.0697,60600.9407
601288.SH,20100730,88623529.461,2876580.675
601299.SH,20100730,4448800.0,1340000.0
601601.SH,20100730,20029400.0,6244523.0516
601607.SH,20100730,3208155.7742,1331354.8834
601618.SH,20100730,8083530.0,1480500.0
601628.SH,20100730,67580909.655,49789060.23
601666.SH,20100730,3138533.1446,3138533.1446
601918.SH,20100730,2246369.818,1272000.3068
600865.SH,20100730,341626.2069,239361.2868
600866.SH,20100730,586761.4477,586761.4477
600867.SH,20100730,593946.3219,388892.163
600868.SH,20100730,586527.9418,586527.9418
600869.SH,20100730,209880.0,209880.0
600870.SH,20100730,206175.2055,206175.2055
600871.SH,20100730,3296000.0,164800.0
600872.SH,20100730,623766.9229,623766.9229
601998.SH,20100730,23380973.0883,15824206.033
601999.SH,20100730,651732.0901,175084.0
600028.SH,20100730,77165249.7189,62230615.3989
600029.SH,20100730,5914636.013,1108500.0
600030.SH,20100730,12750389.1948,12635009.1948
600031.SH,20100730,5537378.7292,5126904.0
600033.SH,20100730,1103248.8,538578.5059
600035.SH,20100730,587872.7243,587872.7243
600036.SH,20100730,31329236.101,25651222.045
600037.SH,20100730,1537523.3021,1537523.3021
600038.SH,20100730,833929.2,416515.8751
600039.SH,20100730,266912.0,266912.0
600048.SH,20100730,6016963.2205,5910651.0395
600050.SH,20100730,11636931.4209,11636931.4209
600051.SH,20100730,293328.0,293328.0
600052.SH,20100730,488201.8921,488201.8921
600053.SH,20100730,301672.14,301672.14
600020.SH,20100730,819755.6299,532561.5506
600021.SH,20100730,943625.0123,943625.0123
600186.SH,20100730,549066.5688,424306.5809
600187.SH,20100730,297120.3,88530.0
600188.SH,20100730,8774425.6,642165.4288
600189.SH,20100730,244674.0,244674.0
600190.SH,20100730,782455.4724,522933.9804
600191.SH,20100730,331208.556,331208.556
600192.SH,20100730,313724.664,190834.5744
600054.SH,20100730,923374.65,230417.58
600055.SH,20100730,372294.0,372294.0
600056.SH,20100730,454309.5211,454309.5211
600058.SH,20100730,1804025.7266,1804025.7266
600059.SH,20100730,706595.132,369723.4632
600060.SH,20100730,1152646.781,985066.781
600061.SH,20100730,457831.497,457831.497
600083.SH,20100730,150880.0,132268.7775
600104.SH,20100730,13063369.2952,13063369.2952
600105.SH,20100730,406478.6073,406478.6073
600106.SH,20100730,475202.937,475202.937
600107.SH,20100730,388800.0,388361.1474
600089.SH,20100730,2996225.3302,2996225.3302
600090.SH,20100730,301323.7331,301323.7331
600091.SH,20100730,190473.716,190473.716
600093.SH,20100730,202174.5825,202174.5825
600095.SH,20100730,285398.2164,285398.2164
600096.SH,20100730,997304.9649,536724.1256
600000.SH,20100730,17195630.8793,15434871.3851
600004.SH,20100730,1169550.0,1032255.0
600080.SH,20100730,145015.5392,145015.5392
600081.SH,20100730,333000.72,333000.72
600329.SH,20100730,986237.8325,711600.5825
600330.SH,20100730,494607.456,494607.456
600331.SH,20100730,1276584.0,752096.0
600332.SH,20100730,820630.8,598092.0
600333.SH,20100730,395983.9953,185945.5953
600335.SH,20100730,339151.3988,202145.1752
600336.SH,20100730,239748.308,239045.308
600122.SH,20100730,716489.422,460204.532
600123.SH,20100730,1681612.8,1681612.8
600125.SH,20100730,1471222.7267,1029753.0855
600126.SH,20100730,451349.0475,221161.033
600127.SH,20100730,419233.9051,419233.9051
600128.SH,20100730,298341.9075,298341.9075
600129.SH,20100730,381216.342,381216.342
600130.SH,20100730,333312.0,333312.0
600131.SH,20100730,275252.3346,198225.3011
600132.SH,20100730,1761171.1895,1761171.1895
600133.SH,20100730,481680.0472,335671.5569
600135.SH,20100730,339264.0,244337.04
600136.SH,20100730,95461.816,95324.716
600137.SH,20100730,142715.4192,142715.4192
600138.SH,20100730,686573.55,550302.1872
600139.SH,20100730,560311.4928,277380.2659
600141.SH,20100730,554798.681,527899.68
600143.SH,20100730,1353208.5,639313.4711
600145.SH,20100730,286285.23,176601.0625
600548.SH,20100730,1083842.852,712335.352
600549.SH,20100730,1436931.86,1436931.86
600550.SH,20100730,2590624.0,1269405.76
600551.SH,20100730,760002.5072,270450.0
600552.SH,20100730,247455.0,247455.0
600553.SH,20100730,408500.0,405318.0
600555.SH,20100730,634804.5,474094.5
600557.SH,20100730,630504.0577,465857.8653
600558.SH,20100730,259348.6113,258069.5315
600568.SH,20100730,188773.1244,96919.1244
600569.SH,20100730,916781.1593,772984.154
600570.SH,20100730,994881.888,994881.888
600571.SH,20100730,196111.319,196111.319
600572.SH,20100730,464616.0,241873.3522
600573.SH,20100730,287500.0,161957.022
600718.SH,20100730,1745639.0164,465420.8915
600719.SH,20100730,149904.1518,149904.1518
600720.SH,20100730,778839.8245,778678.8585
600721.SH,20100730,164787.0517,101340.7055
600722.SH,20100730,209024.32,209024.32
600713.SH,20100730,369678.5024,253414.1635
600529.SH,20100730,412065.5577,412065.5577
600530.SH,20100730,287040.0,287040.0
600531.SH,20100730,362263.1569,362263.1569
600532.SH,20100730,118790.1,118790.1
600533.SH,20100730,579600.0,579600.0
600535.SH,20100730,1509384.0,1509384.0
600536.SH,20100730,478245.3296,341818.187
600537.SH,20100730,612350.508,612350.508
600538.SH,20100730,151614.288,151614.288
600539.SH,20100730,166750.0,88130.3671
600540.SH,20100730,280354.6171,280354.6171
600543.SH,20100730,373462.56,372163.4797
600545.SH,20100730,814997.6483,598553.3321
600009.SH,20100730,2559000.8189,1452136.6552
600011.SH,20100730,7715445.4016,1842056.5331
600012.SH,20100730,986872.95,693532.0
300081.SZ,20100730,227867.0,46253.6
300082.SZ,20100730,802440.0,160488.0
300083.SZ,20100730,294500.0,58900.0
300084.SZ,20100730,179840.0,35968.0
300085.SZ,20100730,164400.0,32880.0
300086.SZ,20100730,537100.0,107420.0
300087.SZ,20100730,184852.8,37110.6
600022.SH,20100730,1226348.64,1226348.64
600026.SH,20100730,3292202.0451,2038970.0451
600027.SH,20100730,2667807.1748,1808482.1428
600171.SH,20100730,480424.9421,480424.9421
600172.SH,20100730,206896.0,193768.6032
600173.SH,20100730,559088.6917,271167.4755
600175.SH,20100730,531512.3722,375578.9178
600176.SH,20100730,751782.528,751782.528
600177.SH,20100730,2705333.2094,1954840.6176
600015.SH,20100730,6143340.357,4658104.0
600016.SH,20100730,14933535.7397,12626469.7343
600017.SH,20100730,996667.3464,831990.7464
600018.SH,20100730,8669200.4545,8669200.4545
600019.SH,20100730,11470391.4976,11470391.4976
600207.SH,20100730,256520.0,256520.0
600208.SH,20100730,2812438.416,2811699.6509
600209.SH,20100730,307307.8183,156633.75
600210.SH,20100730,839053.9163,839053.9163
600211.SH,20100730,164648.77,81653.73
600212.SH,20100730,249196.5427,249196.5427
600213.SH,20100730,245300.0,245300.0
600215.SH,20100730,247540.5792,247540.5792
600588.SH,20100730,1814342.8067,1747183.2824
600589.SH,20100730,447687.12,396738.0
600590.SH,20100730,606949.1741,606949.1741
600592.SH,20100730,307800.0,307800.0
600593.SH,20100730,128800.0,128800.0
600594.SH,20100730,447293.34,447293.34
600595.SH,20100730,1497754.0474,1497754.0474
600596.SH,20100730,814342.375,576827.2661
600597.SH,20100730,907488.4198,450544.9041
600598.SH,20100730,2248765.0849,2248765.0849
600599.SH,20100730,201978.0,201978.0
600600.SH,20100730,4682506.3675,965347.2422
600601.SH,20100730,1022819.3011,1022819.3011
600602.SH,20100730,850383.7345,637690.1473
600604.SH,20100730,417473.053,245807.328
600619.SH,20100730,521976.4036,275885.5231
600620.SH,20100730,277840.124,277840.124
600621.SH,20100730,370002.1398,370002.1398
600622.SH,20100730,500931.9031,500931.9031
600623.SH,20100730,1576136.8034,1134943.7809
600624.SH,20100730,281991.6636,281991.6636
600626.SH,20100730,331446.6477,331446.6477
600628.SH,20100730,691339.051,587700.3366
600641.SH,20100730,594138.9973,594138.9973
600642.SH,20100730,2421511.3261,2421511.3261
600643.SH,20100730,768719.0053,716675.679
600644.SH,20100730,286323.0749,286323.0749
600787.SH,20100730,629236.9837,293602.0544
600789.SH,20100730,479799.7669,335629.8454
600790.SH,20100730,471507.4499,348369.0813
600751.SH,20100730,387221.9725,81499.7898
600753.SH,20100730,97664.0,78704.5686
600754.SH,20100730,1268012.0355,940100.0355
600755.SH,20100730,869138.207,695241.2726
600216.SH,20100730,1426690.2,1426432.2127
600217.SH,20100730,346920.0,343560.0
600218.SH,20100730,261578.2,261578.2
600219.SH,20100730,1779422.1354,762417.3354
600220.SH,20100730,977270.4986,746993.025
600221.SH,20100730,2500047.4824,2027187.564
600222.SH,20100730,267234.1541,267234.1541
600232.SH,20100730,200959.9177,200959.9177
600233.SH,20100730,266310.0,158928.966
600234.SH,20100730,100066.1064,81230.2816
600235.SH,20100730,222046.2,222046.2
600236.SH,20100730,1101457.1153,544721.5045
600663.SH,20100730,3632645.38,2641473.38
600664.SH,20100730,2405764.6012,1569550.3388
600665.SH,20100730,414058.7081,414058.7081
600666.SH,20100730,201748.3922,201748.3922
600667.SH,20100730,316920.5496,249320.5496
600668.SH,20100730,221589.9852,221358.3307
600671.SH,20100730,157460.0983,157384.6492
600673.SH,20100730,1155143.636,333562.4401
600674.SH,20100730,1253846.5027,735760.708
600781.SH,20100730,214887.3654,138478.0217
600782.SH,20100730,883434.7734,203033.0628
600783.SH,20100730,773761.4861,420537.8331
600784.SH,20100730,223724.4926,180516.6754
600785.SH,20100730,674359.0913,674359.0913
600677.SH,20100730,294533.6375,252820.9909
600678.SH,20100730,192293.49,153495.2256
600679.SH,20100730,385445.4316,198401.4316
600680.SH,20100730,486955.0793,96865.0062
600682.SH,20100730,341122.2441,286207.9329
600683.SH,20100730,510395.7643,291707.1643
600684.SH,20100730,187226.4264,187226.4264
600685.SH,20100730,951264.9863,648588.6323
600686.SH,20100730,335931.1966,335584.8649
600687.SH,20100730,105190.6187,105190.6187
002081.SZ,20100730,1114625.448,992601.0
002082.SZ,20100730,286552.0,151464.4522
002083.SZ,20100730,897189.727,374085.5724
002084.SZ,20100730,204985.4767,204985.4767
002086.SZ,20100730,297253.15,281933.7637
002087.SZ,20100730,275843.208,110742.0183
002088.SZ,20100730,379747.4122,323460.1785
002089.SZ,20100730,439464.1856,275814.7523
002090.SZ,20100730,283152.0,248026.1644
002091.SZ,20100730,741000.0,580248.8506
000792.SZ,20100730,3321956.4,1691154.5005
000793.SZ,20100730,852803.1252,852325.8214
000795.SZ,20100730,196251.2,196245.7364
000796.SZ,20100730,150637.1712,124416.6084
000797.SZ,20100730,282353.019,242426.6455
000798.SZ,20100730,261633.645,261617.3543
000799.SZ,20100730,444877.4,301827.4882
000800.SZ,20100730,2835105.0,2459252.4335
000972.SZ,20100730,549540.7951,477735.8818
002124.SZ,20100730,188238.0,117299.9299
002125.SZ,20100730,114834.2,114830.659
002126.SZ,20100730,250800.0,224968.553
002127.SZ,20100730,310288.9369,141613.1283
002004.SZ,20100730,652608.0,489140.1278
002005.SZ,20100730,590163.2,560492.5717
002006.SZ,20100730,180000.0,104100.75
002007.SZ,20100730,2795745.6896,2795563.3854
002008.SZ,20100730,891218.432,782925.3709
002009.SZ,20100730,266539.0513,184372.4599
002010.SZ,20100730,335974.23,206861.9552
000585.SZ,20100730,406117.05,283273.35
000586.SZ,20100730,119545.92,90407.22
000589.SZ,20100730,305192.478,305157.3708
000590.SZ,20100730,158159.1431,157989.1964
000591.SZ,20100730,208327.2173,208327.2173
000592.SZ,20100730,328322.2374,120237.5398
000593.SZ,20100730,169512.3496,169358.4646
000594.SZ,20100730,599002.5287,236225.6739
000812.SZ,20100730,231144.0867,231112.1715
000813.SZ,20100730,428151.168,428150.9948
000617.SZ,20100730,308817.1008,308815.2471
000619.SZ,20100730,389160.0,389160.0
000623.SZ,20100730,1715487.0462,1515893.2036
000625.SZ,20100730,2360542.4792,1544618.744
000626.SZ,20100730,184275.0,183714.0906
000603.SZ,20100730,194261.7,78866.9632
000605.SZ,20100730,101428.8,44880.0
000606.SZ,20100730,227339.616,220275.1057
000607.SZ,20100730,341900.1285,341858.9938
000608.SZ,20100730,616428.74,436903.94
000609.SZ,20100730,270670.734,264154.926
000631.SZ,20100730,763222.1197,166772.5128
000656.SZ,20100730,258043.1861,223404.8141
000659.SZ,20100730,465287.8256,330354.3562
000661.SZ,20100730,551571.594,551559.729
000662.SZ,20100730,188632.926,188630.6977
000663.SZ,20100730,178631.8067,147031.2882
000665.SZ,20100730,240142.0569,164358.1131
000666.SZ,20100730,500550.2,188468.1321
000667.SZ,20100730,1046873.2638,1046873.2638
000668.SZ,20100730,178412.8964,84832.9961
000669.SZ,20100730,166879.02,136880.2102
000671.SZ,20100730,495805.1297,279327.2702
000673.SZ,20100730,187896.24,77356.8658
000676.SZ,20100730,154776.6559,151446.7999
000677.SZ,20100730,463092.1801,430970.7373
000678.SZ,20100730,212562.3367,212559.7478
000679.SZ,20100730,289872.0,289784.7773
000682.SZ,20100730,511579.351,412826.4418
000680.SZ,20100730,1005893.0023,842092.4928
000692.SZ,20100730,164112.5566,164090.465
000695.SZ,20100730,214372.3751,144894.5088
000697.SZ,20100730,116259.7482,82602.3371
000698.SZ,20100730,541961.393,362569.9208
000700.SZ,20100730,182335.724,182335.724
000701.SZ,20100730,279891.25,228936.9903
000702.SZ,20100730,153314.8812,153309.1157
000713.SZ,20100730,378810.0,378805.5791
000715.SZ,20100730,382238.22,380937.394
000716.SZ,20100730,171663.9351,164765.4018
000717.SZ,20100730,699530.7278,472631.5416
002134.SZ,20100730,171603.1381,171603.1381
002135.SZ,20100730,225000.0,187469.1563
002136.SZ,20100730,116959.44,112714.992
002137.SZ,20100730,292646.25,288957.4594
002138.SZ,20100730,368444.466,315641.795
002139.SZ,20100730,298200.0,201114.2077
002140.SZ,20100730,568136.4882,548514.2166
002141.SZ,20100730,139030.64,67342.9663
002142.SZ,20100730,3122500.0,3090606.1917
002143.SZ,20100730,158092.5,69763.1136
002144.SZ,20100730,264237.5448,105943.1298
002145.SZ,20100730,154090.0,80984.838
002146.SZ,20100730,1708851.2,297592.9558
002147.SZ,20100730,267110.4,160233.21
002148.SZ,20100730,257947.2,162180.9753
002149.SZ,20100730,334940.34,139534.5
002150.SZ,20100730,190777.5,60884.1
002151.SZ,20100730,378897.7,95609.7
002152.SZ,20100730,1154727.981,508314.9769
000731.SZ,20100730,332893.44,332802.3785
000733.SZ,20100730,374951.64,374950.7658
000735.SZ,20100730,695304.28,695105.0467
000736.SZ,20100730,326021.6918,119167.4468
000546.SZ,20100730,248496.4982,214385.1
000547.SZ,20100730,265658.2865,212631.9723
000548.SZ,20100730,355940.8732,283620.6587
000550.SZ,20100730,2072576.814,1238849.8645
000778.SZ,20100730,1418484.9648,1000679.1629
000779.SZ,20100730,183644.4047,157710.7298
000780.SZ,20100730,1108636.8121,427755.4274
000782.SZ,20100730,206706.2708,206703.4102
000783.SZ,20100730,2633706.6467,1342393.5448
000785.SZ,20100730,233636.1791,233512.9021
000786.SZ,20100730,836843.25,836750.6523
000788.SZ,20100730,403786.6501,236071.7256
000789.SZ,20100730,308413.562,292781.2904
000790.SZ,20100730,381877.9926,367196.353
000791.SZ,20100730,139860.0,139842.3325
002177.SZ,20100730,352113.8985,104131.0506
002178.SZ,20100730,127200.0,60248.28
002179.SZ,20100730,524923.875,273379.4719
002180.SZ,20100730,159894.918,40299.0
002182.SZ,20100730,257472.0,137284.7945
002183.SZ,20100730,724577.6618,309311.511
002184.SZ,20100730,295240.0,112815.0636
002185.SZ,20100730,356061.42,223049.97
002186.SZ,20100730,405144.72,154920.06
002187.SZ,20100730,476081.9973,163502.0
002188.SZ,20100730,150384.0,102715.7154
002189.SZ,20100730,240283.44,109831.4427
002190.SZ,20100730,407917.4016,128668.1088
002191.SZ,20100730,670890.0,191098.5648
002192.SZ,20100730,349632.0,174572.784
002193.SZ,20100730,252160.0,129660.3568
002194.SZ,20100730,799355.44,202663.811
002195.SZ,20100730,138270.86,59731.0844
000837.SZ,20100730,365456.0448,365373.7653
000838.SZ,20100730,151858.7651,72562.7306
000839.SZ,20100730,1878380.7881,1877757.1716
000848.SZ,20100730,769848.3,769435.1393
000850.SZ,20100730,490076.6947,262516.1238
000851.SZ,20100730,314257.6,239738.1956
000627.SZ,20100730,688977.2418,545439.2418
000628.SZ,20100730,228478.68,195274.0435
000629.SZ,20100730,4793078.3807,2660085.4892
000630.SZ,20100730,2121459.4967,913799.1029
000836.SZ,20100730,200068.5061,174639.8903
000860.SZ,20100730,846382.2,448547.9418
000861.SZ,20100730,709736.489,215057.978
000862.SZ,20100730,285898.68,285898.68
000868.SZ,20100730,341702.13,297311.1367
000869.SZ,20100730,4663791.6,1200926.337
000875.SZ,20100730,408641.7,321428.9438
000898.SZ,20100730,6366630.9054,1591132.5795
000899.SZ,20100730,388006.656,168429.5466
000900.SZ,20100730,786356.823,786272.0086
000901.SZ,20100730,323463.9856,286513.9174
000902.SZ,20100730,184212.0,184212.0
000903.SZ,20100730,402026.6,251346.35
002211.SZ,20100730,310570.3068,96597.8071
002212.SZ,20100730,359682.0,90751.521
002213.SZ,20100730,205794.0,92291.0666
002214.SZ,20100730,303400.0,186896.184
002215.SZ,20100730,625172.5,182861.2019
002216.SZ,20100730,583440.0,149323.2
002217.SZ,20100730,236586.024,184921.3887
002218.SZ,20100730,609984.0,152496.0
002219.SZ,20100730,405916.4,101696.4
002220.SZ,20100730,403564.0,139581.3437
002221.SZ,20100730,215340.0,101015.8
002222.SZ,20100730,182970.0,100028.9334
002223.SZ,20100730,958936.16,234124.8
002224.SZ,20100730,184881.6,47469.6
002225.SZ,20100730,608533.6041,84474.0
002226.SZ,20100730,322187.1465,199079.8053
002227.SZ,20100730,330182.505,83627.5
002236.SZ,20100730,843520.509,293893.2107
002229.SZ,20100730,190264.0,55153.9662
002230.SZ,20100730,659874.645,343342.0481
002231.SZ,20100730,191797.5,48397.5
002232.SZ,20100730,387829.2119,165278.528
002233.SZ,20100730,472400.0,142015.25
002234.SZ,20100730,152972.5,71640.935
002243.SZ,20100730,281295.162,114547.4624
002244.SZ,20100730,1480440.0,321289.644
002245.SZ,20100730,243139.2,87815.5406
002246.SZ,20100730,253300.5107,66896.3674
002241.SZ,20100730,1029600.0,257400.0
002242.SZ,20100730,1107182.25,277832.25
002428.SZ,20100730,597856.0,121856.0
002429.SZ,20100730,1176158.2825,111507.2
002430.SZ,20100730,1024555.0,145124.0
002431.SZ,20100730,839880.0,167976.0
002432.SZ,20100730,303800.0,60760.0
002250.SZ,20100730,720885.308,282532.7377
002251.SZ,20100730,650215.8,198446.853
002252.SZ,20100730,721280.0,180320.0
002253.SZ,20100730,261031.68,117660.0298
002254.SZ,20100730,626757.04,382056.1093
002255.SZ,20100730,533183.0,124684.7
002256.SZ,20100730,188755.2,114858.624
002258.SZ,20100730,360755.2668,108342.8147
002259.SZ,20100730,195951.0,77876.6158
002260.SZ,20100730,158496.0,39624.0
002261.SZ,20100730,440137.4108,225749.1365
002262.SZ,20100730,489528.0,181504.5706
002263.SZ,20100730,364188.3746,93203.5795
002264.SZ,20100730,292584.0,103101.0938
002265.SZ,20100730,245625.944,71257.8262
002266.SZ,20100730,433865.7,200729.925
002267.SZ,20100730,912611.5216,179500.0
002268.SZ,20100730,299456.1505,174951.5468
002269.SZ,20100730,2060250.0,215250.0
002270.SZ,20100730,237310.5,59531.5
002271.SZ,20100730,442234.32,155915.3702
002272.SZ,20100730,249344.1,58811.874
002273.SZ,20100730,392276.04,230211.0932
002274.SZ,20100730,280037.7715,110151.6014
002275.SZ,20100730,1015598.0,229528.2149
002276.SZ,20100730,557600.0,192334.0832
002277.SZ,20100730,797223.6,470608.488
002278.SZ,20100730,339762.3331,86056.8
002279.SZ,20100730,273032.084,68436.9
002280.SZ,20100730,263755.0,66555.0
000008.SZ,20100730,81534.1013,81534.0016
000009.SZ,20100730,1086387.5269,1067013.7363
000011.SZ,20100730,574523.8447,134706.7553
000012.SZ,20100730,2477670.4115,1169632.7816
000014.SZ,20100730,270890.0661,270888.3672
000016.SZ,20100730,658573.0691,328150.7755
000017.SZ,20100730,304895.4147,64228.863
000422.SZ,20100730,908483.2371,908361.7963
000423.SZ,20100730,2582077.0281,2581136.5553
000031.SZ,20100730,1474563.7875,1474547.1414
000032.SZ,20100730,211440.8026,211399.8009
000033.SZ,20100730,226299.2084,226299.2084
000035.SZ,20100730,86553.7851,49271.5071
000036.SZ,20100730,499006.1441,499006.1441
000037.SZ,20100730,359849.2698,202320.4087
000039.SZ,20100730,3517025.1834,1626543.555
000040.SZ,20100730,297252.5994,231664.4278
000042.SZ,20100730,410439.6506,410152.4767
000043.SZ,20100730,271008.6554,135097.2731
000045.SZ,20100730,311797.728,248773.1961
000046.SZ,20100730,2251312.0134,442878.8842
000048.SZ,20100730,175845.902,170931.3476
000889.SZ,20100730,215756.7208,215635.9125
002042.SZ,20100730,503137.54,159260.6832
002043.SZ,20100730,145119.0,140101.4035
002044.SZ,20100730,129350.0,93908.1
002045.SZ,20100730,495837.824,364803.6359
002046.SZ,20100730,275845.68,164221.2
002047.SZ,20100730,239988.6935,239988.6935
002056.SZ,20100730,776190.1,776184.1497
000066.SZ,20100730,889106.7168,888926.7558
000068.SZ,20100730,503929.3628,342175.1202
000069.SZ,20100730,4207525.2391,1745145.2315
000070.SZ,20100730,219500.0,208695.649
000078.SZ,20100730,756259.5362,755163.2358
000088.SZ,20100730,841620.0,274562.4051
000155.SZ,20100730,290930.0,290930.0
000157.SZ,20100730,4474294.1804,3796474.6047
000158.SZ,20100730,620377.043,620377.043
000159.SZ,20100730,655792.8577,655792.8577
000301.SZ,20100730,626173.5327,626173.5327
000338.SZ,20100730,5840483.2835,2534583.3897
000400.SZ,20100730,1036843.552,723733.5413
000401.SZ,20100730,2207242.5175,2205298.8758
000595.SZ,20100730,179968.3472,179950.0275
000596.SZ,20100730,1296965.0,965825.0
000597.SZ,20100730,556795.0767,501924.2351
000598.SZ,20100730,909275.1128,434038.5388
000599.SZ,20100730,290754.9768,290744.5395
000601.SZ,20100730,484063.5229,434238.7402
000402.SZ,20100730,2382311.8097,2381806.296
000404.SZ,20100730,346652.7408,242936.5855
000407.SZ,20100730,346590.0299,344265.0321
000002.SZ,20100730,9115029.2707,8004902.6804
000089.SZ,20100730,992172.7584,383384.5006
000090.SZ,20100730,533352.0394,509186.8015
000096.SZ,20100730,310464.0,300344.0778
000099.SZ,20100730,409852.8,218674.2929
000100.SZ,20100730,1201204.8379,1145803.9073
000150.SZ,20100730,208656.0,107525.0633
000151.SZ,20100730,441306.18,397417.0548
000917.SZ,20100730,726198.2097,569580.0419
000918.SZ,20100730,1771716.053,141408.0
000919.SZ,20100730,478296.0,242776.6581
000920.SZ,20100730,328738.0,328738.0
000737.SZ,20100730,268892.4,268279.7491
000738.SZ,20100730,445138.2,227701.9116
000739.SZ,20100730,189214.2006,189179.6257
000748.SZ,20100730,294065.1791,294065.1791
000751.SZ,20100730,760441.3043,760422.1538
000752.SZ,20100730,281166.5514,281138.3749
000753.SZ,20100730,259051.8441,204875.9614
000755.SZ,20100730,346317.2903,346287.6825
000756.SZ,20100730,329722.5504,221560.8536
000758.SZ,20100730,883571.04,588923.251
000759.SZ,20100730,802243.327,801543.2451
000939.SZ,20100730,860769.28,570120.4998
000948.SZ,20100730,249292.326,161528.6528
000949.SZ,20100730,382079.7537,352543.8095
000950.SZ,20100730,522751.7322,253715.625
000951.SZ,20100730,954612.438,624096.6592
000952.SZ,20100730,263787.3776,263751.2195
000953.SZ,20100730,171142.5923,86978.4392
000955.SZ,20100730,147747.6,123355.1844
000957.SZ,20100730,198674.6234,198649.3093
000958.SZ,20100730,133270.825,87535.7667
000959.SZ,20100730,1062016.3284,431801.7426
000960.SZ,20100730,1484046.232,802718.6054
000961.SZ,20100730,1331336.7176,360006.3
000962.SZ,20100730,547430.4,547420.4897
000963.SZ,20100730,1054765.7781,598787.7064
000965.SZ,20100730,563562.4633,141025.5
000973.SZ,20100730,773656.7945,650275.3096
000975.SZ,20100730,351330.0931,217917.4182
000976.SZ,20100730,295667.9692,205990.1333
000977.SZ,20100730,245315.0,245315.0
000978.SZ,20100730,364061.1,122834.7752
002113.SZ,20100730,129529.6,125617.4899
002114.SZ,20100730,327624.264,327624.264
002115.SZ,20100730,314544.96,240630.5228
002116.SZ,20100730,211584.0,90127.0074
002117.SZ,20100730,255200.0,255200.0
000502.SZ,20100730,161347.5169,160046.3322
000503.SZ,20100730,688348.0052,522926.6984
000504.SZ,20100730,281351.2326,279905.1684
000505.SZ,20100730,215506.429,182024.8629
000506.SZ,20100730,491605.2322,156005.8234
000507.SZ,20100730,319467.6109,280800.6576
000509.SZ,20100730,214008.4616,129085.0431
000510.SZ,20100730,445921.4099,445868.3817
000511.SZ,20100730,482719.7806,482711.0992
000514.SZ,20100730,790076.4501,786755.4357
000516.SZ,20100730,374545.3535,284653.1552
000517.SZ,20100730,819329.3861,94613.0845
000518.SZ,20100730,605379.0585,605366.9875
000519.SZ,20100730,322858.4304,264096.7557
000520.SZ,20100730,358952.2652,355984.9511
000521.SZ,20100730,433084.1676,275982.4573
000522.SZ,20100730,578812.2522,578782.9188
000523.SZ,20100730,224701.4958,122589.0158
000524.SZ,20100730,355429.9946,355427.1187
000525.SZ,20100730,434650.4439,428723.0803
000526.SZ,20100730,119281.9327,119281.9327
000527.SZ,20100730,4305966.0809,4300994.3618
000528.SZ,20100730,1481067.7239,1481031.7041
000538.SZ,20100730,3804580.3049,3448264.781
000021.SZ,20100730,1556747.7816,1555115.6929
000880.SZ,20100730,427955.775,209459.25
000881.SZ,20100730,272157.1104,268593.1729
000882.SZ,20100730,341250.6962,172192.4839
000885.SZ,20100730,300022.2185,79119.2853
000886.SZ,20100730,677347.3855,645025.9879
000887.SZ,20100730,677483.7765,677483.7765
000888.SZ,20100730,436508.928,304031.6792
000998.SZ,20100730,564933.6,564930.8752
000999.SZ,20100730,2403199.5,872115.2188
001696.SZ,20100730,1114991.6811,838535.8025
001896.SZ,20100730,238650.0,238647.9188
002001.SZ,20100730,1577722.64,1434464.4828
002002.SZ,20100730,124836.712,91934.8683
002003.SZ,20100730,470823.0608,279567.8905
000852.SZ,20100730,382382.0,124240.5598
000856.SZ,20100730,149366.0,86902.441
000858.SZ,20100730,10545195.5482,10543957.2852
000859.SZ,20100730,287608.32,198429.0156
002019.SZ,20100730,307926.74,200205.5005
002020.SZ,20100730,130796.4,103763.0665
002021.SZ,20100730,284344.3008,284344.3008
002022.SZ,20100730,752692.2975,667880.7683
002023.SZ,20100730,373987.2128,317243.9412
002024.SZ,20100730,8745264.8325,5892318.225
002025.SZ,20100730,368940.0,215018.6356
002026.SZ,20100730,140400.0,95647.5
002373.SZ,20100730,196406.98,50155.0
002374.SZ,20100730,164031.0,41391.0
002375.SZ,20100730,953720.0,239560.0
002376.SZ,20100730,554250.0,140410.0
002377.SZ,20100730,216782.0,54702.0
002378.SZ,20100730,1130912.2391,113563.0
002379.SZ,20100730,293725.0,73905.0
300046.SZ,20100730,279826.56,70902.0
000545.SZ,20100730,151439.1558,111022.6533
000551.SZ,20100730,313035.6802,313003.4347
000552.SZ,20100730,259156.59,148811.135
000553.SZ,20100730,513149.6621,314392.7589
000554.SZ,20100730,379345.9295,286130.6236
000555.SZ,20100730,85733.7853,85733.7853
000557.SZ,20100730,352672.8739,339032.7573
000558.SZ,20100730,283621.1176,95210.5329
000559.SZ,20100730,1441290.7412,836682.8153
000560.SZ,20100730,122976.0,122969.0414
000561.SZ,20100730,292882.5956,226876.2846
002027.SZ,20100730,172331.0161,108966.2833
002028.SZ,20100730,1099639.68,742853.0274
002029.SZ,20100730,905280.0,905255.664
002030.SZ,20100730,344972.3904,330434.4112
002031.SZ,20100730,257050.851,120619.0425
002032.SZ,20100730,1194911.64,282749.7849
002033.SZ,20100730,246604.8618,152414.9175
002034.SZ,20100730,93288.0,93288.0
002035.SZ,20100730,196730.0135,196730.0135
002036.SZ,20100730,225507.5235,211907.8284
002037.SZ,20100730,272349.22,272349.22
000897.SZ,20100730,795697.9391,795567.6123
002048.SZ,20100730,651643.86,486177.1088
002049.SZ,20100730,170910.0,104623.825
002050.SZ,20100730,667656.0,173895.8457
002051.SZ,20100730,733400.0,733400.0
002052.SZ,20100730,404995.0985,251359.4808
002053.SZ,20100730,223207.1747,223207.1747
002054.SZ,20100730,442927.0778,322724.2252
002055.SZ,20100730,249834.2932,244093.4189
000908.SZ,20100730,197120.0,90941.2015
000909.SZ,20100730,210504.0,210504.0
000910.SZ,20100730,455232.5,455232.5
000911.SZ,20100730,527990.88,527990.88
000921.SZ,20100730,1020957.2815,212811.2469
000923.SZ,20100730,171864.0,83550.7574
000925.SZ,20100730,595767.7106,220118.5
000926.SZ,20100730,753998.3883,556306.4479
000927.SZ,20100730,1457989.0543,1457986.2574
000928.SZ,20100730,228016.594,228014.9772
000929.SZ,20100730,160130.292,160130.292
002071.SZ,20100730,134150.58,131337.5709
002072.SZ,20100730,114576.0,114576.0
002073.SZ,20100730,1262762.865,890381.7276
002074.SZ,20100730,166519.08,151405.6635
002076.SZ,20100730,203619.097,106601.2826
002079.SZ,20100730,258336.0,258300.9
002080.SZ,20100730,560700.0,560700.0
002281.SZ,20100730,508480.0,127120.0
002282.SZ,20100730,245361.0,61411.0
002283.SZ,20100730,450240.0,112560.0
002284.SZ,20100730,379275.52,95136.0
002285.SZ,20100730,670860.8,167715.2
300005.SZ,20100730,281802.0,71502.0
002348.SZ,20100730,297332.0,76342.0
002349.SZ,20100730,216000.0,54000.0
002350.SZ,20100730,334610.4,84434.4
002351.SZ,20100730,516999.0,130129.0
002352.SZ,20100730,216758.7223,54307.5
002353.SZ,20100730,1031639.73,260565.0
002354.SZ,20100730,191488.0,48128.0
300090.SZ,20100730,255272.17,51200.0
300091.SZ,20100730,252806.4,50803.2
300092.SZ,20100730,165893.0,33543.2
300093.SZ,20100730,231360.0,46272.0
300094.SZ,20100730,432960.0,86592.0
300095.SZ,20100730,262724.0,53227.2
300096.SZ,20100730,243380.0,49808.0
300097.SZ,20100730,168780.0,33756.0
300098.SZ,20100730,263271.6,52654.32
300008.SZ,20100730,222425.28,55606.32
300009.SZ,20100730,309657.6,77414.4
300010.SZ,20100730,271129.275,68330.25
300011.SZ,20100730,371448.48,93990.0
002433.SZ,20100730,280600.0,56120.0
002434.SZ,20100730,495890.0,99178.0
002436.SZ,20100730,366599.4,73333.008
002437.SZ,20100730,799960.0,159992.0
002438.SZ,20100730,294320.0,58864.0
002439.SZ,20100730,321460.9454,65100.0
002440.SZ,20100730,831900.0,166537.92
002441.SZ,20100730,550536.0,110107.2
002442.SZ,20100730,308000.0,61600.0
002443.SZ,20100730,305982.0,61425.6
002444.SZ,20100730,697378.5,139750.8
300076.SZ,20100730,372908.0,95971.04
300077.SZ,20100730,1317568.0,263513.6
300078.SZ,20100730,446153.0,113203.0
300079.SZ,20100730,581280.0,145320.0
300080.SZ,20100730,582540.0,116508.0
300065.SZ,20100730,212167.829,53045.5
300066.SZ,20100730,256880.0,64220.0
300067.SZ,20100730,208543.0,52623.0
300056.SZ,20100730,200304.0,50076.0
300057.SZ,20100730,374736.0,94128.0
300058.SZ,20100730,376800.0,94200.0
300059.SZ,20100730,744800.0,186200.0
300061.SZ,20100730,124200.0,31050.0
300062.SZ,20100730,197813.0,51380.0
300071.SZ,20100730,158319.377,39767.0
300072.SZ,20100730,381979.29,98175.0
300073.SZ,20100730,462320.0,115580.0
300074.SZ,20100730,267120.0,66780.0
300075.SZ,20100730,275800.0,68950.0
002383.SZ,20100730,594480.0,148620.0
002384.SZ,20100730,977440.0,244360.0
002385.SZ,20100730,1490575.2,226115.2
002386.SZ,20100730,743165.7282,185880.0
002387.SZ,20100730,574984.5,144284.5
002404.SZ,20100730,254584.5,51107.6
002405.SZ,20100730,1404005.3631,157158.4
002406.SZ,20100730,492371.0,99000.8
002407.SZ,20100730,516917.0,104349.6
002408.SZ,20100730,724431.96,145132.0
002409.SZ,20100730,318225.6,64288.0
002410.SZ,20100730,657000.0,131400.0
002411.SZ,20100730,359136.0,72829.44
002412.SZ,20100730,263440.0,54112.0
002413.SZ,20100730,272685.0,54908.0
300045.SZ,20100730,230547.0,58497.0
600084.SH,20100730,639026.3277,232504.6353
600085.SH,20100730,1234879.1051,1234879.1051
600086.SH,20100730,372714.009,188688.7497
300047.SZ,20100730,282315.4,72873.0
300048.SZ,20100730,460560.0,115140.0
300049.SZ,20100730,234802.0,60287.0
300050.SZ,20100730,734400.0,190400.0
300051.SZ,20100730,231227.0,58347.0
300052.SZ,20100730,294450.0,73612.5
300053.SZ,20100730,272800.0,68200.0
300054.SZ,20100730,309720.0,77430.0
300055.SZ,20100730,807664.0,201916.0
002365.SZ,20100730,312290.0,78490.0
002366.SZ,20100730,273675.0,68675.0
002367.SZ,20100730,423729.0,106329.0
002368.SZ,20100730,416594.0564,105425.0
002369.SZ,20100730,327900.0,81975.0
002370.SZ,20100730,228360.0,57090.0
002371.SZ,20100730,350480.0,89291.52
002372.SZ,20100730,505786.4,126546.4
300037.SZ,20100730,476685.0,120285.0
300038.SZ,20100730,216563.05,54395.0
300039.SZ,20100730,583072.0,145768.0
300040.SZ,20100730,268771.5,69660.0
300041.SZ,20100730,407207.7587,104890.0
300042.SZ,20100730,227721.2,57271.2
300043.SZ,20100730,224136.0,56034.0
300044.SZ,20100730,221800.0,55450.0
002323.SZ,20100730,255562.88,64848.0
002324.SZ,20100730,398925.0,103425.0
002325.SZ,20100730,422250.0,105562.5
002326.SZ,20100730,658288.5,165188.5
002327.SZ,20100730,496099.5,125229.0
002328.SZ,20100730,563700.0,140925.0
002329.SZ,20100730,302061.0,76221.0
002330.SZ,20100730,448537.0,112581.0
001872.SZ,20100730,841416.6677,606550.6955
001914.SZ,20100730,271008.6554,135097.2731
